title,content,description,publication date,url,id,tema
AI Impact Summit 2026: How big is India's creator economy?,"India is hosting the AI Impact Summit, and at its centre is a dedicated pavilion named “WAVES Creators Corner”. Why is the government paying so much attention to creators and the creator economy?
The media and entertainment industry is changing like ... [2454 chars]",The media and entertainment industry is changing like never before.,2026-02-17T11:20:53Z,https://www.indiatoday.in/diu/story/ai-impact-summit-2026-how-big-is-indias-creator-economy-2869624-2026-02-17,,
"Tamannaah Bhatia's MahaShivratri was all about meditation, dance, devotion & music","Mumbai, Feb 17 Bollywood beauty Tamannaah Bhatia celebrated the auspicious occasion of MahaShivratri in the company of fellow devotees, surrounded by dance, music, and inner peace.
Tamannaah attended the grand Mahashivratri celebration at the Isha Yo... [1972 chars]","Tamannaah Bhatia's MahaShivratri was all about meditation, dance, devotion & music - Mumbai, Feb 17 Bollywood beauty Tamannaah Bhatia celebrated the auspicious occasion of MahaShivratri in the company of fellow ... Get Latest News on Entertainment only on lokmattimes.com",2026-02-17T11:10:17Z,https://www.lokmattimes.com/entertainment/tamannaah-bhatias-mahashivratri-was-all-about-meditation-dance-devotion-music/,,
"Aamir Khan NOT Playing Mediator Between Ranveer Singh, Farhan Akhtar Amid Don 3 Fight","Last Updated:February 17, 2026, 16:26 IST
Earlier today, it was reported that Aamir Khan recently held a meeting at his residence in Mumbai to address the ongoing dispute between Ranveer Singh and Excel Entertainment.
Hours after it was reported that... [1989 chars]","Earlier today, it was reported that Aamir Khan recently held a meeting at his residence in Mumbai to address the ongoing dispute between Ranveer Singh and Excel Entertainment.",2026-02-17T10:56:34Z,https://www.news18.com/movies/bollywood/aamir-khan-not-playing-mediator-between-ranveer-singh-farhan-akhtar-amid-don-3-fight-ws-kl-9909905.html,,
Don 3 Controversy: Aamir Khan Refuses Playing Peacemaker In Ranveer Singh And Farhan Akhtar's Dispute,"Earlier today, it was reported that Aamir Khan played mediator between Ranveer Singh and Excel Studio. The actor who is a member of the Producers Guild of India invited the producers, including Karan Johar (Dharma Productions), Sajid Nadiadwala (Nadi... [1600 chars]","Don 3 Controversy: A day ago, several producers were snapped leaving Aamir Khan's residence late at night, hinting they visited the actor's house to discuss the matter between Ranveer Singh and Farhan Akhtar's Excel Entertainment.",2026-02-17T10:53:40Z,https://www.republicworld.com/entertainment/bollywood/don-3-controversy-aamir-khan-refuses-playing-peacemaker-in-ranveer-singh-and-farhan-akhtar-s-dispute,,
"“When You Say the Truth From Your Heart, It Resonates”: Taapsee Pannu on Authenticity, Responsibility with the Anticipation Around ASSI","Taapsee Pannu has long been the firebrand of Indian cinema, championing social message films like Pink, Thappad, Mulk, Badla and Rashmi Rocket that tackle women's rights, domestic violence, and societal taboos head-on. Far from chasing commercial blo... [1429 chars]","“When You Say the Truth From Your Heart, It Resonates”: Taapsee Pannu on Authenticity, Responsibility with the Anticipation Around ASSI - Taapsee Pannu has long been the firebrand of Indian cinema, championing social message films like Pink, Thappad, Mulk, Badla ... Get Latest News on Entertainment only on lokmattimes.com",2026-02-17T10:52:45Z,https://www.lokmattimes.com/entertainment/when-you-say-the-truth-from-your-heart-it-resonates-taapsee-pannu-on-authenticity-responsibility-with-the-anticipation-around-assi-a475/,,
"If I Like Someone, in My Head, I’ve Already Married Her: Elvish Yadav Opens Up About Marriage and Love Life",Elvish Yadav who has done many reality show recently opened up about his love life. Elvish who is very private when it comes to personal life revealed that he is committed in relationship and that he believes in dating with the intention of marriage.... [1905 chars],"If I Like Someone, in My Head, I’ve Already Married Her: Elvish Yadav Opens Up About Marriage and Love Life - Elvish Yadav who has done many reality show recently opened up about his love life. Elvish who is very ... Get Latest News on Entertainment only on lokmattimes.com",2026-02-17T10:39:14Z,https://www.lokmattimes.com/entertainment/if-i-like-someone-in-my-head-ive-already-married-her-elvish-yadav-opens-up-about-marriage-and-love-life-a510/,,
Bhagyashree swears by this 'magic water' for better immunity & healthy skin,"Mumbai, Feb 17 Veteran actress Bhagyashree keeps on sharing helpful tips that can play a crucial role in one's journey towards a healthy lifestyle on a regular basis.
In her latest social media update, Bhagyashree shared the recipe for her ""magic wat... [2004 chars]","Bhagyashree swears by this 'magic water' for better immunity & healthy skin - Mumbai, Feb 17 Veteran actress Bhagyashree keeps on sharing helpful tips that can play a crucial role in one's ... Get Latest News on Entertainment only on lokmattimes.com",2026-02-17T10:38:14Z,https://www.lokmattimes.com/entertainment/bhagyashree-swears-by-this-magic-water-for-better-immunity-healthy-skin/,,
I’ve Lived Mariam: Shalini Pandey on Finding Her Own Small,"Shalini Pandey has played a range of characters over the years, but she describes Mariam in Prime Video’s latest Prime Original Bandwaale as her most personal role yet. Set in Ratlam, the musical dramedy follows a young poet slowly finding her voice ... [1999 chars]","I’ve Lived Mariam: Shalini Pandey on Finding Her Own Small-Town Truth in Bandwaale - Shalini Pandey has played a range of characters over the years, but she describes Mariam in Prime Video’s latest ... Get Latest News on Entertainment only on lokmattimes.com",2026-02-17T10:35:31Z,https://www.lokmattimes.com/entertainment/ive-lived-mariam-shalini-pandey-on-finding-her-own-small-town-truth-in-bandwaale-a475/,,
Ronit Roy drops truth bombs about art of walking away,"Mumbai, Feb 17 Actor Ronit Roy, who has been a television star and is known for his work in films like ‘Udaan’, ‘2 States’, ‘Ugly’ and several others, is dropping some truth bombs along with a dose of wisdom.
On Tuesday, the actor took to his Instagr... [2826 chars]","Ronit Roy drops truth bombs about art of walking away - Mumbai, Feb 17 Actor Ronit Roy, who has been a television star and is known for his work ... Get Latest News on Entertainment only on lokmattimes.com",2026-02-17T10:34:38Z,https://www.lokmattimes.com/entertainment/ronit-roy-drops-truth-bombs-about-art-of-walking-away/,,
Indonesia's Jakarta to close nightclub and bars during the Ramadan month,"JAKARTA (Bernama): Several entertainment and nightlife premises in Indonesia’s capital will be closed throughout the holy month of Ramadan under a directive issued by Jakarta Provincial Government.
Jakarta Tourism and Creative Economy Agency Head And... [877 chars]",Several entertainment and nightlife premises in Indonesia's capital will be closed throughout the holy month of Ramadan under a directive issued by Jakarta Provincial Government.,2026-02-17T10:19:00Z,https://www.thestar.com.my/aseanplus/aseanplus-news/2026/02/17/indonesia039s-jakarta-to-close-nightclub-and-bars-during-the-ramadan-month,,
What is Chinamaxxing? Gen Z's latest 'viral obsession' swapping K,"Synopsis
The global entertainment landscape is witnessing a seismic shift as ""Chinamaxxing"" takes over social media feeds, challenging the long-standing dominance of Hallyu (Korean Wave) and Japanese pop culture. Following the footprints of K-Pop and... [3163 chars]","The global entertainment landscape is witnessing a seismic shift as ""Chinamaxxing"" takes over social media feeds, challenging the long-standing dominance of Hallyu (Korean Wave) and Japanese pop culture. Following the footprints of K-Pop and J-Dramas, Chinamaxxing is a lifestyle and aesthetic movement where enthusiasts embrace everything from Chinese dramas (C-Dramas) and traditional Tai Chi to ""douyin"" makeup and retro Chinese tracksuits.",2026-02-17T11:54:00Z,https://economictimes.indiatimes.com/news/new-updates/what-is-chinamaxxing-gen-zs-latest-viral-obsession-swapping-k-drama-and-j-pop-for-c-drama-and-tai-chi/articleshow/128462504.cms,,
"Sooraj Barjatya’s OTT production ‘Sangamarmar’ tells story of a woman redefined by a single, pivotal choice","Mumbai, Feb 17 Director-producer Sooraj Barjatya is set to roll out his OTT production ‘Sangamarmar’. The trailer of the series was unveiled on Tuesday, and it promises a multi-generational family drama.
The trailer takes viewers across two distinct ... [2888 chars]","Sooraj Barjatya’s OTT production ‘Sangamarmar’ tells story of a woman redefined by a single, pivotal choice - Mumbai, Feb 17 Director-producer Sooraj Barjatya is set to roll out his OTT production ‘Sangamarmar’. The trailer of ... Get Latest News on Entertainment only on lokmattimes.com",2026-02-17T11:50:34Z,https://www.lokmattimes.com/entertainment/sooraj-barjatyas-ott-production-sangamarmar-tells-story-of-a-woman-redefined-by-a-single-pivotal-choice/,,
Sivakarthikeyan offers prayers at world famous Shiva temple in Tiruvannamalai on birthday,"Chennai, Feb 17 Actor and producer Sivakarthikeyan on Tuesday visited the world famous Shiva temple in Tiruvannamalai along with his family members and offered prayers on the occasion of his birthday.
Video clips of the actor and his wife Aarthy offe... [4111 chars]","Sivakarthikeyan offers prayers at world famous Shiva temple in Tiruvannamalai on birthday - Chennai, Feb 17 Actor and producer Sivakarthikeyan on Tuesday visited the world famous Shiva temple in Tiruvannamalai along ... Get Latest News on Entertainment only on lokmattimes.com",2026-02-17T11:46:53Z,https://www.lokmattimes.com/entertainment/sivakarthikeyan-offers-prayers-at-world-famous-shiva-temple-in-tiruvannamalai-on-birthday/,,
Iconic brand reopens in Exeter eight years after huge store shut,"The world-famous toy retailer is back in Exeter City Centre
Iconic retailer Toys ""R"" Us is set to open a new shop inside an Exeter store - eight years after the brand left the city.
Exeter's Toys ""R"" Us store on Sidmouth Road in the Bishops Court Ind... [1475 chars]",The world-famous toy retailer is back in Exeter City Centre,2026-02-17T12:00:00Z,https://www.devonlive.com/whats-on/shopping/iconic-brand-reopens-exeter-eight-10819086,,
"IRE VS ZIM Latest Update: Washout Likely As Rain Continues To Pour In Pallekele, Cut Off Time Set For 6:10 PM IST","Zimbabwe are nearing a place in the T20 World Cup Super 8 as rain continues to pour down in Pallekele on Tuesday. A washout in the IRE vs ZIM match will all but confirm Sikandar Raza and Co's place in the next round, with Australia set to be knocked ... [927 chars]",Zimbabwe are nearing a place in the T20 World Cup Super 8 as rain continues to pour down in Pallekele on Tuesday. A washout in the IRE vs ZIM match will all but confirm Sikandar Raza and Co,2026-02-17T11:59:26Z,https://www.freepressjournal.in/sports/ire-vs-zim-latest-update-washout-likely-as-rain-continues-to-pour-in-pallekele-cut-off-time-set-for-610-pm-ist,,
Hardik Credits Girlfriend On Rediscovering Love For Cricket: 'When Mahieka Came Into My Life...',"Last Updated:February 17, 2026, 17:28 IST
Hardik Pandya recalls his game-changing last-over against Bangladesh in T20 World Cup 2016, credits Mahieka for reigniting his passion, and reflects on his journey.
India’s star all-rounder Hardik Pandya refl... [3060 chars]","Hardik Pandya recalls his game-changing last-over against Bangladesh in T20 World Cup 2016, credits Mahieka for reigniting his passion, and reflects on his journey.",2026-02-17T11:58:19Z,https://www.news18.com/cricket/hardik-credits-girlfriend-on-rediscovering-love-for-cricket-when-mahieka-came-into-my-life-ws-lno-9910276.html,,
"USA Cricket Team Captain Monank Patel, Milind Kumar and Saurabh Netravalkar Visit Tirumala Temple in Andhra Pradesh Amid T20 World Cup 2026 (VIDEO)","United States National Cricket Team: Members of the United States national cricket team visited the Tirumala Temple in Andhra Pradesh on Tuesday, February 17, amid the ongoing ICC Men’s T20 World Cup 2026. Team captain Monank Patel, along with player... [623 chars]","USA Cricket Team Captain Monank Patel, Milind Kumar and Saurabh Netravalkar Visit Tirumala Temple in Andhra Pradesh Amid T20 World Cup 2026 (VIDEO) - United States National Cricket Team: Members of the United States national cricket team visited the Tirumala Temple in Andhra ... Find Latest cricket articles and live match coverage on www.lokmattimes.com",2026-02-17T11:57:40Z,https://www.lokmattimes.com/cricket/news/usa-cricket-team-captain-monank-patel-milind-kumar-and-saurabh-netravalkar-visit-tirumala-temple-in-andhra-pradesh-amid-t20-world-cup-2026-video-a507/,,
"Jesse Jackson Death: Top 10 Powerful Quotes on hope, dreams and rights that define his legacy","Synopsis
Jesse Jackson Death: As the world mourns the passing of Reverend Jesse Jackson, his words on justice and courage continue to inspire generations
Jesse Jackson Death: The news of Jesse Jackson's passing away at the age of 84 has sparked globa... [5773 chars]","Jesse Jackson Death: As the world mourns the passing of Reverend Jesse Jackson, his words on justice and courage continue to inspire generations",2026-02-17T11:57:00Z,https://economictimes.indiatimes.com/news/international/us/jesse-jackson-death-top-10-powerful-quotes-on-hope-dreams-and-rights-that-define-his-legacy/articleshow/128463474.cms,,
India has to translate research into products to build deep tech ecosystem: Kris Gopalakrishnan,"New Delhi [India], February 17 (ANI): India needs to translate its research into tangible products and technology to develop a robust deep tech ecosystem and achieve its long-term goal of becoming a developed nation by 2047, Kris Gopalakrishnan, Chai... [2242 chars]","India needs to translate its research into tangible products and technology to develop a robust deep tech ecosystem and achieve its long-term goal of becoming a developed nation by 2047, Kris Gopalakrishnan, Chairman of Axilor Ventures and Co-Founder of Infosys, said on the sidelines of the India AI Impact Summit.",2026-02-17T11:59:39Z,https://www.livemint.com/technology/india-has-to-translate-research-into-products-to-build-deep-tech-ecosystem-kris-gopalakrishnan-11771329580542.html,,
Creating a Deep Tech Revolution: India's Path to Becoming a Developed Nation by 2047,"Senior entrepreneur and Axilor Ventures Chairman Kris Gopalakrishnan emphasizes the urgent need for India to convert its research into practical technological advancements. Speaking at the India AI Impact Summit, Gopalakrishnan stated that creating a... [860 chars]","Kris Gopalakrishnan emphasizes the importance of transforming research into tangible technology products to build India's deep tech ecosystem. Encouraging collaboration between academia and industry, attracting global investment, and fostering innovation are crucial steps towards achieving the nation's vision of becoming a developed country by 2047.",2026-02-17T11:59:08Z,https://www.devdiscourse.com/article/business/3808001-creating-a-deep-tech-revolution-indias-path-to-becoming-a-developed-nation-by-2047,,
India has to translate research into products to build deep tech ecosystem: Kris Gopalakrishnan,"New Delhi [India], February 17 (ANI): India needs to translate its research into tangible products and technology to develop a robust deep tech ecosystem and achieve its long-term goal of becoming a developed nation by 2047, Kris Gopalakrishnan, Chai... [2416 chars]","India needs to translate its research into tangible products and technology to develop a robust deep tech ecosystem and achieve its long-term goal of becoming a developed nation by 2047, Kris Gopalakrishnan, Chairman of Axilor Ventures and Co-Founder of Infosys, said on the sidelines of the India AI Impact Summit.",2026-02-17T11:56:39Z,https://www.tribuneindia.com/news/business/india-has-to-translate-research-into-products-to-build-deep-tech-ecosystem-kris-gopalakrishnan/,,
"Mint Mobile Pairs Its 50% Off Unlimited Plan With Samsung Smartphones, $1 Galaxy A16 or $20 Galaxy A17 in Final Days","Trust can be hard to come by when you’re shopping for a cellular provider, but the calculator and the calendar are never wrong, and they’re both saying that now’s the time to make the switch to Mint Mobile’s Unlimited Plan. The calculator says Mint M... [4652 chars]","Your chance to get a full year of unlimited talk, text, and high-speed data on the nation's largest 5G network for a crazy low price is almost gone.",2026-02-17T11:55:14Z,https://gizmodo.com/mint-mobile-pairs-its-50-off-unlimited-plan-with-samsung-smartphones-1-galaxy-a16-or-20-galaxy-a17-in-final-days-2000716351,,
Remembering Jesse Jackson: Tributes pour in for the late civil rights leader,"The death of Rev. Jesse Jackson, the Chicago civil rights leader and political trailblazer who worked alongside Dr. Martin Luther King Jr., has prompted an outpouring of tributes from across the city and the nation. Jackson died Tuesday at the age of... [7251 chars]","The death of Rev. Jesse Jackson, the Chicago civil rights leader and political trailblazer who worked alongside Dr. Martin Luther King Jr., has prompted an outpouring of tributes from across the city and the nation.",2026-02-17T11:36:50Z,https://www.fox4news.com/news/remembering-jesse-jackson-tributes-civil-rights-leader,,
"Kenya airport workers' strike called off, Nation Media Group reports","NAIROBI, Feb 17 (Reuters) - A strike by Kenyan airport workers has been called off after the Kenya Aviation Workers Union (KAWU) reached an agreement with the transport ministry, the Nation Media Group reported on Tuesday.
The KAWU union went on stri... [336 chars]","A strike by Kenyan airport workers has been called off after the Kenya Aviation Workers Union (KAWU) reached an agreement with the transport ministry, the Nation Media Group reported on Tuesday.",2026-02-17T11:35:49Z,https://www.reuters.com/business/world-at-work/kenya-airport-workers-strike-called-off-nation-media-group-reports-2026-02-17/,,
Youth powering nation's march towards becoming third largest economy: Delhi Speaker,"New Delhi, Feb 17 Delhi Legislative Assembly Speaker Vijender Gupta said on Tuesday that the youth are powering a resurgent India that is moving steadily towards becoming the world's third-largest economy.
Addressing the 35th Annual Day and Prize Dis... [2655 chars]","Youth powering nation's march towards becoming third largest economy: Delhi Speaker - New Delhi, Feb 17 Delhi Legislative Assembly Speaker Vijender Gupta said on Tuesday that the youth are powering ... Get Latest News on National only on lokmattimes.com",2026-02-17T11:33:41Z,https://www.lokmattimes.com/national/youth-powering-nations-march-towards-becoming-third-largest-economy-delhi-speaker/,,
Bangladesh's new PM is sworn in after landslide win,"Bangladesh' s new prime minister has been sworn in after his party's landslide win in parliamentary elections, the country's first since the massive 2024 uprising and a vote billed as key to the nation's future political landscape after years of inte... [2376 chars]","Tarique Rahman is officially Bangladesh's prime minister, marking a decisive shift in the South Asian ‌nation after his party's sweeping election victory.",2026-02-17T11:30:36Z,https://www.perthnow.com.au/news/politics/bangladeshs-new-pm-is-sworn-in-after-landslide-win-c-21671652,,
Bangladesh's new PM is sworn in after landslide win,"Bangladesh' s new prime minister has been sworn in after his party's landslide win in parliamentary elections, the country's first since the massive 2024 uprising and a vote billed as key to the nation's future political landscape after years of inte... [4444 chars]","Tarique Rahman is officially Bangladesh's prime minister, marking a decisive shift in the South Asian ‌nation after his...",2026-02-17T11:28:36Z,https://www.canberratimes.com.au/story/9177534/bangladeshs-new-pm-is-sworn-in-after-landslide-win/,,
Jesse Jackson dies at 84: Firebrand preacher gave hope to America’s forgotten,"Born in the “slums” of South Carolina and forever marked by the assassination of Martin Luther King Jr, Jesse Jackson electrified America with his call for a defiant “rainbow coalition” of the poor and excluded, and in death at 84 leaves a nation mou... [11296 chars]","Born in the “slums” of South Carolina and forever marked by the assassination of Martin Luther King Jr, Jesse Jackson electrified America with his call for a defiant “rainbow coalition” of the poor and excluded, and in death at 84 leaves a nation mourning a civil rights giant.",2026-02-17T11:23:49Z,https://www.mirror.co.uk/news/us-news/jesse-jackson-dies-84-firebrand-36734666,,
Feeling hot after eating BBQ? Here’s the science behind ‘meat sweats’,"Texans are known for loving barbecue. But eating too much meat can leave some feeling a flushed, sweaty heat colloquially known as “meat sweats.”
The phenomenon is so widely recognized it has seeped into pop culture. In a 2001 episode of Friends, Mat... [2949 chars]","Texans are known for loving barbecue. But eating too much meat can leave some feeling a flushed, sweaty heat colloquially known as “meat sweats.”",2026-02-17T12:00:01Z,https://www.dallasnews.com/arts-entertainment/lifestyle/2026/02/17/feeling-hot-after-eating-bbq-heres-the-science-behind-meat-sweats/,,
"LSR hosts special speaker session with Irish ambassador, minister","During an insightful engagement at Lady Shri Ram College, Delhi University, Irish Minister Jack Chambers and Ambassador Kevin Kelly celebrated the growing economic interplay between India and Ireland, particularly in light of the recent India-EU Free... [4962 chars]","The Department of Political Science, Lady Shri Ram College for Women (LSR), Delhi University, organised a special speaker session on “India- Ireland R.",2026-02-17T11:58:00Z,https://timesofindia.indiatimes.com/city/delhi/lsr-hosts-special-speaker-session-with-irish-ambassador-minister/articleshow/128463568.cms,,
7 Cool Sasuke Wallpapers For Your Smartphone,"It is very rare in anime to find the aura of Sasuke Uchiha. His journey inspires many fans. His loss, revenge, and redemption can be seen through his eyes, and if you want your smartphone screen to reflect that dark, powerful energy, here are seven c... [2840 chars]","Sasuke Uchiha is one of the characters in the Naruto manga and anime franchise. He is well known for his prodigious, revenge-driven ninja from Konohagakure's Uchiha clan., Technology & Science, Times Now",2026-02-17T11:53:00Z,https://www.timesnownews.com/technology-science/7-cool-sasuke-wallpapers-for-your-smartphone-photo-gallery-153629496,,
Luke Coutinho Introduces Foundational Medicine: A Science,"• Foundational medicine strengthens the biological, emotional, and environmental foundations on which all healing depends, and works alongside treatments, scientific modalities and prescribed medication • This novel approach has been devised by Couti... [7329 chars]","• Foundational medicine strengthens the biological, emotional, and environmental foundations on which all healing depends, and works alongside treatments, scientific modalities and prescribed medication • This novel approach has been devised by Coutinho and Team Luke, supported by a multidisciplinary...",2026-02-17T11:48:41Z,https://www.tribuneindia.com/news/business/luke-coutinho-introduces-foundational-medicine-a-science-backed-approach-supporting-medical-care-recovery/,,
"‘Will buy phone after Advanced is cracked,’ says JEE Main topper Rahul Konar","Rahul Konar from Kolkata scored 98 per cent in his ICSE Class 10 exams, and this was his first attempt at JEE. “There was some exam fear, but my parents assured me that this was not the only exam. I relied on my preparation, which helped boost my con... [1505 chars]","Looking ahead, Rahul’s main focus is JEE Advanced. He is aiming for IIT Bombay’s Computer Science programme, though he acknowledged that his final choice will depend on his rank.",2026-02-17T11:30:26Z,https://indianexpress.com/article/education/jee-main-2026-session-one-topper-rahul-konar-success-story-advanced-10536801/,,
5 Best OnePlus Phones Under Rs 35000 To Buy In February 2026,"Try these five amazing OnePlus smartphones this year if you are looking for a device that will offer a great performance with a decent battery life.
The OnePlus Nord 5 has a dual camera – 50MP wide and 8MP ultrawide – with a 50MP selfie camera. It is... [1474 chars]","If you are planning to upgrade your smartphone this year, then we bring you some amazing recommendations from OnePlus under the budget of Rs 35000. These smartphones strike the perfect balance between camera and performance. , Technology & Science, Times Now",2026-02-17T11:14:44Z,https://www.timesnownews.com/technology-science/5-best-oneplus-phones-under-rs-35000-to-buy-in-february-2026-photo-gallery-153629403,,
Solar Eclipse Effects On Pregnant Women: What Science Says Vs. What Your Elders Believe,"Last Updated:February 17, 2026, 16:27 IST
Cultural caution or scientific concern? Understanding solar eclipse beliefs around pregnancy
Every time a solar eclipse approaches, conversations at home tend to shift in a familiar direction, especially if s... [3087 chars]",Cultural caution or scientific concern? Understanding solar eclipse beliefs around pregnancy,2026-02-17T10:57:48Z,https://www.news18.com/lifestyle/health-and-fitness/solar-eclipse-effects-on-pregnant-women-what-science-says-vs-what-your-elders-believe-9909953.html,,
'Brilliant' series better than Silent Witness is 'addictive',"Fans of Silent Witness are being urged to watch another forensic series that aired on the BBC back in 2021, after the latest episodes were subject to a schedule change.
The crime drama follows three female forensic professionals - Emma Hedges (played... [2787 chars]",The crime drama is set at the fictional Scottish Institute of Forensic Science and Anatomy.,2026-02-17T10:44:00Z,https://www.express.co.uk/showbiz/tv-radio/2171911/brilliant-series-better-silent-witness,,
Alberta's dual-practice model could improve treatment capacity if done right: report,"Article content
Alberta’s legislation allowing physicians to practice in both public and private care settings has drawn mixed reviews, but a new report says the policy could improve the province’s treatment capacity if managed appropriately.
THIS CO... [4299 chars]","Allowing Alberta doctors to move between public and private care may help reduce the backlog for health services, says a report from the Montreal Economic Institute",2026-02-17T12:00:19Z,https://calgaryherald.com/news/local-news/alberta-dual-practice-health-capacity-report/wcm/bb4a7c75-c097-4396-b09b-5c0df1de89e8,,
'Risk to life' warnings issued across UK as temperatures plunge to,"HEALTH officials have issued a number of “risk to life” warnings across the country as bitter Arctic conditions are set to blast the UK.
Brits have been braced for up to six inches of snow in the coming days after temperatures plunged to a bone-chill... [3064 chars]","HEALTH officials have issued a number of ""risk to life"" warnings across the country as bitter Arctic conditions are set to blast the UK.
Brits...",2026-02-17T11:58:34Z,https://www.thesun.co.uk/news/38248091/uk-arctic-blast-snow-risk-life-temperatures-plunge/,,
I suffer from erectile dysfunction and the pills I've been given won't work. What can I do? DR PHILIPPA KAYE reveals sinister hidden health condition behind the problem - and the simple tablet that co,"I suffer from erectile dysfunction and tadalafil doesn’t work. What should I do?
Dr Philippa Kaye answers: It’s not uncommon for tadalafil to be ineffective. The good news is that there are other ways to tackle erectile dysfunction.
The stigmatising ... [4217 chars]",I suffer from erectile dysfunction and tadalafil doesn't work. What should I do?,2026-02-17T11:56:51Z,https://www.dailymail.co.uk/health/article-15566519/erectile-dysfunction-pills-DR-PHILIPPA-KAYE-Viagra-cause-health-condition.html,,
"Abortion Restrictions Increase Deaths Among Expecting And New Moms, Researchers Report","By Dennis Thompson HealthDay ReporterTUESDAY, Feb. 17, 2026 (HealthDay News) — Anti-abortion laws are associated with more deaths among expecting and new mothers, a new study says.
Increased numbers of state-level abortion restrictions in the U.S. ar... [3031 chars]","US News is a recognized leader in college, grad school, hospital, mutual fund, and car rankings. Track elected officials, research health conditions, and find news you can use in politics, business, health, and education.",2026-02-17T11:55:00Z,https://www.usnews.com/news/health-news/articles/2026-02-17/abortion-restrictions-increase-deaths-among-expecting-and-new-moms-researchers-report,,
Former PAK Spinner Backs Calls For Imran Khan's Health And Welfare In Custody: 'Bound By Values Of...',"Kaneria echoed the sentiments of former cricketers who appealed to the Pakistan Government in a bid to ensure the health and welfare of the legendary Imran Khan, who is in custody.
Former Pakistan spinner Danish Kaneria echoed the sentiments of India... [1645 chars]","Kaneria echoed the sentiments of former cricketers who appealed to the Pakistan Government in a bid to ensure the health and welfare of the legendary Imran Khan, who is in custody.",2026-02-17T11:52:07Z,https://www.news18.com/cricket/former-pak-spinner-backs-calls-for-imran-khans-health-and-welfare-in-custody-bound-by-values-of-9909951.html,,
Historic: Zimbabwe Qualifies for Super 8; Australia knocked out of T20 WC 2026; India vs Zimbabwe to be played on this date,"In a monumental turn of events for world cricket, Zimbabwe has officially secured its place in the Super 8 stage of the T20 World Cup 2026. This historic achievement comes at the expense of the 2021 champions, Australia, who have been eliminated from... [1807 chars]","In a monumental turn of events for world cricket, Zimbabwe has officially secured its place in the Super 8 stage of the T20 World Cup 2026.",2026-02-17T12:07:58Z,https://zeenews.india.com/cricket/historic-zimbabwe-qualifies-for-super-8-australia-knocked-out-of-t20-wc-2026-india-vs-zimbabwe-to-be-played-on-this-date-3017985.html,,
India's AI Summit: Leading the Way in Innovation,"India is poised to take the lead in artificial intelligence innovation, as highlighted by the ongoing AI Summit. According to Santhosh Viswanathan, Vice President & Managing Director of Intel's India Region, this event underscores India's power to no... [567 chars]","India's AI Summit showcases the nation's ambition to lead in AI innovation. Key stakeholders, including Intel's Santhosh Viswanathan, emphasize India's unique approach to scalable AI technology. The Summit brings together top minds to explore how AI can benefit everyone across the nation and the world.",2026-02-17T12:07:35Z,https://www.devdiscourse.com/article/technology/3808014-indias-ai-summit-leading-the-way-in-innovation,,
T20 World Cup: Relentless rain ends Ireland and Australia's hopes,"Ireland and Australia have both been eliminated from the T20 World Cup as rain stopped play in the Group B game between the Irish and Zimbabwe at Pallekele Cricket Stadium in Kandy.
Zimbabwe's shock victory over Australia left them needing just a dra... [701 chars]",Ireland and Australia are both eliminated from the T20 World Cup as rain forced the cancellation of the Group B game between the Irish and Zimbabwe.,2026-02-17T12:07:09Z,https://www.bbc.com/sport/cricket/articles/czj1e0m4rk0o,,
"IRE VS ZIM Called Off Due To Rain, Zimbabwe Qualify For Super 8, Australia KNOCKED OUT From ICC T20 WC26","Zimbabwe have qualified for the Super 8 of the ICC T20 World Cup 2026 following the washout of their match against Ireland. Sikandar Raza and Co have leapfrogged Australia to the qualification spot, who were knocked out in the group stage.
Zimbabwe h... [346 chars]","Zimbabwe have qualified for the Super 8 of the ICC T20 World Cup 2026 following the washout of their match against Ireland. Sikandar Raza and Co have leapfrogged Australia to the qualification spot, who were knocked out in the group stage.",2026-02-17T12:06:46Z,https://www.freepressjournal.in/sports/ire-vs-zim-called-off-due-to-rain-zimbabwe-qualify-for-super-8-australia-knocked-out-from-icc-t20-wc26,,
Australia knocked out of T20 World Cup 2026 as Zimbabwe qualify for Super Eight after Ireland washout,"New Delhi:
Australia have been knocked out of the T20 World Cup 2026 in the group stage itself as Zimbabwe have qualified for the Super Eight stage after their crucial clash against Ireland at the Pallekele International Cricket Stadium, Pallekele wa... [765 chars]","Zimbabwe sealed their place in the Super Eight stage of the ICC Men's T20 World Cup 2026 after their rain-affected clash against Ireland at Pallekele International Cricket Stadium was washed out, a result that eliminated Australia and Ireland from the tournament.",2026-02-17T12:06:39Z,https://www.indiatvnews.com/sports/cricket/australia-knocked-out-of-t20-world-cup-2026-as-zimbabwe-qualify-for-super-eight-after-ireland-washout-2026-02-17-1030651,,
Leah Williamson Returns: England's 2027 World Cup Qualifiers Squad Announced,"England captain Leah Williamson is back in the squad for the first time since the team clinched the Euro 2025 title. Manager Sarina Wiegman announced a 25-player lineup Tuesday, preparing for the opening 2027 World Cup qualifiers against Ukraine and ... [578 chars]","Leah Williamson rejoins England's squad for the 2027 World Cup qualifiers after recovering from a knee injury. Manager Sarina Wiegman named a 25-member team to face Ukraine and Iceland. Other returning players include Hannah Hampton, Jess Carter, and Alex Greenwood, while Niamh Charles and Ella Toone remain sidelined due to injuries.",2026-02-17T12:06:25Z,https://www.devdiscourse.com/article/sports-games/3808011-leah-williamson-returns-englands-2027-world-cup-qualifiers-squad-announced,,
"‘We apologise’: Ashwini Vaishnaw admits AI Summit mess, vows smoother experience","Union minister Ashwini Vaishnaw on Tuesday apologised for problems faced by attendees on the opening day of the India AI Impact Summit 2026 on Monday and promised a smoother experience in the coming days.
The “world's largest artificial intelligence ... [3578 chars]","The ‘world's largest artificial intelligence summit’opened to packed halls in Delhi on Monday. Long queues and overcrowding were compounded by unclear instructions. Mobile data connectivity, too, was an issue",2026-02-17T12:06:14Z,https://www.telegraphindia.com/india/we-apologise-ashwini-vaishnaw-admits-ai-summit-mess-vows-smoother-experience/cid/2147759,,
MeitY Secretary calls for measurable outcomes as AI Mission focuses on real-world public impact,"The second day of the India AI Impact Summit 2026 opened with a high-impact session examining the dual imperatives of building people-centric artificial intelligence while strengthening India’s sovereign technological capability.
The session, titled ... [4310 chars]","“We are providing compute, models, and data for one reason only — to build applications with real impact,” Krishnan said.",2026-02-17T12:06:00Z,https://www.devdiscourse.com/article/humor/3807939-meity-secretary-calls-for-measurable-outcomes-as-ai-mission-focuses-on-real-world-public-impact,,
England's Williamson returns in squad for 2027 World Cup qualifiers,Feb 17 - England skipper Leah Williamson is back in the squad for the first time since the country's Euro 2025 triumph in July after manager Sarina Wiegman named 25 players on Tuesday for their opening 2027 World Cup qualifiers against Ukraine and Ic... [1941 chars],Feb 17 - England skipper Leah Williamson is back in the squad for the first time since the country's Euro 2025 triumph in July after manager Sarina Wiegman named 25 players on Tuesday for their opening 2027 World Cup qualifiers against Ukraine and Iceland in March. Read more at straitstimes.com.,2026-02-17T12:05:38Z,https://www.straitstimes.com/sport/football/englands-williamson-returns-in-squad-for-2027-world-cup-qualifiers,,
Ministry of Steel Showcases AI Problem Statements at India AI Impact Summit 2026,"The Ministry of Steel, along with its Central Public Sector Enterprises (CPSEs), is participating in the India AI Impact Summit 2026, being held from 16–20 February 2026 at Bharat Mandapam, New Delhi.
In a significant step toward accelerating technol... [3048 chars]","The problem statements presented at the stall reflect real-world challenges in mining operations, steel production, logistics, energy management, and quality control.",2026-02-17T12:05:30Z,https://www.devdiscourse.com/article/law-order/3807968-ministry-of-steel-showcases-ai-problem-statements-at-india-ai-impact-summit-2026,,
"India must double AI budget to win global Race, says 63SATS Cybertech MD and CEO","New Delhi [India], February 17 (ANI): India must significantly increase its financial commitment to Artificial technology to keep pace with international competitors, says Neehar Pathare, MD, CEO & CIO at 63SATS Cybertech.
While speaking to ANI at th... [1891 chars]","He stated that the nation needs defined budgets and should increase those budgets by at least double those of other countries so that India remains in the AI race. He noted, 'We need to increase our budgets by at least double those of other countries, so that we are in the AI race.'",2026-02-17T12:00:27Z,https://www.tribuneindia.com/news/business/india-must-double-ai-budget-to-win-global-race-says-63sats-cybertech-md-and-ceo/,,
"generated fake prescriptions, seeks PM Modi’s urgent intervention","Chemists’ body raises alarm over AI-generated fake prescriptions, seeks PM Modi’s urgent intervention
The chemists’ association has warned that AI-generated fake prescriptions are enabling illegal access to restricted drugs, posing a “grave threat to... [3133 chars]","AIOCD warned this could worsen existing public health concerns, including antimicrobial resistance and the misuse of habit-forming drugs.",2026-02-17T12:07:59Z,https://www.cnbctv18.com/lifestyle/healthcare/chemists-body-raises-alarm-over-ai-generated-fake-prescriptions-seeks-pm-modis-urgent-intervention-ws-l-19852040.htm,,
Government update on tackling health issue costing England '£47 billion per year',"Wearable devices, artificial intelligence and virtual reality initiatives are all under consideration as part of a programme to address drug and alcohol dependency throughout the UK. Government funding of £20 million in grants is now available to inn... [4445 chars]","Figures suggest that approximately 15,000 people die each year in the UK from this issue",2026-02-17T12:07:17Z,https://www.getsurrey.co.uk/news/health/government-update-tackling-health-issue-33439426,,
"Department of Health update on issue that claims 15,000 lives annually","Wearable technology, artificial intelligence and virtual reality projects are all being considered as part of an initiative to tackle drug and alcohol addiction across the UK. Government funding of £20 million in grants is now being offered to help d... [4379 chars]",Alcohol misuse refers to drinking in a way that is harmful or when a person is dependent on alcohol,2026-02-17T12:06:15Z,https://www.dailystar.co.uk/health/department-health-update-issue-claims-36734588,,
Why Denver Small Businesses Need a Local Tax Advisor,"Share
Share
Share
Share
Email
Running a small business in Denver comes with unique opportunities and challenges. From navigating city regulations to understanding state and federal tax requirements, business owners have a lot to keep track of. One of... [8976 chars]","Running a small business in Denver comes with unique opportunities and challenges. From navigating city regulations to understanding state and federal tax requirements, business owners have a lot to keep track of. One of the most important decisions you can make for your company’s financial health is partnering with a local tax advisor. As someone […]",2026-02-17T12:04:34Z,https://techbullion.com/why-denver-small-businesses-need-a-local-tax-advisor/,,
AtaiBeckley To Participate in Upcoming Investor Conferences,"NEW YORK, Feb. 17, 2026 (GLOBE NEWSWIRE) -- AtaiBeckley Inc. (NASDAQ: ATAI) (""AtaiBeckley” or ""Company”), a clinical-stage biotechnology company on a mission to transform patient outcomes by developing rapid-acting, durable and convenient mental heal... [2240 chars]","NEW YORK, Feb. 17, 2026 (GLOBE NEWSWIRE) -- AtaiBeckley Inc. (NASDAQ: ATAI) ('AtaiBeckley” or 'Company”), a clinical-stage biotechnology company on a mission to transform patient outcomes by developing rapid-acting, durable and convenient mental health treatments, today announced that Srinivas Rao, M.D., Ph.D., Co-Founder and Chief Executive Officer, and Jason Awe, Ph.D., Vice President of Investor Relations, will participate in fireside chats and host one-on-one meetings at the following investor conferences in March.",2026-02-17T12:03:33Z,https://www.manilatimes.net/2026/02/17/tmt-newswire/globenewswire/ataibeckley-to-participate-in-upcoming-investor-conferences/2279345,,
Opinion: ‘The next pandemic won’t scare us. That should scare us’,"Oooh, I love a good pandemic. The hope of a little chaos, variety; the chance a few of one’s more irritating enemies might sweatily gasp their last.
Our species has had a good run, destroyed the planet and is fast running out of ideas. Surely time it... [4561 chars]","Columnist Melissa Todd discusses how Covid broke trust in public health, leaving even serious warnings about the Nipah virus filtered through memes…",2026-02-17T12:02:55Z,https://www.kentonline.co.uk/kent/news/the-next-pandemic-won-t-scare-us-that-should-scare-us-336558/,,
US HHS Deputy Secretary and Acting CDC Chief Jim O'Neill to Leave Posts,"Health and Human Services Deputy Secretary Jim O'Neill will leave his current role as part of a larger shakeup of health department leadership, Politico reported on Friday, citing two HHS officials and a person familiar with the personnel decision.
O... [1003 chars]","Health and Human Services Deputy Secretary Jim O'Neill will leave his current role as part of a larger shakeup of health department leadership, Politico reported on Friday, citing two HHS officials and a person familiar with the personnel decision.",2026-02-17T12:02:34Z,https://www.newsmax.com/politics/jim-oneill-hhs-deputy-secretary-cdc/2026/02/17/id/1246362/,,
Yankees' Aaron Judge (elbow) fully cleared for workouts,"TAMPA, Fla. -- Aaron Judge, the reigning two-time American League MVP, will be a full participant when full-squad workouts formally begin for the New York Yankees on Monday, manager Aaron Boone said Sunday.
Judge was hampered by a flexor strain in hi... [2233 chars]","Aaron Boone said Aaron Judge is scheduled to play in ""four or five"" of the Yankees' first nine Grapefruit League games and will be built up to six innings before leaving the club to join Team USA on March 1 ahead of the World Baseball Classic.",2026-02-15T21:30:33Z,https://www.espn.com/mlb/story/_/id/47941314/yankees-aaron-judge-elbow-fully-cleared-workouts,,
Shelton beats Fritz for Dallas Open title in matchup of top American men,"FRISCO, Texas (AP) — Ben Shelton saved three match points before finishing another rally at the Dallas Open, beating top-seeded Taylor Fritz in three sets for the title Sunday in a matchup of the world’s highest-ranked American men.
The No. 2 seed an... [1425 chars]","Ben Shelton saved three match points before finishing another rally at the Dallas Open, beating top-seeded Taylor Fritz in three sets for the title in a matchup of the world’s highest-ranked American men.",2026-02-15T21:30:07Z,https://apnews.com/article/dallas-open-taylor-fritz-ben-shelton-a23cb8ef2b10882498b254e0e26f8a69,,
Wreck of steamer lost in 1872 discovered in Lake Michigan,"MADISON, Wis. (AP) — Searchers have discovered the wreck of a luxury steamer that sank in a Lake Michigan gale in the late 19th century, completing a quest that began almost 60 years ago.
Shipwreck World, a group that works to locate shipwrecks aroun... [3123 chars]","a group that works to discover shipwrecks around the world, announced Friday that a team led by shipwreck hunter Paul Ehorn found the Lac La Belle about 20",2026-02-15T21:26:00Z,https://www.newsbreak.com/pbs-newshour-513240/4494715177724-wreck-of-steamer-lost-in-1872-discovered-in-lake-michigan,,
This cute baby pygmy hippo in metro Phoenix needs a name,"A baby pygmy hippopotamus born in metro Phoenix a few weeks ago could compete for cuteness with the Thai zoo pygmy hippopotamus Moo Deng, who went viral in 2024.
The baby pygmy hippo was born at the end of January at the Wildlife World Zoo, Aquarium ... [1750 chars]","Visitors can vote on a name for the female pygmy hippo calf born at the Wildlife World Zoo, Aquarium & Safari Park in Litchfield Park.",2026-02-15T21:25:03Z,https://www.azcentral.com/story/news/local/southwest-valley/2026/02/15/this-cute-baby-pygmy-hippo-in-metro-phoenix-needs-a-name/88682696007/,,
How to Watch Team USA vs. the World Online,"All products and services featured are independently chosen by editors. However, Billboard may receive a commission on orders placed through its retail links, and the retailer may receive certain auditable data for accounting purposes.
The 2026 NBA A... [3720 chars]",The 2026 NBA All-Star Game is here. Here's how you can stream LeBron James and Kevin Durant taking on Giannis Antetokounmpo and Luka Dončić online.,2026-02-15T21:23:47Z,https://www.billboard.com/culture/product-recommendations/how-to-watch-nba-all-star-game-2026-online-free-1236180140/,,
New anti-government chants in Iran's Tehran after rallies abroad: Reports,"The Islamic Republic under Supreme Leader Ayatollah Ali Khamenei was shaken by a protest movement that peaked in January, and which, according to rights groups, was repressed by security forces in a crackdown that left thousands dead.
While the stree... [2437 chars]","Slogans hostile to the authorities were also chanted in other cities including Shiraz in the south and Arak in the centre of the country, the reports added. | World News",2026-02-15T21:23:35Z,https://www.hindustantimes.com/world-news/new-anti-government-chants-in-irans-tehran-after-rallies-abroad-reports-101771190259775.html,,
"Olympics-Figure skating-Malinin attends pairs event, will compete at world championships","MILAN, ⁠Feb 15 (Reuters) - Ilia Malinin was in the ⁠stands for the Olympic figure skating ‌pairs competition on Sunday, two days after his shock poor performance in the men's free skate left the runaway ​favourite for the event off ⁠the podium.
Malin... [901 chars]","MILAN, ⁠Feb 15 (Reuters) - Ilia Malinin was in the ⁠stands for the Olympic figure skating ‌pairs competition on Sunday, two days after his shock poor performance in the men's free skate left the runaway ​favourite for the event off ⁠the podium.",2026-02-15T21:19:00Z,https://www.thestar.com.my/sport/others/2026/02/16/olympics-figure-skating-malinin-attends-pairs-event-will-compete-at-world-championships,,
Raspadori out with hamstring injury: Will miss Champions League & a doubt for Italy World Cup play-offs,"Giacomo Raspadori faces a significant setback after picking up a first-degree hamstring strain during Atalanta BC’s clash with Lazio.
The injury, sustained late in the match, is expected to sideline him for at least three weeks, as per SportMediaset.... [1315 chars]","Giacomo Raspadori faces a significant setback after picking up a first-degree hamstring strain during Atalanta BC’s clash with Lazio. The injury, sustained late in the match, is expected to sideline him for at least three weeks, as per SportMediaset.",2026-02-15T21:17:49Z,https://www.yardbarker.com/soccer/articles/raspadori_out_with_hamstring_injury_will_miss_champions_league_a_doubt_for_italy_world_cup_play_offs/s1_17344_43475157,,
Banks sends strong message to Pochettino before World Cup,"Noahkai Banks was instrumental in Augsburg's 1-0 victory over Heidenheim on Sunday in Matchday 22 of the 2025-26 Bundesliga season. The young defender is making his case to represent the U.S. Men's National Team at the upcoming World Cup.
Banks, 19, ... [1323 chars]",The young defender is making his case to represent the U.S. Men's National Team at the upcoming World Cup.,2026-02-15T21:13:40Z,https://www.yardbarker.com/soccer/articles/noahkai_banks_sends_strong_message_to_mauricio_pochettino_before_world_cup/s1_13132_43475068,,
"Figure skating-Malinin attends pairs event, will compete at world championships","MILAN, Feb 15 - Ilia Malinin was in the stands for the Olympic figure skating pairs competition on Sunday, two days after his shock poor performance in the men's free skate left the runaway favourite for the event off the podium.
Malinin practised at... [820 chars]","MILAN, Feb 15 - Ilia Malinin was in the stands for the Olympic figure skating pairs competition on Sunday, two days after his shock poor performance in the men's free skate left the runaway favourite for the event off the podium. Read more at straitstimes.com.",2026-02-15T21:11:31Z,https://www.straitstimes.com/sport/figure-skating-malinin-attends-pairs-event-will-compete-at-world-championships,,
Olympics-Italy sets Winter Games record on medal‑heavy Sunday,"MILAN, Feb 15 (Reuters) - Italy ⁠set a national Winter Olympics record on Sunday as Federica ⁠Brignone's giant slalom gold capped a four‑medal surge that ‌lifted the host nation’s tally to 22.
With the Dolomites' peaks sparkling under bright sunshine... [1444 chars]","MILAN, Feb 15 (Reuters) - Italy ⁠set a national Winter Olympics record on Sunday as Federica ⁠Brignone's giant slalom gold capped a four‑medal surge that ‌lifted the host nation's tally to 22.",2026-02-15T20:58:00Z,https://www.thestar.com.my/sport/others/2026/02/16/olympics-italy-sets-winter-games-record-on-medalheavy-sunday,,
Italy sets Winter Games record on medal‑heavy Sunday,"MILAN, Feb 15 - Italy set a national Winter Olympics record on Sunday as Federica Brignone's giant slalom gold capped a four‑medal surge that lifted the host nation’s tally to 22.
With the Dolomites' peaks sparkling under bright sunshine, in Cortina,... [1353 chars]","MILAN, Feb 15 - Italy set a national Winter Olympics record on Sunday as Federica Brignone's giant slalom gold capped a four‑medal surge that lifted the host nation’s tally to 22. Read more at straitstimes.com.",2026-02-15T20:56:35Z,https://www.straitstimes.com/sport/italy-sets-winter-games-record-on-medal%E2%80%91heavy-sunday,,
"Washington Slept Here Often, Lincoln Dropped By: Phun Philly Phacts","As the nation celebrates Presidents' Day on Monday, Patch recaps when two presidents spent time in the Philadelphia region.
PHILADELPHIA, PA — George slept here. And there. And everywhere.
George Washington, America's first president, is known for hi... [1939 chars]","As the nation celebrates Presidents' Day on Monday, Patch recaps when two presidents spent time in the Philadelphia region.",2026-02-15T19:50:58Z,https://patch.com/pennsylvania/warminster/washington-slept-here-often-lincoln-dropped-phun-philly-phacts,,
"DJ Vlad Affirms His Jay-Z, Tory Lanez & Megan Thee Stallion Tweet Is Sarcastic","""Look, at the end of the day, we don't exactly know what happened,"" Vlad went on. ""But when you shoot a woman, and she's willing to take the stand and say, 'That person shot me,' that is very hard to get over. If he really didn't shoot her, then he s... [298 chars]",DJ Vlad confirmed to Sneako that he doesn't actually believe Jay-Z and Roc Nation manipulated Tory Lanez's Megan Thee Stallion shooting case.,2026-02-15T19:50:07Z,https://www.hotnewhiphop.com/977588-dj-vlad-jay-z-tory-lanez-megan-thee-stallion-tweet-sarcastic,,
"Exclusive: Somaliland President Invites U.S. Security, Economic Partnership in ‘Strategically Positioned Territory’","Somaliland President Abdirahman Mohamed Abdullahi said his nation is ready to enter into a full security and economic partnership with the United States, arguing that it occupies what he called “perhaps the most strategically positioned territory in ... [9247 chars]",Somaliland President Abdirahman Mohamed Abdullahi said his nation is ready to enter into a security and economic partnership with the U.S.,2026-02-15T19:30:15Z,https://www.breitbart.com/politics/2026/02/15/exclusive-somaliland-president-invites-u-s-security-economic-partnership-strategic-territory/,,
Who is Kim Yo Jong? Kim Jong Un's brutal sister eyeing North Korea's throne,"North Korea's leadership is shrouded in mystery as Kim Jong Un's health fuels succession speculation. While his young daughter, Kim Ju Ae, is reportedly being groomed, Kim Yo Jong, his influential sister, also eyes the top position, backed by signifi... [2366 chars]","Trending News: Power in North Korea flows through bloodlines stained with intrigue and iron fists. The Kim family has ruled the isolated nation since 1948, turning a.",2026-02-15T19:30:00Z,https://timesofindia.indiatimes.com/etimes/trending/who-is-kim-yo-jong-kim-jong-uns-brutal-sister-eyeing-north-koreas-throne/articleshow/128433808.cms,,
"Full transcript of ""Face the Nation with Margaret Brennan,"" Feb. 15, 2026","On this ""Face the Nation with Margaret Brennan"" broadcast, moderated by Ed O'Keefe:
Tom Homan, Trump administration border czar
House Minority Leader Hakeem Jeffries, Democrat of New York
Rep. Robert Garcia, Democrat of California
Sen. Thom Tillis, R... [51070 chars]","On this ""Face the Nation with Margaret Brennan"" broadcast, Tom Homan and House Minority Leader Hakeem Jeffries join Ed O'Keefe.",2026-02-15T19:21:00Z,https://www.cbsnews.com/news/face-the-nation-full-transcript-02-15-2026/,,
Oil-rich monarch appointed dog as military chief and employed 20 'sex soldiers',"Thailand's monarchy has long fascinated the world for its, at times, eccentric traditions. But few episodes have captured global attention quite like the story of the country's playboy king Maha Vajiralongkorn, formally known as as Rama X, and his de... [3420 chars]",The extravagant monarch of a Southeast Asian nation has plenty of quirks that make headlines.,2026-02-15T19:09:00Z,https://www.express.co.uk/news/world/2171242/oil-rich-monarch-appointed-dog-military,,
India: Beacon of Global Goodwill and Social Unity,RSS chief Mohan Bhagwat underlined India's prominent status as a global beacon of goodwill and social harmony — deeply rooted in its civilizational ethos of unity and mutual belonging. Addressing an RSS event marking its centenary in Goraksh province... [713 chars],"RSS chief Mohan Bhagwat emphasizes India's role as a center of global goodwill and social harmony, highlighting the nation's civilizational ethos of unity and mutual respect. Speaking amid the centenary of the RSS, he calls for societal responsibility and underscores India's diverse yet unified cultural identity.",2026-02-15T18:30:57Z,https://www.devdiscourse.com/article/entertainment/3806225-india-beacon-of-global-goodwill-and-social-unity,,
Colombian president accepts rebel’s proposal to have a commission investigate its possible drug ties,"BOGOTA, Colombia (AP) — Colombian President Gustavo Petro said Sunday he would accept a proposal made by the nation’s largest remaining rebel group to allow an independent commission to investigate the group’s alleged links to the drug trade.
The pro... [2229 chars]","BOGOTA, Colombia (AP) — Colombian President Gustavo Petro said Sunday he would accept a proposal made by the nation’s largest remaining rebel group to allow an…",2026-02-15T18:29:00Z,https://wtop.com/world/2026/02/colombian-president-accepts-rebels-proposal-to-have-a-commission-investigate-its-possible-drug-ties/,,
"Mystery Science Theater 3000’s Newest Reboot, Explained","Mystery Science Theater 3000 is returning for another reboot in 2026, and here's everything you need to know about the cult classic show's return. Starting in 1988 as a public access show on the Minneapolis station, KTMA, the series soon joined the b... [3097 chars]","The cult classic comedy series Mystery Science Theater 3000 is coming back with yet another reboot in 2026, and here's what you need to know.",2026-02-15T20:56:18Z,https://screenrant.com/mystery-science-theater-3000-reboot-explained/,,
"OC students test knowledge, creativity at 2026 regional Science Olympiad","They showed their knowledge of biology and coding, geology and machines; they solved crimes, built hovercraft, decrypted encoded messages and classified rocks and bugs.
Some 1,200 middle school and high school students competed in the 2026 Orange Cou... [520 chars]","Some 1,200 middle school and high school students competed in the 2026 Orange County Regional Science Olympiad this weekend, hosted at UC Irvine.",2026-02-15T20:06:29Z,https://www.ocregister.com/2026/02/15/oc-students-test-knowledge-creativity-at-2026-regional-science-olympiad/,,
Crash course: Vietnam's crypto boom goes bust,"As a first-year computer science student in Hanoi, Hoang Le started trading crypto from his university dorm room, egged on by his gamer friends who were making a killing.
At one point his digital holdings swelled to $200,000 -- around 50 times the av... [4180 chars]","As a first-year computer science student in Hanoi, Hoang Le started trading crypto from his university dorm room, egged on by his gamer friends who were making a killing. At one point his digital holdings swelled to $200,000 -- around 50 times the average annual income in Vietnam. But they…",2026-02-15T20:00:00Z,https://japantoday.com/category/business/crash-course-vietnam%27s-crypto-boom-goes-bust,,
Night on the beers helps GB pair win historic gold in mixed snowboard cross,"For all the millions ploughed into the technology and science that so often now lies behind Olympic gold, this was proof that a page from the old school can sometimes still prevail.
Charlotte Bankes and Huw Nightingale were utterly crestfallen after ... [4286 chars]","For all the millions ploughed into the technology and science that so often now lies behind Olympic gold, this was proof that a page from the old school can sometimes still prevail.",2026-02-15T19:25:00Z,https://www.telegraph.co.uk/football/2026/02/15/winter-olympics-live-gb-snowboard-cross-bankes-nightingale/,,
Hot air: On Donald Trump and environmental issues,"As part of his continuing assault on science, U.S. President Donald Trump revoked a foundational guideline of the American environment regulator that allowed it to control the transportation sector’s emission of greenhouse gases. The repeal of the ‘e... [2565 chars]","U.S. President Donald Trump's repeal of the endangerment finding, which is about the transport sector and greenhouse gases, marks his continuing assault on science",2026-02-15T18:40:00Z,https://www.thehindu.com/opinion/editorial/hot-air-on-donal-trump-and-environmental-issues/article70628786.ece,,
Meghalaya handball tournament draws participation from 50 universities,"Guwahati: The University of Science and Technology Meghalaya (USTM) held the inaugural ceremony of the AIU East Zone Inter University Handball Tournament 2025-26 at its sports complex, formally launching an inter-university championship conducted und... [316 chars]",Guwahati: The University of Science and Technology Meghalaya (USTM) held the inaugural ceremony of the AIU East Zone Inter University Handball Tournam.,2026-02-15T18:27:00Z,https://timesofindia.indiatimes.com/city/guwahati/meghalaya-handball-tournament-draws-participation-from-50-universities/articleshow/128392911.cms,,
From Tradition to Technology: India's Space Missions as Cultural Pillars,"India's space missions like Chandrayaan and Aditya-L1 are celebrated not just as technological triumphs but as modern representations of an age-old scientific mindset integral to India's cultural fabric, according to Defence Minister Rajnath Singh.
A... [651 chars]","India's space missions, such as Chandrayaan and Aditya-L1, reflect the nation's cultural heritage and scientific spirit, blending tradition with technology. Defense Minister Rajnath Singh highlights advancements in science and technology being modern expressions of India's ancient identity, emphasizing the nation's unique blend of culture and innovation.",2026-02-15T17:56:11Z,https://www.devdiscourse.com/article/entertainment/3806214-from-tradition-to-technology-indias-space-missions-as-cultural-pillars,,
"Speed of scientific discovery has itself become a strategic asset, with AI as the super","Synopsis
The US is launching the Genesis Mission to accelerate scientific discovery using AI. This initiative treats AI as core national scientific infrastructure, aiming to make discoveries significantly faster. India needs to adapt its 20th-century... [6693 chars]","The US is launching the Genesis Mission to accelerate scientific discovery using AI. This initiative treats AI as core national scientific infrastructure, aiming to make discoveries significantly faster. India needs to adapt its 20th-century institutional model to compete in this new era of machine-accelerated science. The nation must consider building an AI-science platform and ensuring scientific sovereignty.",2026-02-15T17:40:24Z,https://economictimes.indiatimes.com/opinion/et-commentary/speed-of-scientific-discovery-has-itself-become-a-strategic-asset-with-ai-as-the-super-accelerator/articleshow/128391154.cms,,
Minister says flood relief plans should not need to be cut due to science centre,"A minister has rejected the suggestion from the Office of Public Works that cuts may need to be made to flood relief plans due to a legally complex commitment to build a children’s science centre.
The Office of Public Works (OPW) said before a commit... [3518 chars]",A minister has rejected the suggestion from the Office of Public Works that cuts may need to be made to flood relief plans due to a legally complex commitment t...,2026-02-15T17:35:14Z,https://www.longfordleader.ie/news/national-news/2016129/minister-says-flood-relief-plans-should-not-need-to-be-cut-due-to-science-centre.html,,
From vaginoplasty to forehead reducing: medical tourism comes to UK,"Such are the considerations, as Britons consider their options for combining minibreaks and medical procedures.
This weekend hospitals and clinics from Turkey, as well as Croatia, Albania, Pakistan and India, convened in London. They come as the Offi... [3700 chars]",Achieving your goals for a quarter of the British price and then convalescing in the sun is the hard sell at the International Health Tourism Expo in London,2026-02-15T21:30:05Z,https://www.thetimes.com/uk/healthcare/article/vaginoplasty-forehead-reducing-medical-tourism-7llmv5d25,,
70% of Indian women face gynecological problems: Doctor shares 7 ways to protect your health,"Gynecological problems are way more common than most people realise. Painful periods. Irregular cycles. PCOS. Fibroids. Endometriosis. Recurrent infections. For many women, these are not rare medical conditions. They are everyday struggles. And yet, ... [5313 chars]","Gynecological problems are way more common than most people realise. Painful periods. Irregular cycles. PCOS. Fibroids. Endometriosis. Recurrent infections. For many women, these are not rare medical conditions. They are everyday struggles. And yet, they’re often brushed off as “normal.” Cramps are normal. Mood swings are normal. Heavy bleeding is normal. Somewhere along the way, discomfort became something women were expected to live with quietly.But here’s the thing. Constant pain is not normal. Bleeding so heavy that you plan your life around it is not normal. Severe acne, sudden weight gain, hair loss, pelvic pain that makes you miss work or school, none of this should be dismissed.",2026-02-15T21:30:00Z,https://timesofindia.indiatimes.com/health/70-of-indian-women-face-gynecological-problems-doctor-shares-7-ways-to-protect-your-health/photostory/128387861.cms,,
HSVP fixes Rs 40 cr as land price for new hospital building in Karnal,"In a major step towards the construction of new District Civil Hospital building, the Haryana Shahari Vikas Pradhikaran (HSVP) has finalised the price of 9.9 acres in Sector 32 Part-III of the Urban Estate. It has asked the Health Department to depos... [3233 chars]","Asks Health Dept to deposit amount to initiate further process; proposed facility to have over 200 beds, CATH lab.",2026-02-15T21:18:48Z,https://www.tribuneindia.com/news/haryana/hsvp-fixes-rs-40-cr-as-land-price-for-new-hospital-building-in-karnal/,,
Public warned to stay away from contaminated Potomac River following major sewage spill,"Almost exactly one month after sewage began cascading into the Potomac River, health and environmental agencies throughout the DMV are warning people and pets to stay away from the water.
On Jan. 19, a six-foot-wide concrete pipeline carrying sewage ... [2859 chars]","Almost exactly one month after sewage began cascading into the Potomac River, health and environmental agencies throughout the DMV are warning people and pets t",2026-02-15T21:17:17Z,https://foxbaltimore.com/news/local/potomac-river-water-washington-dc-maryland-virginia-wastewater-pipeline-interceptor-rupture-sewage-spill-contamination-collapse-clara-barton-parkway-concrete-riverkeepers-leak-staph-infection-ecoli-quality-sanitary-public-health,,
Loneliness at work matters more than we think,"As loneliness reaches epidemic levels worldwide, work has become one of the main settings where connection is either strengthened or lost. In 2023, Vivek Murthy, the former surgeon general of the United States, labelled loneliness an “epidemic,” warn... [6719 chars]","As loneliness reaches epidemic levels worldwide, work has become one of the main settings where connection is either strengthened or lost. In 2023, Vivek Murthy, the former surgeon general of the United States, labelled loneliness an “epidemic,” warning that its consequences rival those of other major health risks. This concern is echoed…",2026-02-15T21:11:00Z,https://japantoday.com/category/features/health/Loneliness-at-work-matters-more-than-we-think,,
Why is U.S. health care still most expensive in the world after decades of cost-cutting initiatives?,"In announcing its “Great Healthcare Plan” in January, the Trump administration became the latest in a long history of efforts by the U.S. government to rein in the soaring cost of health care.
As a physician and professor studying the intersection of... [8963 chars]","In announcing its “Great Healthcare Plan” in January, the Trump administration became the latest in a long history of efforts by the U.S. government to rein in the soaring cost of health care. As a physician and professor studying the intersection of business and health, I know that the challenges…",2026-02-15T21:10:00Z,https://japantoday.com/category/features/opinions/why-is-us-health-care-still-the-most-expensive-in-the-world-after-decades-of-cost-cutting-initiatives,,
Fei Li's World Labs raises $1 billion in funding,"Synopsis
The startup said on Wednesday the investors included chip companies AMD, Nvidia, software firm Autodesk , Emerson Collective, Fidelity Management & Research Company and ‌Sea, among ⁠others.
Prominent computer scientist Fei-Fei Li's World Lab... [1806 chars]","The startup said on Wednesday the investors included chip companies AMD, Nvidia, software firm Autodesk , Emerson Collective, Fidelity Management & Research Company and ‌Sea, among ⁠others.",2026-02-19T02:54:26Z,https://economictimes.indiatimes.com/tech/artificial-intelligence/ai-pioneer-fei-fei-lis-world-labs-raises-1-billion-in-funding/articleshow/128536097.cms,575a27e87cecb9f8d3db0ff0f5ffb350,world
Rashid Khan pays tribute to Jonathan Trott ahead of his final game as Afghanistan coach,"Chennai:
Jonathan Trott had a massive influence on Afghanistan cricket as the former England international transformed the side from perennial underdogs into genuine contenders. In the 2023 ODI World Cup, the Rashid Khan-led side missed the semi-fina... [2219 chars]",Rashid Khan hailed Jonathan Trott's role in Afghanistan's rise before his last match as coach in the T20 World Cup 2026. He also reacted to retirement talks surrounding veteran all-rounder Mohammad Nabi.,2026-02-19T02:47:52Z,https://www.indiatvnews.com/sports/cricket/rashid-khan-pays-tribute-to-jonathan-trott-ahead-of-his-final-game-as-afghanistan-coach-2026-02-19-1030851,8703bfc5724f7c1287177678b2bc4687,world
From wrist injury to walking revolution: How one Dublin engineer reinvented the dog lead,"Carl Stainthorpe had a bike accident in 2019 that left him with a seriously damaged wrist. His recovery was slow and painful, and trying to walk Romeo, his energetic border collie, hurt like mad if Romeo pulled strongly towards a particularly attract... [5490 chars]","Madra World’s hands-free lead combines fashion, function and ergonomics to make it easier to walk strong or reactive dogs",2026-02-19T02:45:00Z,https://www.irishtimes.com/business/innovation/2026/02/19/from-wrist-injury-to-walking-revolution-how-one-dublin-engineer-reinvented-the-dog-lead/,fbbbac9cc8eda04e7982e39a9aafbe1b,world
"WI vs ITA Live Streaming, Live Streaming: When And Where to Watch","WI vs ITA: The West Indies side have been unstoppable in the Group stage of the ongoing T20 World Cup and have already booked their spot in the Super 8. On the other hand, Italy have played impressive cricket throughout the tournament and now would l... [1534 chars]","WI vs ITA Live Streaming: You can watch the West Indies vs Italy T20 World Cup match live on the Star Sports Network, with streaming available on the JioHotstar app.",2026-02-19T02:44:27Z,https://www.republicworld.com/cricket/west-indies-vs-italy-live-streaming-free-live-streaming-how-to-watch-wi-vs-ita-t20-world-cup-match-live-telecast,42d4cc7cd51397054a569415cc29298b,world
AI Impact Summit: PM Modi to deliver keynote address on global AI vision today,"Synopsis
PM Narendra Modi is hosting world leaders at Bharat Mandapam for the India AI Impact Summit 2026. Following a day of high-level bilateral meetings and cultural events, PM Narendra Modi will deliver a keynote address today, outlining India's ... [4266 chars]","PM Narendra Modi is hosting world leaders at Bharat Mandapam for the India AI Impact Summit 2026. Following a day of high-level bilateral meetings and cultural events, PM Narendra Modi will deliver a keynote address today, outlining India's vision for human-centric AI and global technological growth.",2026-02-19T02:44:00Z,https://economictimes.indiatimes.com/ai/ai-insights/ai-impact-summit-pm-modi-to-deliver-keynote-address-on-global-ai-vision-today/articleshow/128535820.cms,0cfde6ecff10c4b7835e44cd00dec810,world
"Morocco ‘Poisoning, Shooting, Burning’ Stray Dogs Ahead Of 2030 World Cup, Activists Allege","Last Updated:February 19, 2026, 08:13 IST
The allegations have drawn global attention, including from Oscar-nominated actor and activist Mark Ruffalo, who condemned the reported actions.
Morocco is facing mounting international backlash over allegati... [2590 chars]","The allegations have drawn global attention, including from Oscar-nominated actor and activist Mark Ruffalo, who condemned the reported actions.",2026-02-19T02:43:17Z,https://www.news18.com/world/morocco-poisoning-shooting-burning-stray-dogs-ahead-of-2030-world-cup-activists-allege-ws-l-9916514.html,efb5ef8a7909bd3f8b40b255f55519fd,world
West Indies vs Italy T20 World Cup 2026 Group C match No 37 Live Streaming Details: When and where to watch WI vs ITA LIVE on TV in India and online,"The Match No. 37 of the T20 World Cup 2026 will be played between West Indies and Italy on Thursday at the Eden Gardens, Kolkata. Find out when, where and how to watch the match.
Italy vs West Indies Live Streaming, T20 World Cup 2026 Live Streaming:... [1449 chars]",Match No. 37 of Group C in the ICC Men's T20 World Cup 2026 will be played between West Indies and Italy on February 19. Take a look and find out the live streaming details.,2026-02-19T02:38:08Z,https://www.india.com/sports/west-indies-vs-italy-t20-world-cup-2026-group-c-match-no-37-live-streaming-details-when-and-where-to-watch-wi-vs-ita-live-on-tv-in-india-and-online-8313172/,8f8c1168c28aff5d6c441c763c255e7a,world
Ronda Rousey Says She Owes Gina Carano Ahead of Netflix Fight - Here’s Why,"She had openly discussed protecting her health and moving forward with life outside fighting.
So why now? And why Carano?
Gina Carano is widely known as a trailblazing pioneer of women’s MMA and a major star of Strikeforce and EliteXC from 2006 to 20... [1297 chars]",Yesterday delivered a genuine bombshell. The return of Ronda Rousey alone was enough to spark conversation across the combat sports world. Add Gina Carano to the announcement and suddenly this isn’t just nostalgia — it’s legacy colliding with unfinished business.,2026-02-19T02:35:50Z,https://www.yardbarker.com/mma/articles/ronda_rousey_says_she_owes_gina_carano_ahead_of_netflix_fight_heres_why/s1_17615_43488320,1c0e0a57b7c092d027eafd11411db2f0,world
PM Modi to join world leaders for 'Family Photo' at Bharat Mandapam today; set to deliver keynote address on global AI vision,"New Delhi [India], February 19 (ANI): PM Narendra Modi is set to welcome world leaders at Bharat Mandapam today as part of the India AI Impact Summit 2026.
According to the official schedule, a family photo featuring the Prime Minister and the visiti... [3708 chars]","PM Narendra Modi is hosting world leaders at Bharat Mandapam for the India AI Impact Summit 2026. Following a day of high-level bilateral meetings and cultural events, PM Narendra Modi will deliver a keynote address today, outlining India's vision for human-centric AI and global technological growth.",2026-02-19T02:35:12Z,https://www.tribuneindia.com/news/world/pm-modi-to-join-world-leaders-for-family-photo-at-bharat-mandapam-today-set-to-deliver-keynote-address-on-global-ai-vision/,8fdcb91afa11e66e1748c71e25060024,world
"WI vs ITA LIVE Score, T20 World Cup: West Indies look to end group stage on strong note vs eliminated Italy","WI vs ITA LIVE Score, T20 World Cup: Unbeaten West Indies take on Italy in their final group-stage fixture of the ongoing T20 World Cup 2026 in Kolkata on Thursday. West Indies have already qualified for the Super Eight stage and are Group C table to... [1181 chars]","WI vs ITA LIVE Score, T20 World Cup: Having already qualified for the next round, West Indies face Italy in their final group stage fixture, in Kolkata on Thursday. | Cricket",2026-02-19T02:33:58Z,https://www.hindustantimes.com/cricket/west-indies-vs-italy-live-cricket-score-wi-vs-ita-icc-mens-t20-world-cup-2026-group-c-match-today-kolkata-feb-19-101771467812194.html,1c1dd025a084e6b3c4557bef8893aecf,world
Quinn Hughes calls America 'greatest country in the world' after game-winner,"NEWYou can now listen to Fox News articles!
NHL star Quinn Hughes became an Olympic hero for Team USA when he hit an overtime goal to lift his country over Sweden in the men's hockey qualifying round.
His statements after the game may have made him a... [1744 chars]","Quinn Hughes scored an overtime goal for Team USA hockey then declared America is ""the greatest country in the world"" in his passionate post-game comments.",2026-02-19T02:33:30Z,https://www.foxnews.com/sports/us-olympic-hockey-star-quinn-hughes-calls-america-greatest-country-world-after-game-winning-shot,89390df57fb51d230ea77d46cd12657a,world
Billionaire says 'world-class conman' Epstein duped him,"The billionaire who built a retail empire that included Victoria's Secret and Abercrombie & Fitch has told members of the US Congress he was ""duped by a world-class con man"", close financial adviser Jeffrey Epstein.
Les Wexner also denied knowing abo... [3904 chars]","Billionaire businessman Les Wexner says he was foolish to trust ""master manipulator"" Jeffrey Epstein, as he denied taking part in the abuse of girls and women.",2026-02-19T02:30:30Z,https://www.perthnow.com.au/news/crime/billionaire-says-world-class-conman-epstein-duped-him-c-21688439,f4485e764d77bdc4b4a5937b9a07314c,world
"SL vs ZIM, T20 World Cup 2026 Match Prediction: Who will win today’s game between Sri Lanka and Zimbabwe?","A classic subcontinental showdown is on the horizon as the ICC Men’s T20 World Cup 2026 moves to its final group stage fixtures. Co-hosts Sri Lanka face a resurgent Zimbabwe in a Match 38 clash at the iconic R. Premadasa Stadium.
With both teams alre... [3207 chars]",Sri Lanka will take on Zimbabwe in Match 38 of T20 World Cup 2026. The battle is set to take place at the R. Premadasa Stadium in Colombo.,2026-02-19T02:30:06Z,https://crickettimes.com/2026/02/sl-vs-zim-t20-world-cup-2026-match-prediction-who-will-win-todays-game-between-sri-lanka-and-zimbabwe/,886155da4d8507aa363359850196e968,world
Neon green wall discovered in a pitch-black New Mexico cave may be 9 million years old,"Microbial communities hidden deep inside the caves of New Mexico have fascinated scientists who study extreme environments and search for extraterrestrial life. In 2018, the team of scientists at Carlsbad Caverns came across strange green colonies on... [3123 chars]",Rest of World News: Microbial communities hidden deep inside the caves of New Mexico have fascinated scientists who study extreme environments and search for extraterrest.,2026-02-19T02:30:00Z,https://timesofindia.indiatimes.com/world/rest-of-world/neon-green-wall-discovered-in-a-pitch-black-new-mexico-cave-may-be-9-million-years-old/articleshow/128517564.cms,dcdf258fc1a6be62be17401c0c1afc2b,world
"SL vs ZIM Dream11 Prediction Today Match, Dream11 Team Today, Fantasy Cricket Tips, Playing XI, Pitch Report, Injury Update- ICC T20 World Cup 2026, Match 38","The ICC T20 World Cup 2026 will bring an exciting clash to Colombo with Sri Lanka set to square off against Zimbabwe in the thirty-eighth match at R. Premadasa Stadium on 19th February at 3:00 PM IST.
Get the best SL vs ZIM Dream11 prediction, fantas... [3840 chars]","Get the best SL vs ZIM Dream11 prediction, fantasy cricket tips, probable playing XI, and match insights for the 38th match of the ICC T20 World Cup 2026. Expert analysis and more.",2026-02-19T02:30:00Z,https://cricketaddictor.com/fantasy-cricket/sl-vs-zim-dream11-prediction-today-match-dream11-team-today-fantasy-cricket-tips-playing-xi-pitch-report-injury-update-icc-t20-world-cup-2026-match-38-398817/,f17db55f816c225ccd02d0a044c93f5e,world
Billionaire says 'world-class conman' Epstein duped him,"The billionaire who built a retail empire that included Victoria's Secret and Abercrombie & Fitch has told members of the US Congress he was ""duped by a world-class con man"", close financial adviser Jeffrey Epstein.
Subscribe now for unlimited access... [6056 chars]","Billionaire businessman Les Wexner says he was foolish to trust ""master manipulator"" Jeffrey Epstein, as he denied taking...",2026-02-19T02:28:48Z,https://www.canberratimes.com.au/story/9178783/billionaire-says-world-class-conman-epstein-duped-him/,fce885f87b88c3efb196f2291964fd75,world
"China’s marriage numbers edge higher in 2025, but demographic worries remain","SHANGHAI: Every weekend, a corner of Shanghai’s People’s Park fills with anxious parents on a mission.
Sheets of paper are pinned along the pathways, taped to bags or umbrellas, or laid out on the ground. They list their children’s age, job, details ... [2344 chars]",6.76 million couples tied the knot in China last year – a 10.8 per cent rebound from 2024’s record low – but falling birth rates continue to cast a shadow on the world’s second-most populous nation.,2026-02-19T02:28:14Z,https://www.channelnewsasia.com/east-asia/china-marriages-birth-rate-2025-5933461,14d9ed2f1ceed9c544d2b5a85b851ff9,world
Ryan Garcia says he saved his career by ditching alcohol and getting sober ahead of Mario Barrios world title fight,"RYAN GARCIA says he saved his career by ditching alcohol and getting sober.
Garcia has been open about his struggles with depression in the past – but he caused concern for his wellbeing before fighting Devin Haney in 2024.
He was openly drinking and... [3318 chars]","RYAN GARCIA says he saved his career by ditching alcohol and getting sober.
Garcia has been open about his struggles with depression in...",2026-02-19T02:20:39Z,https://www.thesun.co.uk/sport/38269038/ryan-garcia-saved-career-sober-alcohol-mario-barrios-fight/,441ca004b2e90c57e156cd7ce4f90419,world
Two U.S. Pilots ILLEGALLY ARRESTED in West Africa During Routine Fuel Stop Beg President Trump for Immediate Help,"Two innocent American citizens have been rotting in a brutal, third-world West African prison for nearly two months after being ambushed by a heavily armed military squad during a routine fuel stop.
Now, facing horrific conditions with no end in sigh... [2903 chars]","Two innocent American citizens have been rotting in a brutal, third-world West African prison for nearly two months after being ambushed by a heavily armed military squad during a routine fuel stop.",2026-02-19T02:20:28Z,https://www.thegatewaypundit.com/2026/02/two-u-s-pilots-illegally-arrested-west-africa/,0292ecf0eaeb846f1dabbc1f3f2ad50e,world
"Yesterday match India vs Netherlands result: Varun Chakravarthy, Shivam Dube power IND to big win in T20 World Cup in Ahmedabad","Synopsis
Yesterday cricket match result: Shivam Dube's explosive 66 and Varun Chakravarthy's 3/14 guided India to a 17-run victory over the Netherlands, securing an unbeaten finish in Group A of the T20 World Cup. Dube's all-round performance earned ... [5122 chars]","Yesterday cricket match result: Shivam Dube's explosive 66 and Varun Chakravarthy's 3/14 guided India to a 17-run victory over the Netherlands, securing an unbeaten finish in Group A of the T20 World Cup. Dube's all-round performance earned him player of the match. India now advances to the Super 8 stage, facing South Africa next.",2026-02-19T02:17:00Z,https://economictimes.indiatimes.com/news/new-updates/yesterday-match-india-vs-netherlands-result-varun-chakravarthy-shivam-dube-power-ind-to-big-win-in-t20-world-cup-in-ahmedabad/articleshow/128535046.cms,425488b03bde153d6b114dab8d6b16ec,world
"AI Impact Summit 2026 Live: PM to address opening ceremony at 9.40 am, meet world leaders at noon","A plethora of events is scheduled on the third day of the India AI Impact Summit 2026. At around 9.40 am, Prime Minister Narendra Modi, along with the French President Emmanuel Macron and the United Nations' Secretary General, António Guterres. One-a... [765 chars]","India AI Summit 2026 Live Updates: The Indian AI Summit 2026 steps into its third day. On Thursday, Prime Minister Narendra Modi will address the opening ceremony at Bharat Mandapam along with the French President, Emmanuel Macron and the Secretary-General of the United Nations, António Guterres, around 9.40 am. Following the opening ceremony, the Prime Minister will mark his visit to the India AI Impact Expo 2026 along with several other leaders around 11 am.
At noon, a Leaders' Plenary will be held at the Bharat Mandapam. It will bring together several heads of states, ministers, and senior representatives from multilateral institutions to outline national and global priorities on AI, including governance, infrastructure, and international cooperation. PM Modi will attend the plenary along with several other leaders.
Modi will have a meeting with senior executives from global technology and industry firms at the CEO roundtable event, expected to kick off around 5.30 pm. The Prime Minister will discuss investment, research collaboration, supply chains, and deployment of AI systems. To catch all the live updates on Day 3, follow indiatoday.in.",2026-02-19T02:16:00Z,https://www.indiatoday.in/india/story/ai-impact-summit-live-updates-pm-to-at-around-9-40-meet-world-leaders-at-noon-2870698-2026-02-19,d40233fdcf9e3f77ffd24720e3ddeaa8,world
Salman Agha-Hesson spat sparks outrage as ex-Indian player questions Pakistan’s foreign coach policy: Painful to watch,"Defending a target of 200 runs, Pakistan bowled out Namibia for 97 in 17.3 overs, with Usman Tariq taking a four-wicket haul. Meanwhile, Shadab Khan picked up three wickets. Initially, Pakistan posted 199/3 in 20 overs, with Sahibzada Farhan getting ... [1167 chars]",A former Indian cricketer reacted to Salman Agha's animated exchange with head coach Mike Hesson during Pakistan's T20 World Cup game vs Namibia. | Cricket,2026-02-19T02:15:39Z,https://www.hindustantimes.com/cricket/salman-agha-hesson-spat-sparks-outrage-as-ex-indian-player-questions-pakistan-s-foreign-coach-policy-painful-to-watch-101771465517782.html,5e25d4283cc2ac530e159c4731eee36d,world
"Billionaire Les Wexner says he was 'duped' by adviser Jeffrey Epstein, 'a world-class con man'","NEW ALBANY, Ohio — The billionaire behind the retail empire that once blanketed shopping malls with names such as Victoria’s Secret and Abercrombie & Fitch told members of Congress on Wednesday that he was “duped by a world-class con man” — close fin... [8646 chars]","NEW ALBANY, Ohio — The billionaire behind the retail empire that once blanketed shopping malls with names such as Victoria’s Secret and Abercrombie & Fitch told members of Congress on Wednesday that he was “duped by a world-class con man” — close financial adviser Jeffrey Epstein. Les Wexner also denied knowing about the late sex offender’s crimes or participating in Epstein’s abuse of girls and young women.",2026-02-19T02:06:00Z,https://www.manilatimes.net/2026/02/19/world/americas-emea/billionaire-les-wexner-says-he-was-duped-by-adviser-jeffrey-epstein-a-world-class-con-man/2280834,9b0e8692c43cb2f9aa285a0f03e4feee,world
India is betting big on data centres but is this the best path to success with artificial intelligence?,"For hardware, we should indigenize AI chip design, fabrication, assembly and testing; and for software, we should create our own AI models. This is the only way to guard against being at the mercy of foreign suppliers.
That we form a vast market for ... [2845 chars]","A proliferation of data centres may serve some purposes, but it's unlikely to help India achieve AI sovereignty. That path is far steeper. We need homegrown AI chips, original models and actual innovation based on first principles. Being the world’s data storage or processing hub won’t get us far.",2026-02-19T02:00:53Z,https://www.livemint.com/opinion/online-views/india-data-centres-artificial-intelligence-chips-semiconductors-nvidia-microsoft-llms-models-11771424244902.html,030a512ca4b856d193bc6cd515d06e08,world
"Growing Younger, Together: A Communal Space For Women To Be Themselves","On a warm February afternoon, when the sun hung lazily over Chembur and the air carried the faint scent of gulmohar and petrol, a corner of the Chembur Gymkhana glowed in a sea of red. Laughter rose above the hum of traffic. Strangers might have mist... [4786 chars]","For many of these women, their world once revolved entirely around others. Now, twice a week, it revolves around themselves, their health, their laughter, their friendships",2026-02-19T02:00:21Z,https://www.outlookindia.com/national/growing-younger-together-a-communal-space-for-women-to-be-themselves,c57077d4890b95e52d2eed39394a7b09,world
Watch Unitree's G1 unleash a kung fu robot frenzy,"Chinese robotics leader Unitree took full advantage of the nation’s Lunar New Year celebrations this week to show off the impressive skills of its G1 humanoid robot.
A video (top) of the event shows numerous G1 robots participating in what Unitree de... [1932 chars]",Chinese robotics leader Unitree took full advantage of the nation’s Lunar New Year celebrations this week to show off the impressive skills of its G1 humanoid robot. A video (top) of the event shows numerous G1 robots participating in what Unitree described as “the world’s first fully autonomous humanoid kung fu performance.” There’s a spot […],2026-02-19T02:00:00Z,https://www.digitaltrends.com/computing/watch-unitrees-g1-unleash-a-kung-fu-robot-frenzy/,70f0094e8df8ad96e59fcb2981152ea8,world
"Ramadan Sehri, Iftar and Roza Dua you should recite this holy month - Meaning, significance and full translation","Synopsis
Ramadan 2026: Ramadan, also referred to as Ramzan, Ramzaan, or Ramazan, begins in India on Thursday, February 19, following the moon sighting. During this holy month, Muslims across the world recite Ramadan Sehri, Iftar and Roza Dua. Here we... [4777 chars]","Ramadan 2026: Ramadan, also referred to as Ramzan, Ramzaan, or Ramazan, begins in India on Thursday, February 19, following the moon sighting. During this holy month, Muslims across the world recite Ramadan Sehri, Iftar and Roza Dua. Here we have compiled Suhoor, Iftar and Roza Dua with their meanings, translation and significance.",2026-02-19T02:00:00Z,https://economictimes.indiatimes.com/news/new-updates/ramadan-sehri-iftar-and-roza-dua-you-should-recite-this-holy-month-meaning-significance-and-full-translation/articleshow/128534107.cms,45704a308b986b5c9ebbd8ed81a3a5ac,world
North Korea unveils new nuclear-capable rocket launcher,"North Korean leader Kim Jong Un oversaw the formal unveiling of a huge multiple rocket launcher that can fire nuclear warheads, state media said Thursday.
At a ceremony on Wednesday, Kim gave a speech touting the new 600-mm multiple launch rocket sys... [2196 chars]","North Korean leader Kim Jong Un oversaw the formal unveiling of a huge multiple rocket launcher that can fire nuclear warheads, state media said Thursday. At a ceremony on Wednesday, Kim gave a speech touting the new 600-mm multiple launch rocket system as unique in the world and said it…",2026-02-19T02:00:00Z,https://japantoday.com/category/world/n.-korea-unveils-new-nuclear-capable-rocket-launcher,f5c9a442c42a7ea3ee18de00f0092904,world
"'The IPL Was First...': Cricket Australia Provides Big Update On Cummins, Hazlewood","Cricket Australia selector Tony Dodemaide explains Pat Cummins and Josh Hazlewood's absence from T20 World Cup.
Cricket Australia selector Tony Dodemaide has said that had the Indian Premier League been scheduled before the T20 World Cup, the famed d... [1601 chars]",Cricket Australia selector Tony Dodemaide explains Pat Cummins and Josh Hazlewood's absence from T20 World Cup.,2026-02-19T01:58:50Z,https://www.news18.com/cricket/the-ipl-was-first-cricket-australia-provides-big-update-on-cummins-hazlewood-ws-l-9916463.html,435d9a010f7ee7c26c95db1877666eea,world
India's AI Legal Crisis: Governing Tomorrow's Technology with Yesterday's Laws,"India's artificial intelligence ecosystem is growing at a pace that few predicted even five years ago. The country has emerged as one of the world's leading hubs for AI talent, AI-powered startups, and AI adoption across sectors ranging from healthca... [9584 chars]","As India hosts the AI Summit 2026, the gap etween what AI can do, what it is doing, and what the legal system is equipped to address, is widening. That gap carries real consequences for citizens, businesses, courts, and for India's credibility as a responsible AI power on the world stage.
AI deepfake rules India
AI international regulation comparison
AI intermediaries liability India",2026-02-19T01:56:20Z,https://www.outlookindia.com/national/indias-ai-legal-crisis-governing-tomorrows-technology-with-yesterdays-laws,563c644c96e7a9255584fd58f7d6e9c8,world
"India Vs Netherlands, ICC T20 World Cup 2026: Who Won Yesterday’s IND Vs NED Match","Shivam Dube played a momentum changing knock before Varun Chakravarthy produced another incisive spell to set up India's convincing 17-run victory over the Netherlands in their final league fixture of the T20 World Cup in Ahmedabad on Wednesday.
Desp... [3262 chars]","India cruised to a 17-run win over the Netherlands in their T20 World Cup 2026 clash, staying unbeaten in the group and boosting momentum into the Super Eight stage",2026-02-19T01:54:00Z,https://www.outlookindia.com/sports/cricket/india-vs-netherlands-icc-t20-world-cup-2026-who-won-yesterdays-ind-vs-ned-match,5141321d1bf3010b41b201e34aa4da29,world
Dodgers may trigger baseball's next labor war,"The Dodgers are the best team in baseball. And maybe just too good for baseball to continue as is.
That’s because the back-to-back World Series champions have such a huge lead in payroll that they might trigger a lockout.
Allow me to explain.
For man... [4692 chars]",The back-to-back World Series champions have such a huge lead in both skills and salaries that they might trigger a lockout while the owners of less successful teams demand parity.,2026-02-19T01:48:38Z,https://nypost.com/2026/02/18/opinion/dodgers-may-trigger-baseballs-next-labor-war/,f602fa5c7851cd8dfda6349d4beac762,world
"12 teams earn direct qualification for T20 World Cup 2028, ICC announces","New Delhi:
As the Super Eights of the T20 World Cup 2026 are finalised, the International Cricket Council (ICC) has confirmed the direct qualifiers for the next edition. As co-hosts, Australia and New Zealand were guaranteed for the T20 World Cup 202... [1865 chars]","ICC announced 12 automatic qualifiers for the 2028 T20 World Cup, with Australia and New Zealand joined by the top Super Eights teams of the current edition and three teams via rankings. The final eight teams will secure their places through global qualifiers.",2026-02-19T01:48:22Z,https://www.indiatvnews.com/sports/cricket/12-teams-earn-direct-qualification-for-t20-world-cup-2028-icc-announces-2026-02-19-1030848,c8ea0438229eaaeecb95f3bf45d78264,world
Surprise career switch for Aussie tennis legend Alicia Molik - 'natural fit',"Former Aussie tennis player turned commentator Alicia Molik is set to expand her media portfolio by becoming a TV sports presenter.
Molik, an integral member of Channel Nine's commentary team, will transition from her long-time role, and become the w... [1407 chars]",The former world top 10 tennis star turned broadcaster is making a surprising career pivot.,2026-02-19T01:47:03Z,https://www.dailymail.co.uk/sport/tennis/article-15572087/Surprise-career-switch-Aussie-sporting-star-Alicia-Molik-tennis-natural-fit-television-spoers-presenter.html,10db478a8d2d20588a962da3ad7d3bad,world
Pubs can stay open until 2am if home nations reach World Cup knockout stages,"Pubs will be allowed to stay open until 2am during the World Cup knockout stages this summer - but only if any of the home nations have got that far.
Home Secretary Shabana Mahmood has agreed to extend opening hours for the later rounds of the tourna... [1691 chars]","England and Scotland have already qualified for the tournament in the US, Canada and Mexico, with Wales and Northern Ireland still hoping to reach the finals.",2026-02-19T01:44:00Z,https://news.sky.com/story/pubs-can-stay-open-until-2am-if-home-nations-reach-world-cup-knockout-stages-13509362,651ff86d59f35ee988d2a1bf2f3ba424,world
"AI Summit 2026 Live Updates: Bill Gates to skip summit, says Gates Foundation; PM Modi to open summit today","India has emerged as the global leader in Generative AI (GenAI) enrolments on Coursera, clocking over 4 million enrolments and recording nearly three sign-ups per minute, the company’s Chief Technology Officer Mustafa Furniturewala told Moneycontrol ... [3975 chars]",The day 4 of the mega event will see global leaders and tech titans share their thoughts on the role played by the rapidly growing technology in shaping the world's future,2026-02-19T01:34:00Z,https://www.moneycontrol.com/news/india/ai-summit-2026-live-updates-pm-modi-to-open-summit-today-at-bharat-mandapam-macron-ambani-altman-among-key-speakers-liveblog-13834950.html,b9c12d309914173b774ad88330b438c9,world
Australian selector Tony Dodemaide explains Steve Smith’s World Cup snub as Matthew Hayden points finger,"Cricket legend Matthew Hayden has taken aim at selectors following Australia’s nightmare T20 World Cup campaign.
Hayden has said there was “stubbornness” and “denial” when it came to certain decisions, and compared it to England’s recent failed Ashes... [3490 chars]",‘He’s been a man that’s been very ill treated.’,2026-02-19T01:32:35Z,https://7news.com.au/sport/cricket/australian-selector-tony-dodemaide-explains-steve-smiths-world-cup-snub-as-matthew-hayden-points-finger-c-21687302,6322516fc4544d13a2746cc055509fc4,world
"Sri Lanka vs Zimbabwe, T20 World Cup 2026 Live streaming: When, where and how to watch SL vs ZIM live on TV and online","Getty Images
NEW DELHI: Surprise contenders Zimbabwe take on Sri Lanka in an intriguing T20 World Cup clash on Thursday, with both sides already through to the Super 8s and now eyeing top spot in the group. With qualification secured, the contest car... [3279 chars]","Cricket News: NEW DELHI: Surprise contenders Zimbabwe take on Sri Lanka in an intriguing T20 World Cup clash on Thursday, with both sides already through to the Sup.",2026-02-19T01:31:00Z,https://timesofindia.indiatimes.com/sports/cricket/icc-mens-t20-world-cup/sri-lanka-vs-zimbabwe-t20-world-cup-2026-live-streaming-when-where-and-how-to-watch-sl-vs-zim-live-on-tv-and-online/articleshow/128518924.cms,0b581ae02a8a325e279469e83b3f617b,world
"WI vs ITA, T20 World Cup 2026 Match Prediction: Who will win today’s game between West Indies and Italy?","The West Indies will take on Italy in Match 37 of the ICC Men’s T20 World Cup 2026 on Thursday (February 19) at the iconic Eden Gardens in Kolkata. While the two-time champions have already secured their Super 8 berth with a flawless record, Italy’s ... [2495 chars]","West Indies will take on Italy in Match 37 of the ICC Men's T20 World Cup 2026. The iconic Eden Gardens is scheduled to host the contest on Thursday, February 19.",2026-02-19T01:30:32Z,https://crickettimes.com/2026/02/wi-vs-ita-t20-world-cup-2026-match-prediction-who-will-win-todays-game-between-west-indies-and-italy/,fedbfd7c3e0bb5501a0158a3b59a981e,world
"WI vs ITA Dream11 Prediction Today Match, Dream11 Team Today, Fantasy Cricket Tips, Playing XI, Pitch Report, Injury Update- ICC T20 World Cup 2026, Match 37","The iconic Eden Gardens, Kolkata will set the stage on 19th February as West Indies will square off against Italy in the thirty-seventh match of the ICC T20 World Cup 2026 at 11:00 AM IST.
Get the best WI vs ITA Dream11 prediction, fantasy cricket ti... [3828 chars]","Get the best WI vs ITA Dream11 prediction, fantasy cricket tips, probable playing XI, and match insights for the 37th match of the ICC T20 World Cup 2026. Expert analysis and more.",2026-02-19T01:30:00Z,https://cricketaddictor.com/fantasy-cricket/wi-vs-ita-dream11-prediction-today-match-dream11-team-today-fantasy-cricket-tips-playing-xi-pitch-report-injury-update-icc-t20-world-cup-2026-match-37-398772/,fd1457aff00841803f88954195edf809,world
"Deep beneath the Red Sea, the Gulf of Aqaba hides a toxic ‘ocean within an ocean’ where life cannot survive","Deep beneath the Red Sea, the Gulf of Aqaba hides a toxic ‘ocean within an ocean’ where life cannot survive (Image Source - Communications Earth & Environment )
The surface of the Gulf of Aqaba appears calm for most of the year, with little to sugges... [3103 chars]","Rest of World News: The surface of the Gulf of Aqaba appears calm for most of the year, with little to suggest what sits far below. Nearly 1,800 metres down, researchers .",2026-02-19T01:30:00Z,https://timesofindia.indiatimes.com/world/rest-of-world/deep-beneath-the-red-sea-the-gulf-of-aqaba-hides-a-toxic-ocean-within-an-ocean-where-life-cannot-survive/articleshow/128515877.cms,550ecd1ef5d3414c2addd15bc14f23a9,world
7-Eleven bets on Australian stores to show it can grow globally,"The company behind 7-Eleven is betting Australia can be a proving ground for global growth, seeking to re-create the Japan-style convenience-store model that made the brand a powerhouse at home.
Seven & I Holdings bought the local operator of its bra... [783 chars]","Australia is a live test of whether the 7-Eleven Japan model — built around fresh, prepared food and daily services — can succeed around the world.",2026-02-19T01:29:45Z,https://www.japantimes.co.jp/business/2026/02/19/companies/seven-eleven-australia/,27a434e17f1b5b270266b182b4c87018,world
Bihar Introduces E-Voting At AI Impact Summit 2026,"As the world progress is towards getting used to artificial intelligence in our day-to-day lives, the state of Bihar is also tightening its seat belts to walk hand-in-hand with AI.
Artificial intelligence is being used by the state of Bihar in severa... [4785 chars]","As the world progress is towards getting used to artificial intelligence in our day-to-day lives, the state of Bihar is also tightening its seat belts to walk hand-in-hand with AI.",2026-02-19T01:18:21Z,https://www.ndtv.com/india-news/bihar-introduces-e-voting-at-ai-impact-summit-2026-11056447,42adafe8a55e8ee1c4a38c5871c6499b,world
World lacks rigorous scientific methods to test AI safety: Rumman Chowdhury,"The teams get dismantled. The testing tools are scientifically inadequate. The commitments don’t survive changes, corporate or political. And no jurisdiction has found a governance model that works to make AI safe and responsible. That is the assessm... [7535 chars]","Rumman Chowdhury said even where responsible AI teams survive leadership changes, their effectiveness depends on where they sit within an organisation — a question she said is rarely discussed.| India News",2026-02-19T01:18:12Z,https://www.hindustantimes.com/india-news/world-lacks-rigorous-scientific-methods-to-test-ai-safety-rumman-chowdhury-101771442384020.html,456e24ed6db229a3077c7e206655796d,world
Saad Bin Zafar Interview: Virat Kohli Is the Opposite of His False Cocky Image,"Yes, it is the most memorable match of my career so far. Actually, my dream was to bowl to Virat Kohli, and it would have happened at the last T20 World Cup, but unfortunately the match was washed out by rain. But it was a great feeling to play again... [3857 chars]","T20 World Cup 2026: Canada is unique. Here, Saad Bin Zafar can say Virat Kohli is the GOAT despite hailing from Pakistan. The Quint sits down with Canada's all-time leading wicket-taker for an exclusive conversation.",2026-02-19T01:16:57Z,https://www.thequint.com/sports/cricket/t20-world-cup-2026-saad-bin-zafar-interview-canada-virat-kohli-opposite-of-cocky-image,33268a125b85c5d3a826da5301176bbb,world
New York City has always been No. 1 — but a lot is changing,"A telling of city dwelling
New York. One big gridlock. World’s greatest city. Place where you’d love to park — but can’t.
Traffic signs say: No stopping, no standing, no parking, no kidding.
Anybody in NY who speaks good English must be a foreigner. ... [2900 chars]",New York. One big gridlock. World’s greatest city. Place where you’d love to park — but can’t.,2026-02-19T01:13:21Z,https://nypost.com/2026/02/18/opinion/new-york-city-has-always-been-no-1-but-a-lot-is-changing/,4cd782c351fa5591a051472a47f73d52,world
Australia's debt levels at their highest since the WWII | Midday News Bulletin 19 February 2026,"Listen to Australian and world news and follow trending topics with SBS News Podcasts.
TRANSCRIPT
A new report showing Australia's debt levels at their highest since the Second World War...
Regret from Meta CEO Mark Zuckerberg over Instagram's slow p... [4269 chars]","A new report showing Australia's debt levels at their highest since the Second World War, Regret from Meta CEO Mark Zuckerberg over Instagram's slow progress in detecting underage users, An upset for Arsenal in the Premier League.",2026-02-19T01:11:33Z,https://www.sbs.com.au/news/podcast-episode/australias-debt-levels-at-their-highest-since-the-wwi-midday-news-bulletin-19-february-2026/hxb71iib8,8d32ea9e217d73343e6dcd3f340c6fff,world
"Shadab Khan plays whataboutery card, shuts down Mohammad Yousuf with ‘they have never defeated India'","Colombo:
After a convincing 102-run win over Namibia in their final T20 World Cup 2026 clash, Pakistan all-rounder Shadab Khan hit back at Mohammad Yousuf, after the former cricketer expressed his disappointment with the team’s poor performance again... [1838 chars]","Pakistan all-rounder Shadab Khan hit back at former cricketer Mohammad Yousuf with a scathing remark, recalling their past losses to India in World Cups. The comments were made after Yousuf noted that Shadab, Babar Azam and Shaheen Afridi should be axed from the T20I set-up.",2026-02-19T01:05:21Z,https://www.indiatvnews.com/sports/cricket/shadab-khan-plays-whataboutery-card-shuts-down-mohammad-yousuf-with-they-have-never-defeated-india-2026-02-19-1030845,7630d38c90e56cbaa345c99ee60c7020,world
"Trump kicks off his 'Board of Peace,' with eye on Gaza and beyond","US President Donald Trump on Thursday gathers allies to inaugurate the ""Board of Peace,"" his new institution focused on progress on Gaza but whose ambitions reach much further.
Around two dozen world leaders or other senior officials have come to Was... [4410 chars]","US President Donald Trump on Thursday gathers allies to inaugurate the ""Board of Peace,"" his new institution focused on progress on Gaza but whose ambitions reach much further.Around two dozen world leaders or other senior officials have come to Washington for the meeting -- including several of Trump's authoritarian-leaning friends and virtually none of the European democrats that traditionally sign on to US initiatives.",2026-02-19T01:03:58Z,https://www.al-monitor.com/originals/2026/02/trump-kicks-his-board-peace-eye-gaza-and-beyond,2c059429f1741dc5884d14e6a6a24e59,world
Opinion: Utah against the world,"Editor’s note: This article was originally published on X. It has been republished with permission and edited for length and Deseret News style.
The NBA fined the Utah Jazz $500,000 last Thursday for the crime of managing their roster. The league’s s... [13034 chars]","For the Utah Jazz, the rules of the NBA have always been applied with a different hand",2026-02-19T01:03:35Z,https://www.deseret.com/opinion/2026/02/18/utah-jazz-nba-fine/,aef59df818bd964663e8acf45bece02f,world
China on track to finish world’s ‘most difficult’ railway project before 2030,"The world’s “most difficult” railway project is taking shape in rugged southwestern China.
The line connecting Dali and border town Ruili in Yunnan province is the first to cut through the Hengduan Mountains, traversing some of the world’s most compl... [602 chars]","330km Dali-Ruili Railway is expected to transform transport in Yunnan’s mountainous west, and better link China to South and Southeast Asia.",2026-02-19T01:03:05Z,https://www.scmp.com/news/china/science/article/3343951/china-track-finish-worlds-most-difficult-railway-project-2030,96946642901d3fe050e1dc4849fce6ac,world
YouTube is now an exhibit at one of the world’s biggest museums - and I'm shocked that 2006 is now considered 'vintage',"Last year marked 20 years since YouTube was revealed to the world, as well as the anniversary of the first-ever YouTube video. To celebrate this milestone, it’s heading to one of the most famous art museums in the world, the V&A museum in London, and... [3047 chars]",What's next? Instagram in the Guggenheim?,2026-02-19T01:00:00Z,https://www.techradar.com/computing/social-media/youtube-is-now-an-exhibit-at-one-of-the-worlds-biggest-museums-and-im-shocked-that-2006-is-now-considered-vintage,15604c68c4fc3474113aa49142dae1e7,world
The Chinese Take A Hammer To The U.S. Dollar By Instructing Their Banks To Dial Back Their Holdings Of U.S. Treasuries,"For decades, the dominance of the United States has been primarily based on the strength of the U.S. dollar. Having the main reserve currency of the world has meant that everyone else has wanted and needed our currency. In fact, our currency is our n... [6190 chars]",Uncover the implications of a changing world on the future of the U.S. dollar and American economic stability.,2026-02-19T01:00:00Z,https://www.activistpost.com/the-chinese-take-a-hammer-to-the-u-s-dollar-by-instructing-their-banks-to-dial-back-their-holdings-of-u-s-treasuries/,498395190b99dce28a9d7f33b712ec3e,world
"K-pop broke taboos by being inclusive. Now, K-beauty is starting to do the same","By Kati Chitrakorn, CNN
(CNN) — These days, attend any K-pop concert – whether it’s Blackpink or BTS – and you’ll find a crowd of diverse fans coming from all over the world and singing along, even though the songs are primarily in Korean. It’s a tel... [10549 chars]","By Kati Chitrakorn, CNN (CNN) — These days, attend any K-pop concert – whether it’s Blackpink or BTS – and you’ll find a crowd of diverse fans coming from all over the world and singing along, even though the songs are primarily in Korean. It’s a telling symbol of South Korea’s push to diversify and",2026-02-19T00:59:59Z,https://abc17news.com/entertainment/cnn-style/2026/02/18/k-pop-broke-taboos-by-being-inclusive-now-k-beauty-is-starting-to-do-the-same/,90d5f1747e866b623e5daf7ae1a0a245,world
"Barbara Kingsolver returns with 'Partita,' her first novel since 'Demon Copperhead'","Barbara Kingsolver has completed a new novel that brings classical music into her familiar rural world
Barbara Kingsolver returns with ‘Partita,’ her first novel since ‘Demon Copperhead’By HILLEL ITALIEAP National WriterThe Associated PressNEW YORK
N... [1992 chars]","Barbara Kingsolver has completed a new novel that brings classical music into her familiar rural world Barbara Kingsolver returns with 'Partita,' her",2026-02-19T00:56:25Z,https://www.breitbart.com/news/barbara-kingsolver-returns-with-partita-her-first-novel-since-demon-copperhead/,a9fb1ee0d2c3b57a7801589c204389c9,world
"US ready to strike Iran this weekend, but Trump undecided","The Gerald R. Ford joins the USS Abraham Lincoln in the waters near Iran, while U.S. Air Force fighter jets based in the United Kingdom have relocated to the Middle East.
Trump has repeatedly dodged answering questions about whether he will ultimatel... [1270 chars]",The U.S. military buildup surrounding Iran is growing after Trump deployed the world's largest warship to the region.,2026-02-19T00:52:48Z,https://www.washingtonexaminer.com/policy/defense/4462612/us-ready-strike-iran-soon-trump-undecided/,c520b30935faf1aca48cbfc90d6dff0a,world
Adelaide street circuit confirmed for 2027 Australian Grand Prix as MotoGP announces switch from Victoria to SA,"MotoGP has announced the Australian Grand Prix will take place on an F1-like extended version of the Adelaide street circuit when it debuts in South Australia next year.
Formal confirmation of the move away from Victoria’s Phillip Island arrived on T... [3548 chars]",‘One of the greatest circuits in the world’ is being ditched for a ‘first of its kind’ gamble in Adelaide.,2026-02-19T00:52:29Z,https://7news.com.au/sport/motorsport/adelaide-street-circuit-confirmed-for-2027-australian-grand-prix-as-motogp-announces-switch-from-victoria-to-sa-c-21687538,6500b8ddae534854537970ef25435a30,world
Landon Donovan Makes Bold USMNT Prediction for the 2026 World Cup,"There are a few months left for U.S. men's national team coach Mauricio Pochettino to decide the squad he will call up for the 2026 World Cup.
Team USA has four friendlies scheduled before the World Cup, on March 28 against Belgium, March 31 against ... [1735 chars]","There are a few months left for U.S. men's national team coach Mauricio Pochettino to decide the squad he will call up for the 2026 World Cup. Team USA has four friendlies scheduled before the World Cup, on March 28 against Belgium, March 31 against Portugal, May 31 against Senegal and June 6 against Germany.",2026-02-19T00:51:10Z,https://www.yardbarker.com/soccer/articles/landon_donovan_makes_bold_usmnt_prediction_for_the_2026_world_cup/s1_17615_43488104,f27ca99d7235157883c3340c7e76aa70,world
"School assembly news headlines, February 19: Top India, world, sports, business news","Here are the top national and international news updates for February 19, covering key developments in politics, economy, diplomacy, and global events.
NATIONAL NEWS
1. GALGOTIAS UNIVERSITY APOLOGISES OVER ROBODOG
Galgotias University apologised afte... [2844 chars]","School Assembly News Headlines for February 19: From AI investments in India to rising global tensions, today’s news highlights technology, law and international diplomacy.",2026-02-19T00:50:27Z,https://www.indiatoday.in/education-today/news/story/school-assembly-news-headlines-february-19-top-india-world-sports-business-news-2870547-2026-02-19,e5cbe26bdb5996dd52242b10a69aa3a4,world
Impact Podcast with John Shegerian Announces All-Star Roster for New Season,"LOS ANGELES--(BUSINESS WIRE)--Impact Podcast with John Shegerian has announced a packed roster of sustainability and impact all-stars from many of the world’s leading brands as guests for the new season of the show. The Webby Award honored podcast, c... [1895 chars]",Impact Podcast with John Shegerian has announced a packed roster of sustainability and impact all-stars from many of the world’s leading brands as guests for...,2026-02-19T00:49:00Z,https://www.businesswire.com/news/home/20260218231212/en/Impact-Podcast-with-John-Shegerian-Announces-All-Star-Roster-for-New-Season,120873956770320222a752e032c3dbee,world
UK pubs to stay open until 2am for World Cup 2026 knockout games,"Pubs across the UK will be able to extend opening hours until 2am if England, Scotland, Wales or Northern Ireland reach the knockout stage of this summer's World Cup
Pubs across the country will be permitted to remain open until 2am this summer durin... [1477 chars]","Pubs across the UK will be able to extend opening hours until 2am if England, Scotland, Wales or Northern Ireland reach the knockout stage of this summer's World Cup",2026-02-19T00:42:17Z,https://www.mirror.co.uk/news/uk-news/uk-pubs-stay-open-until-36746120,e0c2333123df91e6342c73a76750e332,world
How to Get Tickets Online Now,"All products and services featured are independently chosen by editors. However, Billboard may receive a commission on orders placed through its retail links, and the retailer may receive certain auditable data for accounting purposes.
Grammy winning... [2888 chars]",Olivia Dean is gearing up for her first-ever world tour. Check our guide to securing affordable tickets to the Art of Loving Live tour online here.,2026-02-19T00:34:29Z,https://www.billboard.com/culture/product-recommendations/olivia-dean-art-of-loving-live-world-tour-tickets-online-1236181490/,8ad5eff39cb38f2f7e1d8a5a179f7735,world
Why India have not been batting in their fearless template? Shivam Dube answers,"India all-rounder Shivam Dube addressed concerns over the team's struggling batting lineup, admitting that World Cup pressure has forced batters to adopt a more situational approach rather than the aggressive intent shown in recent bilaterals.
IND vs... [2954 chars]",T20 World Cup: Shivam Dube admits World Cup pressure has changed India's batting approach. The all-rounder addresses concerns over Abhishek Sharma's form and the team's struggles against off-spin.,2026-02-19T00:32:02Z,https://www.indiatoday.in/sports/cricket/story/t20-world-cup-shivam-dube-india-batting-concerns-pressure-off-spin-netherlands-2870679-2026-02-19,4cd0e01ef998353a6f47933b1b477e6d,world
Alysa Liu Says Winning Isn’t Her Focus Ahead of Olympic Final,"Almost every girl who grows up lacing up figure skating boots dreams of one day becoming a world champion or winning a Winter Olympic Games gold medal.
Although Team USA's Alysa Liu might have held that thought process once in her past, at 20, a day ... [2039 chars]",Alysa Liu is the reigning world champion of figure skating. She doesn't care. Liu's focus at the Olympics isn't a gold medal.,2026-02-19T00:31:27Z,https://www.newsweek.com/sports/alysa-liu-says-winning-isnt-her-focus-ahead-of-olympic-final-11545659,d0be5b3c8ed1068e0533c426b5223f8f,world
From serial hitter to serial ducker: What explains Abhishek Sharma's dreadful start to T20 World Cup,"February 7, 2026, Wankhede Stadium, Mumbai. The start of India’s T20 World Cup campaign and defence. They are batting first, much to the crowd’s delight. Ishan Kishan signals India’s intentions in the opening over. But that still feels like an appeti... [3846 chars]","After lighting up the T20I circuit for the past couple of years, Abhishek Sharma has dramatically started this T20 World Cup with three straight ducks.",2026-02-19T00:30:19Z,https://www.firstpost.com/firstcricket/abhishek-sharma-t20-world-cup-2026-ducks-analysis-13981390.html,e90bf7f16bd62c88ae81b463cd91c149,world
Twirl through Time: Bengaluru's History of Bridgerton-style Balls,"In the aftermath of the Battle of Bangalore in 1791, four years before the Regency period started in England, the city was transitioning into a stronghold for the British East India Company and grand balls were the last thing on anyone’s mind. The Br... [4579 chars]","As season 4 of Bridgerton sweeps us into a world of masked romance and glittering ballrooms, we turn to Bengaluru’s past to see how such grand evenings unfolded",2026-02-19T00:30:00Z,https://www.newindianexpress.com/cities/bengaluru/2026/Feb/19/twirl-through-time-bengalurus-history-of-bridgerton-style-balls,cbec6f1ce922b13de5140bc4369c4534,world
WI vs ITA Live Streaming: How to watch West Indies vs Italy T20 World Cup match live telecast,"West Indies vs Italy T20 World Cup Match Live Streaming: The two-time champions, West Indies, head to the iconic Eden Gardens in Kolkata looking to finish their Group C campaign with a perfect 4-0 record. Having already secured their Super 8 berth wi... [1718 chars]","West Indies vs Italy Live Streaming: Fans will have the option of watching the WI vs ITA on TV, online.",2026-02-19T00:30:00Z,https://www.financialexpress.com/sports/cricket/west-indies-vs-italy-live-cricket-scores-streaming-on-star-sports-1-hd-jiohotstar/4147582/,abba43f105cddef73b36a5e638f697c3,world
housing conversions aim to bring ‘vitality and energy to the streets’,"REAL ESTATE
Office-to-housing conversions aim to bring ‘vitality and energy to the streets’
About 340 new housing units will be created in Boston, Fitchburg, New Bedford, Pittsfield, and Worcester through the transformation of former commercial prope... [8962 chars]",Stories you may have missed from the world of business.,2026-02-19T00:29:40Z,https://www.bostonglobe.com/2026/02/18/business/office-to-housing-conversions-aim-bring-vitality-energy-streets/,67bb0efaa882547e8f7085a1202b4974,world
World's best beaches for 2026 revealed - and two of the top three are just a £44 flight away,"Summer might feel like it's still ages away for us here in the UK.
But an antidote to the grey skies and the cold-weather blues might be planning your next vacation - and fantasising about the beaches you'd like to visit.
And now you can do so fully ... [5164 chars]","From Greece to Thailand, these are the world's 24 best beaches, as ranked in Tripadvisor's The Travellers' Choice Awards Best of the Best.",2026-02-19T00:21:40Z,https://www.dailymail.co.uk/travel/article-15570983/Worlds-best-beaches-2026-revealed.html,f06a0126d07ffc3baf633f7038e60678,world
Kresus secures $13M investment from Hanwha to scale wallet and RWA tokenization tech,"Wallet infrastructure firm Kresus Labs has raised approximately 18 billion won ($13 million) in investment from Hanwha Investment & Securities, one of South Korea’s largest financial institutions.
The investment follows a memorandum of understanding ... [1089 chars]",Kresus Labs has raised about $13 million from Hanwha Investment & Securities to grow its enterprise wallet infrastructure and real-world asset tokenization platforms.,2026-02-19T00:20:00Z,https://www.coindesk.com/business/2026/02/18/south-korea-s-hanwhamakes-a-usd13-million-bet-on-seedless-crypto-wallets,fbe3d1d6732c95c4d32ec432b7f2b4c5,world
"AI-related stocks surge on Nvidia tie-ups, but IT companies in red",Shares of many Indian companies linked to AI surged Wednesday after tech giant Nvidia announced a spate of deals amid the ongoing AI Impact Summit in the national capital. Shares of Netweb Technologies rose as high 14% during the day before ending 9%... [706 chars],"Nvidia, a key pillar of the global AI boom through its dominance of the world’s supply of graphics processing units (GPUs), said Netweb Technologies will launch its Tyrone Camarero AI Supercomputing systems built on Nvidia’s Grace Blackwell architecture.",2026-02-19T00:19:44Z,https://indianexpress.com/article/technology/artificial-intelligence/ai-related-stocks-surge-on-nvidia-tie-ups-but-it-companies-in-red-10539932/,dd42b65e6a3b23dc7157d2be0e62310a,world
T20 World Cup: Sri Lanka and Zimbabwe to battle for group bragging rights,"Surprise package Zimbabwe and Sri Lanka will battle for bragging rights when they clash in a compelling T20 World Cup fixture here on Thursday (February 19, 2026), with both teams having already secured their spots in the Super 8s.
The outcome of thi... [3962 chars]",Sri Lanka faces Zimbabwe in a crucial T20 World Cup clash to determine group supremacy and Super 8s positioning.,2026-02-19T00:15:00Z,https://www.thehindu.com/sport/cricket/t20-world-cup-sri-lanka-and-zimbabwe-to-battle-for-group-bragging-rights/article70649437.ece,39cffd368dd65f4a4887e52d2db20d9a,world
IBF featherweight title fight likely headed to Michigan,"Angelo Leo’s professional boxing career has taken him to California, Colorado, Nevada, Georgia, Connecticut, Texas, Florida and his home state of New Mexico, as well as two foreign countries: Mexico and Japan.
So … Michigan? Why not?
That’s where the... [2476 chars]","IBF featherweight champion Angelo Leo is expected to defend his world title against Michigan native Ra’eese Aleem in early May, after Manny Pacquiao’s MP Promotions won the purse bid to bring the boxing showdown to Michigan.",2026-02-19T00:13:00Z,https://www.abqjournal.com/sports/leos-next-fight-likely-headed-for-michigan/2984175,82c255656deaf9746a9cf8731eb957a5,world
Sydney Thunder part ways with coach Trevor Bayliss after horror campaign,"The Sydney Thunder have parted ways with coach Trevor Bayliss after a disappointing Big Bash League campaign where the club received the dreaded wooden spoon for a record sixth time.
The 63-year-old, who led England to its maiden World Cup title in 2... [2794 chars]",Big Bash club part ways with World Cup-winning coach after horror campaign,2026-02-19T00:12:24Z,https://www.foxsports.com.au/cricket/domestic-cricket/big-bash/sydney-thunder-part-ways-with-coach-trevor-bayliss-after-horror-campaign/news-story/ce4b662e78678186f1174165a3d1d233,ed8dae7a13eb5aaf4e310ff25912b0ae,world
Study finds warming world increases days when weather is prone to fires around the globe,"WASHINGTON (AP) — The number of days when the weather gets hot, dry and windy — ideal to spark extreme wildfires — has nearly tripled in the past 45 years across the globe, with the trend increasing even higher in the Americas, a new study shows.
And... [2398 chars]","A new study shows hot, dry and windy weather that fuels extreme wildfires has nearly tripled worldwide in 45 years. Researchers report the rise has sped up especially in the Americas. Wednesday's journal Science Advances shows that globally, big fire-prone days have nearly tripled from about 22 days a year in the 1980s to about 60 days a year lately. Scientists say climate change drives more than half the increase. The study team tracks “synchronous” fire weather, when many places face dangerous conditions at the same time. That overlap strains firefighters and worsens smoke and air quality.",2026-02-19T00:11:14Z,https://www.ajc.com/news/2026/02/study-finds-warming-world-increases-days-when-weather-is-prone-to-fires-around-the-globe/,9707f33e4cff6f2c3586193d78fb549c,world
Taliban Just Made It Legal for Husbands to Beat Wives - As Long As No Bones Are Broken,"The document, called De Mahakumu Jazaai Osulnama, has been distributed to courts throughout Afghanistan. (Image: UNICEF)
The Taliban has introduced a new 90-page criminal code that formally allows husbands to beat their wives as a form of punishment,... [2589 chars]","​​The code gives husbands and “slave masters” the right to carry out discretionary beatings against their wives or subordinates. This form of punishment, is known as ta’zir. , World News, Times Now",2026-02-19T00:11:06Z,https://www.timesnownews.com/world/taliban-just-made-it-legal-for-husbands-to-beat-wives-as-long-as-no-bones-are-broken-article-153641518,8c93da08386c9da683bda2980a978363,world
Pubs can open later if home nations reach World Cup knockout stage,"Home Secretary Shabana Mahmood has agreed to extend opening hours for the knockout rounds of the tournament, which is being hosted jointly by the US, Canada and Mexico.
As first reported by The Sun, pubs will also be able to apply for a temporary lic... [1060 chars]",The Home Secretary has agreed to extend opening hours until 1am for most knockout games.,2026-02-19T00:07:42Z,https://www.bournemouthecho.co.uk/news/national/25867652.pubs-can-open-later-home-nations-reach-world-cup-knockout-stage/,7c33cd2459cd4d9677dd21b0c61c45a8,world
Pubs can open later if home nations reach World Cup knockout stage,"Home Secretary Shabana Mahmood has agreed to extend opening hours for the knockout rounds of the tournament, which is being hosted jointly by the US, Canada and Mexico.
As first reported by The Sun, pubs will also be able to apply for a temporary lic... [1060 chars]",The Home Secretary has agreed to extend opening hours until 1am for most knockout games.,2026-02-19T00:07:42Z,https://www.theargus.co.uk/news/national/25867652.pubs-can-open-later-home-nations-reach-world-cup-knockout-stage/,3da2bff871b24297278780bd68d31330,world
Pubs can open later if home nations reach World Cup knockout stage,"Home Secretary Shabana Mahmood has agreed to extend opening hours for the knockout rounds of the tournament, which is being hosted jointly by the US, Canada and Mexico.
As first reported by The Sun, pubs will also be able to apply for a temporary lic... [1060 chars]",The Home Secretary has agreed to extend opening hours until 1am for most knockout games.,2026-02-19T00:07:42Z,https://www.dailyecho.co.uk/news/national/25867652.pubs-can-open-later-home-nations-reach-world-cup-knockout-stage/,aad22963a58f4ca7daf585593d6f5395,world
Pubs can open later if home nations reach World Cup knockout stage,"Home Secretary Shabana Mahmood has agreed to extend opening hours for the knockout rounds of the tournament, which is being hosted jointly by the US, Canada and Mexico.
As first reported by The Sun, pubs will also be able to apply for a temporary lic... [1060 chars]",The Home Secretary has agreed to extend opening hours until 1am for most knockout games.,2026-02-19T00:07:42Z,https://www.thenorthernecho.co.uk/news/national/25867652.pubs-can-open-later-home-nations-reach-world-cup-knockout-stage/,1b6cf71b75028473439d7c22fc4a0c07,world
Pubs can open later if home nations reach World Cup knockout stage,"Home Secretary Shabana Mahmood has agreed to extend opening hours for the knockout rounds of the tournament, which is being hosted jointly by the US, Canada and Mexico.
As first reported by The Sun, pubs will also be able to apply for a temporary lic... [1060 chars]",The Home Secretary has agreed to extend opening hours until 1am for most knockout games.,2026-02-19T00:07:42Z,https://www.oxfordmail.co.uk/news/national/25867652.pubs-can-open-later-home-nations-reach-world-cup-knockout-stage/,882e10a2d4b0177aeed9a39c09bb7d87,world
Pubs can open later if home nations reach World Cup knockout stage,"Home Secretary Shabana Mahmood has agreed to extend opening hours for the knockout rounds of the tournament, which is being hosted jointly by the US, Canada and Mexico.
As first reported by The Sun, pubs will also be able to apply for a temporary lic... [1060 chars]",The Home Secretary has agreed to extend opening hours until 1am for most knockout games.,2026-02-19T00:07:42Z,https://www.lancashiretelegraph.co.uk/news/national/25867652.pubs-can-open-later-home-nations-reach-world-cup-knockout-stage/,8c600e6420a9f9f112ff51050961acc7,world
Pentagon Pete Busted Hanging Out as War Threat Looms,"Donald Trump is edging toward war while his defense secretary is soaking up the sun, toes out.
On Wednesday, the same day reports swirled that Trump, 79, was on the verge of launching a strike on Iran that could ignite a war at any moment, Pete Hegse... [2315 chars]",The defense secretary didn’t seem to have a care in the world as he feasted on chickpeas.,2026-02-19T00:05:21Z,https://www.thedailybeast.com/pentagon-pete-hegseth-busted-hanging-out-florida-as-iran-war-threat-looms/,b98fbbfff10e4f7e653fdb54911372d1,world
Trump 'is preparing to strike Iran in just DAYS' as world's largest aircraft carrier heads to the Middle East,"Donald Trump could make a decision on military strikes in Iran soon, with the US military ready to potentially launch an attack by this weekend.
American military assets have been built up in the Middle East in recent days ahead of a possible strike,... [2999 chars]","Donald Trump could make a decision on military strikes in Iran soon , with the US military ready to potentially launch an attack by this weekend.",2026-02-19T00:04:32Z,https://www.dailymail.co.uk/news/article-15572559/Donald-Trump-Iran-strike-weekend.html,4c9e1e71d480827ef9049f43f5d1849d,world
Study finds warming world increases days when weather is prone to fires around the globe,"WASHINGTON (AP) — The number of days when the weather gets hot, dry and windy — ideal to spark extreme wildfires — has nearly tripled in the past 45 years across the globe, with the trend increasing even higher in the Americas, a new study shows.
And... [3271 chars]","WASHINGTON (AP) — The number of days when the weather gets hot, dry and windy — ideal to spark extreme wildfires — has nearly tripled in the past 45 years…",2026-02-19T00:03:28Z,https://wtop.com/national/2026/02/study-finds-that-dangerous-days-when-weather-is-prone-to-fire-soaring-around-the-world/,a406f63e3bec8cce376c2067914845f5,world
Pubs can open later if home nations reach World Cup knockout stage,"This summer’s football World Cup will see pubs allowed to stay open until 2am if any of the home nations make it to the knockout stage.
Home Secretary Shabana Mahmood has agreed to extend opening hours for the knockout rounds of the tournament, which... [1196 chars]",The Home Secretary has agreed to extend opening hours until 1am for most knockout games.,2026-02-19T00:01:44Z,https://www.standard.co.uk/news/politics/pubs-shabana-mahmood-home-secretary-the-sun-canada-b1271584.html,a1e5f55e9e06d329782d97625ab0061a,world
Pubs can open later if home nations reach World Cup knockout stage,"This summer’s football World Cup will see pubs allowed to stay open until 2am if any of the home nations make it to the knockout stage.
Home Secretary Shabana Mahmood has agreed to extend opening hours for the knockout rounds of the tournament, which... [1196 chars]",The Home Secretary has agreed to extend opening hours until 1am for most knockout games.,2026-02-19T00:01:44Z,https://www.independent.co.uk/news/uk/home-news/shabana-mahmood-home-secretary-the-sun-canada-british-beer-and-pub-association-b2923271.html,ef388e4c562d16c5686bc06a8eb8412f,world
Pubs can open later if home nations reach World Cup knockout stage,"This summer’s football World Cup will see pubs allowed to stay open until 2am if any of the home nations make it to the knockout stage.
Home Secretary Shabana Mahmood has agreed to extend opening hours for the knockout rounds of the tournament, which... [1196 chars]",The Home Secretary has agreed to extend opening hours until 1am for most knockout games.,2026-02-19T00:01:44Z,https://www.expressandstar.com/uk-news/2026/02/19/pubs-can-open-later-if-home-nations-reach-world-cup-knockout-stage/,60fc967555bd0ec4ed848daca718492a,world
Pubs can open later if home nations reach World Cup knockout stage,"This summer’s football World Cup will see pubs allowed to stay open until 2am if any of the home nations make it to the knockout stage.
Home Secretary Shabana Mahmood has agreed to extend opening hours for the knockout rounds of the tournament, which... [1233 chars]",The Home Secretary has agreed to extend opening hours until 1am for most knockout games.,2026-02-19T00:01:44Z,https://www.shropshirestar.com/uk-news/2026/02/19/pubs-can-open-later-if-home-nations-reach-world-cup-knockout-stage/,2f04d1cde21c17f0ab6ebb3ad4258ee4,world
Pubs can open later if home nations reach World Cup knockout stage,"This summer’s football World Cup will see pubs allowed to stay open until 2am if any of the home nations make it to the knockout stage.
Home Secretary Shabana Mahmood has agreed to extend opening hours for the knockout rounds of the tournament, which... [1196 chars]",The Home Secretary has agreed to extend opening hours until 1am for most knockout games.,2026-02-19T00:01:44Z,https://www.kentonline.co.uk/news/national/pubs-can-open-later-if-home-nations-reach-world-cup-knockout-stage-162946/,abd315f5a440df83a9674db77fb6d31a,world
"Tom Noonan, star of RoboCop and The Monster Squad, dies aged 74","Actor and director Tom Noonan has died aged aged 74.
Known for portraying iconic villains such as Cain in RoboCop 2, Noonan also portrayed serial killer Francis Dollarhyde in the 1986 thriller Manhunter and the hacker Kelso in the 1995 drama Heat.
Th... [1766 chars]","‘All in all, he was the proverbial gentleman and scholar and the world has lost a great talent.’",2026-02-19T00:00:21Z,https://7news.com.au/news/tom-noonan-star-of-robocop-and-the-monster-squad-dies-aged-74-c-21686302,c1c4ea01f68563a16cfbe721725fb682,world
FP @ The IMF/World Bank Spring Meetings,"Millions of thought leaders across the globe turn to Foreign Policy to understand the complexities of unfolding crises, trends, and geopolitical issues. Our FP Events division brings these insights to a global audience that’s hungry for informative a... [344 chars]","Foreign Policy returns to the IMF/World Bank Spring Meetings to convene an exclusive group of policymakers, economists, and global executives to discuss priorities for international finance and development.",2026-02-19T00:00:00Z,https://foreignpolicy.com/events/fp-the-imf-world-bank-spring-meetings-2026/,39addf2d4dc1deb76c268b2993d0226c,world
"West Indies vs Italy T20 World Cup 2026: Check for probable playing 11, weather-pitch report and more","In a Group C clash of the ICC Men’s T20 World Cup 2026, the West Indies will take on tournament debutants Italy on February 19. This is the 37th match of the tournament scheduled to be played in Eden Gardens, Kolkata, at 11:00 AM IST. West Indies is ... [1906 chars]","The West Indies take on tournament debutants Italy in a Group C clash of the ICC Men’s T20 World Cup 2026 at Eden Gardens, Kolkata, on February 19.",2026-02-19T00:00:00Z,https://www.financialexpress.com/sports/cricket/west-indies-vs-italy-t20-world-cup-2026-check-for-probable-playing-11-weather-pitch-report-and-morenbsp/4147798/,944fb4d798b26513208d9033ad970dec,world
Over 240 voices to converge in Kalispell for inaugural Composer Festival,"The inaugural Composer Festival on Feb. 20-21 in Kalispell will bring together over 200 singers from across Montana for a celebration of choral music.
Hosted by Bear Grass Performing Arts and the Flathead Valley Youth Chorus participating ensembles i... [1284 chars]",The festival offers a rare opportunity for Montana singers to collaborate directly with world-renowned guest composers.,2026-02-19T00:00:00Z,https://dailyinterlake.com/news/2026/feb/19/over-240-voices-to-converge-in-kalispell-for-inaugural-composer-festival/,b036d890c82ff1ff774d074431c4ef0a,world
‘Climate change adversely impacting world’s coffee supply’,"NEW DELHI :
CLIMATE change is adversely impacting the world’s major coffee-growing regions with high temperatures reducing the harvests and contributing to higher prices of the popular beverage, according to a new report. Coffee is one of the most so... [2539 chars]","climate change is adversely impacting the world’s major coffee-growing regions with high temperatures reducing the harvests and contributing to higher prices of the popular beverage, according to a new report. coffee is one of the most sought-after non-alcoholic beverages in the world, with an estimated 2.2 billion cups consumed every day. in the united states alone, at least two-thirds of adults drink coffee daily. according to an analysis by climate central, a not-for-profit group of scientists and commun",2026-02-19T00:00:00Z,https://www.thehitavada.com/Encyc/2026/2/19/climate-change-adversely-impacting-worlds-coffee-supply.html,c7d5baf8ccfdd6ac04db5f96d9c69b43,world
"Not doomsday, AI will Ring in modernisation: C S Venkatakrishnan, Barclays","Synopsis
Barclays CEO C S Venkatakrishnan highlights India's strong growth and digital transformation reshaping its global economic standing. He believes AI will modernize systems rather than eliminate jobs, and the world is entering a sensitive cred... [9180 chars]","Barclays CEO C S Venkatakrishnan highlights India's strong growth and digital transformation reshaping its global economic standing. He believes AI will modernize systems rather than eliminate jobs, and the world is entering a sensitive credit cycle after years of cheap borrowing, with geopolitical shifts mirroring the 1970s-80s.",2026-02-19T00:00:00Z,https://economictimes.indiatimes.com/markets/expert-view/not-doomsday-ai-will-ring-in-modernisation-c-s-venkatakrishnan-barclays/articleshow/128531876.cms,975db4b193922334950b50d2bfab04c7,world
Jan Stanard’s career has been a window to the world,"By Elizabeth Hunter on Tuesday, February 17, 2026
Subhead
Aurora native, UNL golf champ dives into work around the world
“My life has been fabulous!” That’s how Aurora native and UNL women’s golf pioneer Jan Stanard describes her career in sales, tea... [388 chars]","“My life has been fabulous!” That’s how Aurora native and UNL women’s golf pioneer Jan Stanard describes her career in sales, teaching, and business leadership in locations around the nation and world.In the 1970s Stanard was a standout player on the Aurora girls golf team, winning the State Class B Girls Golf title in 1976 with an 18-hole score of 90. The work ethic which made her successful in golf carried over to her career, which she credits to her golf coach, Dick Binfield.“He was a great influence on me and gave me a great work ethic when I was young,” she said.",2026-02-19T00:00:00Z,https://www.auroranewsregister.com/news/jan-stanards-career-has-been-window-world,6f213d39699a5a1fca2da4af6e4c1e63,world
"West Indies vs Italy, T20 World Cup prediction: Can Italy’s fairy tale survive Caribbean firepower?","West Indies face Italy in Match 37 of the T20 World Cup 2026 on February 19, with the Caribbean side already building momentum in the tournament. While Italy have emerged as one of the surprise stories of the competition, AI prediction engines see a ... [2295 chars]","West Indies vs Italy T20 World Cup 2026 prediction: AI models back WI with a dominant win probability ahead of the February 19 clash at Eden Gardens. Check match analysis, key factors, pitch report and qualification scenarios.",2026-02-19T00:00:00Z,https://www.financialexpress.com/sports/cricket/west-indies-vs-italy-t20-world-cup-prediction-can-italys-fairy-tale-survive-caribbean-firepower/4147710/,7775361169129c077af3fcd2c82d8cce,world
"Sri Lanka vs Zimbabwe T20 World Cup 2026: All you need to know about Colombo’s weather, pitch report, and more","In a Group B encounter of the ICC Men’s T20 World Cup 2026, Sri Lanka is set to face Zimbabwe at the R. Premadasa Stadium in Colombo tomorrow, February 19, at 3:00 PM IST. Sri Lanka has secured the top spot of Group B, with six points after winning a... [1998 chars]","Sri Lanka and Zimbabwe clash in a vital Group B encounter of the ICC Men’s T20 World Cup 2026 at the R. Premadasa Stadium, Colombo.",2026-02-19T00:00:00Z,https://www.financialexpress.com/sports/cricket/sri-lanka-vs-zimbabwe-t20-world-cup-2026-all-you-need-to-know-about-colombos-weather-pitch-report-probable-playing-11-and-more/4147815/,fb3b0de7cfe04742206953e2efbe3292,world
'Be critical of coping mechanisms': Mental health advocate on 'self-compassion over saving face',"While Filipinos are known to be one of the happiest people in the world, mental health advocate Giancarlo de Vera says that we should be cautious about always pushing through the hurt and simply 'looking at the bright side' of things.
Key Points
BEIN... [1087 chars]","While Filipinos are known to be one of the happiest people in the world, mental health advocate Giancarlo de Vera says that we should be cautious about always pushing through the hurt and simply 'looking at the bright side' of things.",2026-02-19T00:00:00Z,https://www.sbs.com.au/language/filipino/en/podcast-episode/be-critical-of-coping-mechanisms-mental-health-advocate-on-self-compassion-over-saving-face/np0zxopdl,ba622725c19aebf18670fbdeca97b9c1,world
"Tariff wars will not harm us, India to lead Global South, says Mohan Bhagwat","“Tariff wars will not harm us. We will not be oppressed by any country; we will stand firm. Everything will return to normal in a few days. India’s economy is not in the hands of capitalists and banks, but in our homes. India has the strength to with... [2571 chars]",Bhagwat appeals to Hindus to unite in the larger interest of the nation and urges them not to judge the RSS without joining it,2026-02-19T02:52:14Z,https://www.hindustantimes.com/cities/lucknow-news/tariff-wars-will-not-harm-us-india-to-lead-global-south-says-mohan-bhagwat-101771444175758.html,fec02c579a8b849c034ff1e9e20d076a,nation
"'Some of the greatest computer scientists in US are of Indian origin,' Stanford Professor says at AI Summit 2026","Synopsis
India is set to retain its top tech talent and foster its own artificial intelligence capabilities. Surya Ganguli, a Stanford expert, highlights the significant contributions of Indian-origin scientists in the US. He believes India's young p... [2897 chars]","India is set to retain its top tech talent and foster its own artificial intelligence capabilities. Surya Ganguli, a Stanford expert, highlights the significant contributions of Indian-origin scientists in the US. He believes India's young population possesses immense talent. The nation is now positioned to grow sovereign AI. Sensible regulation is encouraged to support innovation without stifling it.",2026-02-19T02:31:00Z,https://economictimes.indiatimes.com/news/india/some-of-the-greatest-computer-scientists-in-us-are-of-indian-origin-stanford-professor-says-at-ai-summit-2026/articleshow/128535237.cms,070b0b85b1286934b1762edaabe8707b,nation
"China’s marriage numbers edge higher in 2025, but demographic worries remain","SHANGHAI: Every weekend, a corner of Shanghai’s People’s Park fills with anxious parents on a mission.
Sheets of paper are pinned along the pathways, taped to bags or umbrellas, or laid out on the ground. They list their children’s age, job, details ... [2344 chars]",6.76 million couples tied the knot in China last year – a 10.8 per cent rebound from 2024’s record low – but falling birth rates continue to cast a shadow on the world’s second-most populous nation.,2026-02-19T02:28:14Z,https://www.channelnewsasia.com/east-asia/china-marriages-birth-rate-2025-5933461,14d9ed2f1ceed9c544d2b5a85b851ff9,nation
Anwar: Don’t let disputes derail nation-building efforts,"PUTRAJAYA: Malaysians must not be trapped in prolonged disputes, as such divisions would only weaken efforts to build a peaceful and resilient nation, says Datuk Seri Anwar Ibrahim.
While acknowledging his own shortcomings, the Prime Minister stresse... [1510 chars]","PUTRAJAYA: Malaysians must not be trapped in prolonged disputes, as such divisions would only weaken efforts to build a peaceful and resilient nation, says Datuk Seri Anwar Ibrahim.",2026-02-19T02:28:00Z,https://www.thestar.com.my/news/nation/2026/02/19/anwar-dont-let-disputes-derail-nation-building-efforts,070877dd6397f3c9c8808b1f72808b6b,nation
Nation's only unsalaried legislature asks New Mexico voters to reconsider volunteer status,"SANTA FE, N.M. — Members of the nation’s only unsalaried legislature are asking voters to reconsider their volunteer status that has endured for 114 years since statehood in New Mexico.
The state Senate on Tuesday night narrowly endorsed a constituti... [1453 chars]","Voters will decide in November whether to allow legislative salaries and tie them to the state's median income level — currently about $67,000.",2026-02-19T02:24:28Z,https://www.nbcnews.com/politics/politics-news/new-mexico-only-unsalaried-legislature-nation-asks-voters-reconsider-rcna259669,acaf159a46898c68663a8f8545fb8c71,nation
"An AI Summit, a culinary blind spot","All eyes have been on India this week as the India AI Impact Summit positions Delhi at the centre of a global technological conversation.
The scale of it is visible everywhere. Roads leading towards Bharat Mandapam swell with traffic; hotel entrances... [4080 chars]","In a nation where food is both memory and modernity, the table deserves a seat in the conversation.",2026-02-19T02:20:00Z,https://www.newindianexpress.com/cities/delhi/2026/Feb/19/an-ai-summit-a-culinary-blind-spot,2177474b5c61142afc69ee739f54480b,nation
Jobs market cools but interest rate pressure still hot,"Australia's jobs market cooled slightly in the first month of 2026, but not enough to avoid more interest rate hikes in the near future, analysts warn.
Subscribe now for unlimited access.
or signup to continue reading
Save 30%
All articles from our w... [4817 chars]","The nation's unemployment rate has held steady for January, complicating the Reserve Bank's next interest rate decisions.",2026-02-19T02:16:52Z,https://www.canberratimes.com.au/story/9178424/jobs-market-cools-but-interest-rate-pressure-still-hot/,04109e23139b72acbf666ebe920764e8,nation
No. 2 Randolph-Macon basketball claims top spot in ODAC,"Zach Joachim (804) 649-6555
zjoachim@timesdispatch.com
Love
0
Funny
0
Wow
0
Sad
0
Angry
0
Be the first to know
Get local news delivered to your inbox!
* I understand and agree that registration on or use of this site constitutes agreement to its user... [409 chars]","The banners adorning the walls of Randolph-Macon's Crenshaw Gym are a stark, ever-present reminder of the lofty standards synonymous with one of the nation's best D-III college basketball programs.",2026-02-19T02:15:00Z,https://richmond.com/sports/college/basketball/article_299fb4a9-b886-4aab-a1c7-e8d0f76d5aad.html,0d8ad726beff0a9d55a3d87ea02cf4bf,nation
"Ramadan a time to reflect and reset, says PM","PUTRAJAYA: Ramadan is not only a month of fasting, but a powerful opportunity for self-renewal, moral strengthening and collective responsibility towards building a better nation, says Prime Minister Datuk Seri Anwar Ibrahim.
He described Ramadan as ... [2185 chars]","PUTRAJAYA: Ramadan is not only a month of fasting, but a powerful opportunity for self-renewal, moral strengthening and collective responsibility towards building a better nation, says Prime Minister Datuk Seri Anwar Ibrahim.",2026-02-19T02:13:00Z,https://www.thestar.com.my/news/nation/2026/02/19/ramadan-a-time-to-reflect-and-reset-says-pm,ece91442725ad9f4ea1cc07ada21bc2d,nation
Inside the bribery plot that led to a DEA supervisor's downfall in the Dominican Republic,"MIAMI (AP) — The scheme began, investigators say, with a hushed message passed along by a music promoter in the Caribbean: Instead of the usual years-long wait to apply for permission to enter the United States, a visa appointment at the U.S. Embassy... [2243 chars]","Federal investigators say a veteran agent with the Drug Enforcement Administration took cash to push fraudulent visa applications through the U.S. Embassy in the Dominican Republic. According to a federal affidavit unsealed Wednesday, agent Meliton Cordero worked with a local music promoter who claimed he could shorten the long visa wait for a $10,000 fee. Undercover sources helped investigators document payments and messages that linked Cordero to the scheme. Cordero’s arrest last week in Washington as part of the ongoing investigation prompted the Trump administration to abruptly shutter the DEA’s office in the Caribbean nation over what it said was a “disgusting and disgraceful violation of public trust.""",2026-02-19T02:02:27Z,https://www.ajc.com/news/2026/02/inside-the-bribery-plot-that-led-to-a-dea-supervisors-downfall-in-the-dominican-republic/,9d33f6d5df0824e76f02fc38b2f47412,nation
Watch Unitree's G1 unleash a kung fu robot frenzy,"Chinese robotics leader Unitree took full advantage of the nation’s Lunar New Year celebrations this week to show off the impressive skills of its G1 humanoid robot.
A video (top) of the event shows numerous G1 robots participating in what Unitree de... [1932 chars]",Chinese robotics leader Unitree took full advantage of the nation’s Lunar New Year celebrations this week to show off the impressive skills of its G1 humanoid robot. A video (top) of the event shows numerous G1 robots participating in what Unitree described as “the world’s first fully autonomous humanoid kung fu performance.” There’s a spot […],2026-02-19T02:00:00Z,https://www.digitaltrends.com/computing/watch-unitrees-g1-unleash-a-kung-fu-robot-frenzy/,70f0094e8df8ad96e59fcb2981152ea8,nation
Russia hosts Cuban foreign minister and urges US not to blockade Cuba,"MOSCOW — Russian top officials hosted the Cuban foreign minister for talks in Moscow on Wednesday and spoke out in support of the island nation as it faces blackouts and severe fuel shortages worsened by a US oil embargo.
Cuban Foreign Minister Bruno... [2545 chars]",MOSCOW — Russian top officials hosted the Cuban foreign minister for talks in Moscow on Wednesday and spoke out in support of the island nation as it faces blackouts and severe fuel shortages worsened by a US oil embargo.,2026-02-19T01:59:00Z,https://www.manilatimes.net/2026/02/19/world/americas-emea/russia-hosts-cuban-foreign-minister-and-urges-us-not-to-blockade-cuba/2280833,1f8037773d77c74749952e712ce7e45d,nation
Ho Chi Minh City emerges as hub for integrating digital tools,"HO CHI MINH CITY: HCM City has emerged as the nation’s central hub for integrating digital tools into all aspects of life, experts said.
Nguyen Thanh Hoa, deputy director of the HCM City Digital Transformation Centre (HCMC-DXCentre) under the HCM Cit... [4889 chars]","HO CHI MINH CITY: HCM City has emerged as the nation's central hub for integrating digital tools into all aspects of life, experts said.",2026-02-19T01:56:00Z,https://www.thestar.com.my/aseanplus/aseanplus-news/2026/02/19/ho-chi-minh-city-emerges-as-hub-for-intergrating-digital-tools,7f89634099c303a193e873252b6643c1,nation
8 backcountry skiers found dead and 1 still missing after California avalanche,"TRUCKEE, California — Crews found the bodies of eight backcountry skiers near California's Lake Tahoe and were searching for one more after they were caught in an avalanche, the nation's deadliest in nearly half a century, authorities said Wednesday.... [4866 chars]","TRUCKEE, California — Crews found the bodies of eight backcountry skiers near California's Lake Tahoe and were searching for one more after they were caught in an avalanche, the nation's deadliest in nearly half a century, authorities said Wednesday.",2026-02-19T01:54:00Z,https://www.manilatimes.net/2026/02/19/world/americas-emea/8-backcountry-skiers-found-dead-and-1-still-missing-after-california-avalanche/2280831,1454ed1fc6af93d48a7d9e1719a801de,nation
Muslim One Nation candidate unleashes on Pauline Hanson over her 'no good Muslims' comment,"Former One Nation candidate Emma Eros has accused Pauline Hanson of dividing Australians and embarrassing her own supporters after claiming there are 'no good Muslims' in the country.
Hanson sparked widespread backlash over the remark before issuing ... [2798 chars]","A former One Nation candidate has blasted Pauline Hanson over her remarks about Muslims, dismissing the party leader's apology as
'half‑arsed'.",2026-02-19T01:11:09Z,https://www.dailymail.co.uk/news/article-15572409/muslim-One-Nation-emma-eros-Pauline-Hanson-latham.html,e711ec05381b9e0fc17f2cd658428f5c,nation
Métis elders in Saskatchewan celebrate launch of book featuring their stories,"For generations, Métis stories have been passed down orally from elder to youth. But a new book seeks to change this, making sure the stories are not just heard but also remembered.
The book published by Métis Nation—Saskatchewan is titled Self-Deter... [2834 chars]",The stories of 12 Métis elders in Saskatchewan are being shared in a first-of-its-kind book published by Métis Nation—Saskatchewan.,2026-02-19T01:08:52Z,https://globalnews.ca/news/11673485/metis-elders-saskatchewan-book-launch/,1f0d29ab33b67acec50550a319938214,nation
Spring Festival travel rush dates back to ancient China but only for rich and powerful,"The world’s largest human migration, China’s Spring Festival travel rush, could date back more than 2,000 years and reflects the history and development of China’s transport networks.
This year’s Spring Festival rush, or chunyun, takes place from Feb... [508 chars]","Epic New Year journeys by land and sea 2,000 years ago used to take a month to complete; then nation began developing transport systems.",2026-02-19T01:00:09Z,https://www.scmp.com/news/people-culture/trending-china/article/3343175/spring-festival-travel-rush-dates-back-ancient-china-only-rich-and-powerful,ae8eeb9771e512daff64bc7b7de4b667,nation
Weaker-than-expected jobs growth defies expectations,"Australia's unemployment rate held steady in January, with nearly 18,000 new jobs created in the first month of 2026.
Subscribe now for unlimited access.
or signup to continue reading
Save 30%
All articles from our website & app
The digital version o... [3214 chars]",Economists had predicted a fall in the nation's unemployment rate but the figure has held steady - a...,2026-02-19T00:55:42Z,https://www.canberratimes.com.au/story/9178424/weaker-than-expected-jobs-growth-defies-expectations/,957fa3a337d3ce0ae0f98dfb74c846cc,nation
Judge Sends Portions Of DOJ's Case Against Live Nation To Trial,"A federal judge on Wednesday dismissed portions of the Justice Department‘s antitrust lawsuit against Live Nation, but will allow other claims to proceed to trial next month.
The Justice Department and 39 states sued Live Nation in 2024, with claims ... [2878 chars]",The judge dismissed other claims.,2026-02-19T00:51:31Z,https://deadline.com/2026/02/live-nation-ticketmaster-antitrust-case-doj-1236728949/,5454002c68c0ec1ce0ae574a0f35b1db,nation
"Grieving D.C. Grandmother Who Lost Son to Violent Crime TORCHES Democrats in a Powerful Speech: ""Get Off the Man's Back... Let Him Do His Job!""","Forlesia Cook: “I like him, too. One thing I like about [Trump]—he keeps it real, just like Grandma. I appreciate that because I can trust him, because he tells exactly how he feels and what he thinks. Thank God for this president.
I am filled—my cup... [1192 chars]","The radical left has turned our nation’s capital into a dangerous, lawless warzone but the victims of their disastrous policies are finally fighting back.",2026-02-19T00:40:02Z,https://www.thegatewaypundit.com/2026/02/grieving-d-c-grandmother-who-lost-son-violent/,b87a452675294dd6364bdbfa15239b0d,nation
EDEN CONFIDENTIAL: Dame Kelly says wedding bell whispers on wrong track,"She earned the undying adoration of the nation when she won two Olympic golds in the 800m and 1500m in Athens in 2004.
But Dame Kelly Holmes has found it harder to reach the finishing line of love – even when seemingly pounding down the home straight... [4351 chars]",She earned the undying adoration of the nation when she won two Olympic golds in Athens in 2004. But Dame Kelly Holmes has found it harder to reach the finishing line of love.,2026-02-19T00:34:38Z,https://www.dailymail.co.uk/tvshowbiz/article-15572043/EDEN-CONFIDENTIAL-Dame-Kelly-says-wedding-bell-whispers-wrong-track.html,6bc5c669410492639cfc55827c807b2e,nation
Live Nation Bid to Dismiss DOJ Antitrust Suit Turned Down by Court,"Live Nation must face some claims in a lawsuit brought by the Justice Department and several states accusing it of violating antitrust laws in the live events industry.
U.S. District Judge Arun Subramanian on Wednesday greenlit for trial allegations ... [2657 chars]",The Ticketmaster parent is scheduled to face off against the Justice Department in March trial barring a last-minute settlement.,2026-02-19T00:21:43Z,https://www.hollywoodreporter.com/business/business-news/live-nation-bid-to-dismiss-doj-antitrust-suit-1236509234/,e1b223b4dafc2dd87ab9f47bc0da55c8,nation
Judge rejects Live Nation bid to dismiss US lawsuit claiming it monopolised live concerts,"NEW YORK – A federal judge on Feb 18 rejected Live Nation Entertainment’s bid to dismiss a lawsuit by the federal government and many US states accusing the company of illegally trying to dominate the live concert industry.
The decision by US Distric... [1863 chars]",The judge said states can try to seek damages for ticket-buying fans. Read more at straitstimes.com.,2026-02-19T00:19:00Z,https://www.straitstimes.com/world/united-states/judge-rejects-live-nation-bid-to-dismiss-us-lawsuit-claiming-it-monopolised-live-concerts,9a672e81ad353e47c53f6426c06bf0b7,nation
area sewage spill onto national stage,"A sewage spill near the nation's capital is turning into a national political story, with President Donald Trump and the Democratic governor of Maryland trading insults and blame.
Trump took to social media over the weekend to bemoan the “massive Eco... [4047 chars]","A sewage spill near the nation's capital is turning into a national political story, with President Trump and Maryland's governor trading insults and blame.",2026-02-19T00:18:17Z,https://foxbaltimore.com/news/nation-world/political-blame-game-pushes-dc-area-sewage-spill-onto-national-stage-trump-maryland-wes-moore-potomac-river-ecological-disaster,ff2931ea39c300e4661f4089146f581e,nation
The two farms in Senegal that supply many of the UK's vegetables,"Just now
Dan SaladinoBusiness reporter, Saint-Louis, Senegal
If you ate a corn on the cob, green beans or some spring onions in the UK this winter, chances are it would have come from one of two farms at the edge of the Sahara, in the north of Senega... [6302 chars]",During winter in Britain fresh produce is sent by cargo ship from the West African nation every week.,2026-02-19T00:16:54Z,https://www.bbc.com/news/articles/cwy6171wvppo,d09a2b60aad453ab2bcdd1d96f051ed3,nation
Judge rejects Live Nation bid to dismiss US lawsuit claiming it monopolized live concerts,"NEW YORK, Feb ⁠18 (Reuters) - A federal judge on Wednesday rejected Live Nation Entertainment's bid to ⁠dismiss a lawsuit by the federal government and many U.S. states accusing ‌the company of illegally trying to dominate the live concert industry.
... [1956 chars]","NEW YORK, Feb ⁠18 (Reuters) - A federal judge on Wednesday rejected Live Nation Entertainment's bid to ⁠dismiss a lawsuit by the federal government and many U.S. states accusing ‌the company of illegally trying to dominate the live concert industry.",2026-02-19T00:09:00Z,https://www.thestar.com.my/tech/tech-news/2026/02/19/us-judge-rejects-live-nation-bid-to-dismiss-antitrust-lawsuit-over-ticket-pricing,aea8f28b7c9f20f1b341f5fc903a98c4,nation
Anand Sancheti to inaugurate CIMCON’26 on February 20,"Business Reporter :
Over 50 distinguished speakers to lead Central India’s Biggest Management Conclave
THE much-anticipated Central India Management Conclave 2026 (CIMCON’26) is all set to emerge as Central India’s largest and most impactful leadersh... [8991 chars]","the much-anticipated central india management conclave 2026 (cimcon’26) is all set to emerge as central india’s largest and most impactful leadership and management summit, bringing together policymakers, industrialists, entrepreneurs, cxos, professionals, academicians, and emerging leaders under one powerful platform. the conclave will be inaugurated at the hands of anand sancheti, managing director of sms limited, whose leadership in infrastructure and nation-building initiatives has earned widespread rec",2026-02-19T00:00:00Z,https://www.thehitavada.com//Encyc/2026/2/19/anand-sancheti-to-inaugurate-cimcon26-on-february-20.html,b4832505d39fa7b3c4185e690096773e,nation
Jan Stanard’s career has been a window to the world,"By Elizabeth Hunter on Tuesday, February 17, 2026
Subhead
Aurora native, UNL golf champ dives into work around the world
“My life has been fabulous!” That’s how Aurora native and UNL women’s golf pioneer Jan Stanard describes her career in sales, tea... [388 chars]","“My life has been fabulous!” That’s how Aurora native and UNL women’s golf pioneer Jan Stanard describes her career in sales, teaching, and business leadership in locations around the nation and world.In the 1970s Stanard was a standout player on the Aurora girls golf team, winning the State Class B Girls Golf title in 1976 with an 18-hole score of 90. The work ethic which made her successful in golf carried over to her career, which she credits to her golf coach, Dick Binfield.“He was a great influence on me and gave me a great work ethic when I was young,” she said.",2026-02-19T00:00:00Z,https://www.auroranewsregister.com/news/jan-stanards-career-has-been-window-world,6f213d39699a5a1fca2da4af6e4c1e63,nation
Anand Sancheti to inaugurate CIMCON’26 on February 20,"Business Reporter :
Over 50 distinguished speakers to lead Central India’s Biggest Management Conclave
THE much-anticipated Central India Management Conclave 2026 (CIMCON’26) is all set to emerge as Central India’s largest and most impactful leadersh... [8991 chars]","the much-anticipated central india management conclave 2026 (cimcon’26) is all set to emerge as central india’s largest and most impactful leadership and management summit, bringing together policymakers, industrialists, entrepreneurs, cxos, professionals, academicians, and emerging leaders under one powerful platform. the conclave will be inaugurated at the hands of anand sancheti, managing director of sms limited, whose leadership in infrastructure and nation-building initiatives has earned widespread rec",2026-02-19T00:00:00Z,https://www.thehitavada.com/Encyc/2026/2/19/anand-sancheti-to-inaugurate-cimcon26-on-february-20.html,565050be00137e419b418fcfd2f16aa8,nation
Judge rejects Live Nation bid to toss feds' lawsuit alleging Ticketmaster's monopoly on live concerts,"A federal judge on Wednesday rejected Live Nation Entertainment’s bid to dismiss a lawsuit by the federal government and many states accusing the company of illegally trying to dominate the live concert industry.
The decision by US District Judge Aru... [1820 chars]",A federal judge on Wednesday rejected Live Nation Entertainment's bid to dismiss a lawsuit by the federal government and many states accusing the company of illegally trying to dominate the live concert industry.,2026-02-18T23:54:41Z,https://nypost.com/2026/02/18/business/judge-rejects-live-nation-bid-to-toss-feds-lawsuit-alleging-ticketmasters-monopoly-on-live-concerts/,f613b4dca2215a18d7e9b28b3bf69ff3,nation
"Norman C. Francis, civil rights champion and recipient of Presidential Medal of Freedom, dies at 94","Norman C. Francis, a civil rights pioneer and champion of education who played a pivotal role in helping rebuild New Orleans after Hurricane Katrina, died Wednesday. He was 94.
Community members, activists and leaders across Louisiana celebrated the ... [2835 chars]","Norman C. Francis, a civil rights pioneer, champion of education and leader who was charged with helping rebuild New Orleans after Hurricane Katrina, died Wednesday. Francis was 94. Francis paved the way for Black students and professionals as the first Black student at Loyola University’s law school and through his work in the U.S. Attorney General’s office to help integrate federal agencies. Among his main accomplishments, Francis served as Xavier University's president for 47 years. During his tenure, he turned the nation’s only predominantly Black Catholic university into a premier school for Black undergraduates interested in science.",2026-02-18T23:13:06Z,https://www.ajc.com/news/2026/02/norman-c-francis-civil-rights-champion-and-recipient-of-presidential-medal-of-freedom-dies-at-94/,9510c0ce5424401aa3612df1ad62173a,nation
Revealed for the first time: the secret past of Gus Lamont's intensely private grandmother Josie - as how she is the scion of an influential and VERY respected family,"She has emerged as a central figure in the baffling disappearance of Gus Lamont, yet until now almost nothing has been known about his fiercely private grandmother's past.
Josie Murray, 75, has remained largely out of view as the desperate search and... [3588 chars]","Josie Murray, 75, has remained largely out of view as the desperate search and subsequent investigation gripped the nation.",2026-02-18T23:12:49Z,https://www.dailymail.co.uk/news/article-15569237/Revealed-time-secret-past-Gus-Lamonts-intensely-private-grandmother-Josie-scion-influential-respected-family.html,b2b3e5c7d8534e5fb63b19282ca97ec8,nation
President Trump Invokes Defense Production Act for Herbicide Supply,"U.S. President Donald Trump has taken action to secure key agricultural supplies by signing an executive order. This move invokes the Defense Production Act, aiming to maintain an adequate U.S. supply of elemental phosphorus and glyphosate-based herb... [576 chars]","U.S. President Donald Trump signed an executive order under the Defense Production Act to ensure the nation's supply of elemental phosphorus and glyphosate-based herbicides, as confirmed by the White House.",2026-02-18T23:05:29Z,https://www.devdiscourse.com/article/headlines/3809991-president-trump-invokes-defense-production-act-for-herbicide-supply,4c392070b91d8b8379932427c6b2d6a7,nation
"How to get tickets for #1 Michigan vs. #3 Duke basketball showdown in Washington, DC",The top-ranked Michigan Wolverines and No. 3 Duke Blue Devils take a break from their respective league schedules for a non-conference basketball showdown in the nation’s capital. The game is scheduled for 6:30 p.m. ET at Capital One Arena in Washing... [1962 chars],The top-ranked Michigan Wolverines and No. 3 Duke Blue Devils take a break from their respective league schedules for a non-conference basketball showdown in the nation's capital.,2026-02-18T23:00:00Z,https://www.pennlive.com/sports/event-tickets/2026/02/how-to-get-tickets-for-1-michigan-vs-3-duke-basketball-showdown-in-washington-dc.html,a23fbd7e4e5563e31de27c0e6d001627,nation
Judge Sends Antitrust Lawsuit to Trial,"A federal judge on Wednesday (Feb. 18) refused to dismiss the Justice Department’s sweeping monopoly lawsuit against Live Nation, sending the case to trial next month.
Live Nation had asked Judge Arun Subramanian to end the antitrust lawsuit, which a... [2771 chars]","Live Nation lost a bid to dismiss the Department of Justice's monopoly lawsuit, sending the antitrust case over the concert industry to trial.",2026-02-18T22:56:15Z,https://www.billboard.com/pro/live-nation-doj-ruling-judge-sends-antitrust-case-trial/,8e975b29ea91df8b9d5ef2ce05d71633,nation
"When it comes to Greenland, we need partnership, not possession | Opinion","Paula Gerstenblatt, Ph.D., is a professor of Social Work at the University of Southern Maine. Jan Piribeck, MFA, is an emerita professor of art at the University of Southern Maine.
The United States has gained international notoriety for its aggressi... [3513 chars]",The US already has extensive rights to operate defense facilities in the Arctic island nation. So what is all the bluster about?,2026-02-18T22:55:00Z,https://www.pressherald.com/2026/02/18/we-need-partnership-not-possession-when-it-comes-to-greenland-opinion/,9b90e78932844afcd5ee316be400ca28,nation
"Turning food-surplus from a food-deficient nation, India can now support others: Chirag Paswan","NOIDA, Feb 18: India has transformed from a food-deficient country to one with surplus food grain production, and is now in a position to assist other nations facing food security challenges, Union Minister Chirag Paswan said on Wednesday.
Addressing... [2206 chars]","NOIDA, Feb 18: India has transformed from a food-deficient country to one with surplus food grain production, and is now in a position to assist other nations facing food security challenges, Union Minister Chirag Paswan said on Wednesday. Addressing the 26th edition of the International Business Summit and Research Conference – INBUSH ERA 2026 – at the Amity University here, the food processing minister said that the country is poised to become a developed nation by 2047 under the leadership […]",2026-02-18T22:34:40Z,https://www.dailyexcelsior.com/turning-food-surplus-from-a-food-deficient-nation-india-can-now-support-others-chirag-paswan/,91812d9bafac482d167e0808953d9c60,nation
Lumifi Announces Strategic Partnership with Vizient to Strengthen Cybersecurity for Healthcare Organizations,"SCOTTSDALE, Ariz.--(BUSINESS WIRE)--Lumifi, a leading provider of comprehensive cybersecurity solutions, is proud to announce its new partnership with Vizient, the nation’s largest member-driven healthcare performance improvement company. This collab... [2492 chars]","Lumifi, a leading provider of comprehensive cybersecurity solutions, is proud to announce its new partnership with Vizient, the nation’s largest member-drive...",2026-02-18T22:26:00Z,https://www.businesswire.com/news/home/20260218942331/en/Lumifi-Announces-Strategic-Partnership-with-Vizient-to-Strengthen-Cybersecurity-for-Healthcare-Organizations,5dc0005df3529f8596ff0bac8f5e5c75,nation
Lumifi Announces Agreement with Vizient to Strengthen Cybersecurity for Healthcare Organizations,"SCOTTSDALE, Ariz.--(BUSINESS WIRE)--Lumifi, a leading provider of comprehensive cybersecurity solutions, is proud to announce that it is now on contract with Vizient®, the nation’s largest provider-driven healthcare performance improvement company. V... [1961 chars]","Lumifi, a leading provider of comprehensive cybersecurity solutions, is proud to announce that it is now on contract with Vizient®, the nation’s largest prov...",2026-02-18T22:26:00Z,https://www.businesswire.com/news/home/20260218942331/en/Lumifi-Announces-Agreement-with-Vizient-to-Strengthen-Cybersecurity-for-Healthcare-Organizations,f85f10b24a2218f9526ce9b11a02cd2c,nation
Clash Over Senate’s DC Tax Vote Likely to Spur Resident Lawsuits,"A GOP measure President Donald Trump signed Wednesday to block a local Washington tax law is all-but-certain to prompt legal challenges—possibly even from residents of the nation’s capital.
GOP lawmakers and DC officials are at odds over whether the ... [3768 chars]",A GOP measure President Donald Trump signed Wednesday to block a local Washington tax law is all-but-certain to prompt legal challenges—possibly even from residents of the nation’s capital.,2026-02-18T22:14:16Z,https://news.bloombergtax.com/daily-tax-report/clash-over-senates-dc-tax-vote-likely-to-spur-resident-lawsuits,f2f83c72ad9a77bdd14ccaa8f3b613ed,nation
Pubs allowed to stay open as late as 2am for Home Nations' World Cup knockout matches,"By Natasha Clark
Football fans will be able to enjoy an extra round to celebrate the World Cup in every single home nation knockout match, LBC has been told.
Listen to this article
Loading audio...
Home Secretary Shabana Mahmood and Chancellor Rachel... [2653 chars]","Football fans will be able to enjoy an extra round to celebrate the World Cup in every single home nation knockout match, LBC has been told.",2026-02-18T22:11:28Z,https://www.lbc.co.uk/article/pub-opening-hours-world-cup-2026-5HjdSXr_2/,0ee1b0004cf51cf4a92a9d7f566b2d13,nation
Live Nation Loses Bid for Full Dismissal of DOJ Antitrust Suit,"Live Nation Entertainment Inc. must face an antitrust trial on some claims brought by the US Justice Department and various state attorneys general for allegedly monopolizing the live events market, after a federal judge in New York rejected the comp... [274 chars]","Live Nation Entertainment Inc. must face an antitrust trial on some claims brought by the US Justice Department and various state attorneys general for allegedly monopolizing the live events market, after a federal judge in New York rejected the company’s request to dismiss the case.",2026-02-18T22:04:52Z,https://www.bloomberg.com/news/articles/2026-02-18/live-nation-loses-bid-for-full-dismissal-of-doj-antitrust-suit,9748f6332300a55757d6f2f24319c5b8,nation
evasion case against Supreme Court lawyer who became poker player,"As an attorney, Thomas Goldstein routinely argued cases before the Supreme Court and published a popular blog about the nation's highest court. Unbeknownst to friends and colleagues, Goldstein also became an ultra-high-stakes poker player who grossed... [5216 chars]","As an attorney, Thomas Goldstein routinely argued cases before the Supreme Court and published a popular blog about the nation's highest court.",2026-02-18T22:04:15Z,https://wjla.com/news/local/jury-to-get-tax-evasion-case-against-supreme-court-lawyer-who-became-poker-player-thomas-goldstein-high-stakes-poker-player-gambling-debt-jurors-case-gotobey-maguire-billionaire-tax-evasion,1144dab90e603f5a910b1d246db72c28,nation
Easing Indian diaspora investment in India to boost economy,"– Mr Ujjwal Prasad, who works in the telecoms sector in Australia, is hoping that it will become easier to sell an apartment in India for non-resident Indians (NRIs) like himself.
In the 2026 budget announcement,
Finance Minister Nirmala Sitharaman r... [6794 chars]","Discover how India is removing hurdles and sweetening deals to attract deeper investments from its global diaspora, bolstering the nation's economy. Read more at straitstimes.com.",2026-02-18T22:00:00Z,https://www.straitstimes.com/asia/south-asia/fewer-hurdles-for-indian-diaspora-investors-but-more-needed-to-sweeten-the-deal,75e2da5e13625438b7032e23e5a0d87e,nation
Chandigarh drinks 5 times the national average,"India sold more than 40 crore cases of Indian Made Foreign Liquor (IMFL) in 2024-25, making it one of the largest and fastest-growing spirits markets in the world. In that crowded national landscape, Chandigarh — a union territory of barely 12.5 lakh... [9198 chars]",Records per capita liquor consumption of 1.39 cases against nation’s 0.28; 13 crore bottles sold over five years.,2026-02-18T21:45:01Z,https://www.tribuneindia.com/news/chandigarh/chandigarh-drinks-5-times-the-national-average/,6aff7fb770f61cf5453cf8159a5f66e2,nation
DC Mayor Bowser takes a swing at NYC Mayor Mamdani over tax hikes,"WASHINGTON — DC Mayor Muriel Bowser took a swipe at Mayor Zohran Mamdani’s plan to raise taxes on New Yorkers and urged Washingtonians to resist any similar efforts.
Bowser (D), who isn’t seeking a fourth term, stressed that the DC Council, not her, ... [2177 chars]",DC Mayor Muriel Bowser strongly encouraged residents of the nation's capital to pressure city councilmembers against Hizzoner's property tax hike proposal in New York City.,2026-02-18T21:44:34Z,https://nypost.com/2026/02/18/us-news/dc-mayor-bowser-takes-a-swing-at-nyc-mayor-mamdani-over-tax-hikes/,aa58b191d0c54f9a393f343b1fe4782e,nation
US judge rejects Live Nation bid to dismiss antitrust lawsuit over ticket pricing,"NEW YORK, Feb 18 (Reuters) - A federal judge on Wednesday rejected Live Nation Entertainment's (LYV.N), opens new tab bid to dismiss a lawsuit by the federal government and many U.S. states accusing the company of violating antitrust law by trying to... [308 chars]",A federal judge on Wednesday rejected Live Nation Entertainment's bid to dismiss a lawsuit by the federal government and many U.S. states accusing the company of violating antitrust law by trying to dominate the live concert industry and inflate prices.,2026-02-18T21:35:55Z,https://www.reuters.com/world/us-judge-rejects-live-nation-bid-dismiss-antitrust-lawsuit-over-ticket-pricing-2026-02-18/,93036536b7e31f0626f551b937e54643,nation
Power returns to Paraguay's capital after mass blackout,"ASUNCION, Feb 18 (Reuters) - Power began to return to Paraguay's capital Asuncion on Wednesday after some key transmission lines went offline, knocking out power across much of the South American nation.
State power firm ANDE said one of the transmis... [745 chars]","Power began to return to Paraguay's capital Asuncion on Wednesday after some key transmission lines went offline, knocking out power across much of the South American nation.
State power...",2026-02-18T21:26:22Z,https://www.marketscreener.com/news/power-returns-to-paraguay-s-capital-after-mass-blackout-ce7e5ddfd881f321,d916381816053fe734c3133f61805cea,nation
Gateway tunnel work to resume after Trump DOT ordered to release funds,"NEW YORK − Construction on the nation’s largest infrastructure project can resume after a court ordered the Trump administration to release funding it had withheld to gain leverage over congressional Democrats from New York.
On Feb. 18, New York Atto... [4506 chars]",NEW YORK − Construction on the nation’s largest infrastructure project can resume after a court ordered the Trump administration to release funding it had,2026-02-18T21:13:22Z,https://www.newsbreak.com/usa-today-560565/4499594887568-gateway-tunnel-work-to-resume-after-trump-dot-ordered-to-release-funds,354da678bc30ba88a22b4b5943e989b9,nation
Gateway project to resume after Trump DOT ordered to release funds,"NEW YORK − Construction on the nation’s largest infrastructure project can resume after a court ordered the Trump administration to release funding it had withheld to gain leverage over congressional Democrats from New York.
On Feb. 18, New York Atto... [4390 chars]","The rail tunnel under the Hudson River, between New Jersey and New York, is meant to expand service along the nation's busiest passenger rail line.",2026-02-18T21:13:22Z,https://www.usatoday.com/story/news/nation/2026/02/18/gateway-project-trump-dot-release-funds/88743056007/,e9aa4ae424c7186b391a361a9433ae0c,nation
"White House taps Jay Bhattacharya, a CDC critic, to lead agency for now","Jay Bhattacharya, a top Trump administration health official and an outspoken critic of the Centers for Disease Control and Prevention’s response to the coronavirus pandemic, will lead the CDC on an acting basis, according to four people who spoke on... [3315 chars]","The co-author of the Great Barrington Declaration, which rebuked CDC’s response to the coronavirus pandemic, will oversee the nation’s public health agency.",2026-02-18T20:54:49Z,https://www.adn.com/nation-world/2026/02/18/white-house-taps-jay-bhattacharya-a-cdc-critic-to-lead-agency-for-now/,d17a548b72d6c7cc2876ad2153d50edf,nation
B.C. First Nation update on Kamloops residential school,"The British Columbia First Nation that announced the discovery of 215 potential unmarked graves at a former residential school in 2021, catapulting the issue into public discourse, says there may never be consensus on what to do with the site.
A stat... [2744 chars]","The British Columbia First Nation that announced the discovery of 215 potential unmarked graves at a former residential school in 2021, catapulting the issue into public discourse, says there may never be consensus on what to do with the site.",2026-02-18T20:54:34Z,https://www.cp24.com/news/canada/2026/02/18/bc-first-nation-says-there-may-never-be-full-consensus-on-potential-burial-site/,bf9740fe4206c2e8eb82d4f112208953,nation
Keystone Kash Makes Wild Claim About Trump’s Intel Briefings,"The president picks and chooses which intelligence he wants to follow as it suits him, according to FBI Director Kash Patel.
In a Wednesday appearance on his former sidekick’s podcast, The Dan Bongino Show, Patel gave an odd explanation for why the “... [2614 chars]",The FBI director said that the nation’s intelligence priorities are decided in a novel way.,2026-02-18T20:41:34Z,https://www.thedailybeast.com/fbi-director-kash-patel-makes-alarming-claim-about-trumps-daily-intel-briefings/,81656d00e100bc8515c88bd183d8055b,nation
Nation’s only unsalaried legislature in New Mexico asks voters to reconsider volunteer status,"SANTA FE, N.M. (AP) — Members of the nation’s only unsalaried legislature are asking voters to reconsider their volunteer status that has endured since statehood in New Mexico.
The state Senate on Tuesday night narrowly endorsed a constitutional amen... [1240 chars]","SANTA FE, N.M. (AP) — Members of the nation’s only unsalaried legislature are asking voters to reconsider their volunteer status that has endured since…",2026-02-18T20:26:07Z,https://wtop.com/national/2026/02/nations-only-unsalaried-legislature-asks-voters-to-reconsider-volunteer-status-as-women-urge-change/,9866db87953555ed7f9638436b020a5f,nation
"White House taps Jay Bhattacharya, CDC critic, to lead agency for now","Jay Bhattacharya, a top Trump administration health official and an outspoken critic of the Centers for Disease Control and Prevention’s response to the coronavirus pandemic, will lead the CDC on an acting basis, according to four people who spoke on... [3301 chars]","The co-author of the Great Barrington Declaration, which rebuked CDC’s response to the coronavirus pandemic, will oversee the nation’s public health agency.",2026-02-18T20:17:43Z,https://www.inquirer.com/health/jay-bhattacharya-cdc-director-20260218.html,9956fdde69f0f9f13c42d8b91932aa77,nation
Baltimore's Arena Players theatre to undergo multimillion-dollar renovation,"Arena Players in Baltimore, the nation's oldest continuously operating African American community theatre, is in its 72nd season and is eyeing a $7.5 million renovation.
Located at 801 McCulloh Street, just off Martin Luther King Jr. Boulevard, Arena... [4885 chars]","Arena Players in Baltimore, the nation's oldest continuously operating African American community theatre, is preparing for a $7.5 million renovation.",2026-02-18T20:16:03Z,https://www.cbsnews.com/baltimore/news/arena-players-black-theatre-renovation-maryland/,374d032a69cc7991f3184a046cb808fe,nation
Jury to get tax-evasion case against Supreme Court lawyer who became high-stakes poker player,"GREENBELT, Md. (AP) — As an attorney, Thomas Goldstein routinely argued cases before the Supreme Court and published a popular blog about the nation's highest court. Unbeknownst to friends and colleagues, Goldstein also became an ultra-high-stakes po... [439 chars]","A trial is drawing to a close for the tax-evasion case against a prominent Supreme Court lawyer accused of failing to pay taxes on millions of dollars in winnings from ultra-high-stakes poker games. A federal jury in Maryland on Wednesday has heard attorneys' closing arguments for the government's case against attorney Tom Goldstein, who published a popular blog about the nation’s highest court. In closing arguments, a prosecutor said Goldstein willfully cheated on his taxes. One of Goldstein's attorneys said the government rushed to judgment and failed to adequately investigate. Goldstein was part of the legal team that represented Democrat Al Gore in the Supreme Court litigation over the 2000 election.",2026-02-18T20:12:47Z,https://www.ajc.com/news/2026/02/jury-to-get-tax-evasion-case-against-supreme-court-lawyer-who-became-high-stakes-poker-player/,cb6b295254019615f23bc236ee038faf,nation
Jury to Get Tax-Evasion Case Against Supreme Court Lawyer Who Became High-Stakes Poker Player,"GREENBELT, Md. (AP) — As an attorney, Thomas Goldstein routinely argued cases before the Supreme Court and published a popular blog about the nation's highest court. Unbeknownst to friends and colleagues, Goldstein also became an ultra-high-stakes po... [5103 chars]","GREENBELT, Md. (AP) — As an attorney, Thomas Goldstein routinely argued cases before the Supreme Court and published a popular blog about the nation's highest court. Unbeknownst to friends and colleagues, Goldstein also became an ultra-high-stakes poker player who grossed tens of millions of dollars in winnings but racked up a staggering gambling debt.",2026-02-18T20:10:00Z,https://www.usnews.com/news/politics/articles/2026-02-18/jury-to-get-tax-evasion-case-against-supreme-court-lawyer-who-became-high-stakes-poker-player,2e5bab2444a1845eeb63d9e17bf5f7a1,nation
Schwab to refer some concentrated stock position clients to Wealth Enhancement: Memo,"Wealth Enhancement, one of the nation's largest RIAs, will work with the clients solely as an investment manager.
Register for free to keep reading
Already have an account?
Which of the following best describes your role?
I am a professional investor... [788 chars]","Wealth Enhancement, one of the nation's largest RIAs, will work with the clients solely as an investment manager.",2026-02-18T20:06:52Z,https://citywire.com/ria/news/schwab-to-refer-some-concentrated-stock-position-clients-to-wealth-enhancement-memo/a2484198,87faeeea4cc8f58fb20c9256aca594df,nation
"LPL opens in-house operations, technology center in India","Citywire reported last week that LPL, the nation's largest independent broker-dealer, laid off about 3% of its total workforce.
Register for free to keep reading
Already have an account?
Which of the following best describes your role?
I am a profess... [802 chars]","Citywire reported last week that LPL, the nation's largest independent broker-dealer, laid off about 3% of its total workforce.",2026-02-18T20:02:09Z,https://citywire.com/ria/news/lpl-opens-in-house-operations-technology-center-in-india/a2484199,479de9ad2260c798643704d5dd365203,nation
David Attenborough to celebrate 100th birthday with three new BBC shows and Albert Hall bash,"BBC factual boss says its 'impossible to overstate' what Sir David has given the nation over his career spanning seven decades
Sir David Attenborough's 100th birthday in May will be marked by a week-long celebration on BBC1, including a brand new ser... [3205 chars]",BBC factual boss says its 'impossible to overstate' what Sir David has given the nation over his career spanning seven decades,2026-02-18T20:00:00Z,https://www.mirror.co.uk/tv/tv-news/david-attenborough-celebrate-100th-birthday-36743566,31f7fe7c4029e7c19edcc6c619420c81,nation
B.C. First Nation says there may never be ‘full consensus’ on potential burial site,"The British Columbia First Nation that announced the discovery of 215 potential unmarked graves at a former residential school in 2021, catapulting the issue into public discourse, says there may never be consensus on what to do with the site.
A stat... [2603 chars]","The Kamloops institution operated between 1890 and 1969, when Ottawa took control from the Catholic Church and ran it as a day school until it closed in 1978.",2026-02-18T19:51:14Z,https://globalnews.ca/news/11672945/kamloops-indian-residential-school-site/,bcaf5064b22e1285869b484958add2d6,nation
B.C. First Nation says there may never be 'full consensus' on potential burial site,"KAMLOOPS — The British Columbia First Nation that announced the discovery of 215 potential unmarked graves at a former residential school in 2021, catapulting the issue into public discourse, says there may never be consensus on what to do with the s... [2542 chars]","KAMLOOPS — The British Columbia First Nation that announced the discovery of 215 potential unmarked graves at a former residential school in 2021, catapulting the issue into public discourse, says there may never be consensus on what to do with the s",2026-02-18T19:41:20Z,https://www.sootoday.com/national-news/bc-first-nation-says-there-may-never-be-full-consensus-on-potential-burial-site-11894723,397230385668df7e5e696f7f360224df,nation
B.C. First Nation says there may never be 'full consensus' on potential burial site,"Home
News
Canada
British Columbia
B.C. First Nation says there may never be ‘full consensus’ on potential burial site
KAMLOOPS - The British Columbia First Nation that announced the discovery of 215 potential unmarked graves at a former residential s... [4741 chars]","KAMLOOPS - The British Columbia First Nation that announced the discovery of 215 potential unmarked graves at a former residential school in 2021, catapulting the issue into public discourse, says",2026-02-18T19:41:20Z,https://www.thestar.com/news/canada/british-columbia/b-c-first-nation-says-there-may-never-be-full-consensus-on-potential-burial-site/article_e1fa9aed-07dc-544b-8017-e2d454c76cc1.html,8b02a032c8dd254ba1ba9855042ec676,nation
B.C. First Nation says there may never be 'full consensus' on potential burial site,"KAMLOOPS — The British Columbia First Nation that announced the discovery of 215 potential unmarked graves at a former residential school in 2021, catapulting the issue into public discourse, says there may never be consensus on what to do with the s... [2542 chars]","KAMLOOPS — The British Columbia First Nation that announced the discovery of 215 potential unmarked graves at a former residential school in 2021, catapulting the issue into public discourse, says there may never be consensus on what to do with the s",2026-02-18T19:41:20Z,https://www.baytoday.ca/national-news/bc-first-nation-says-there-may-never-be-full-consensus-on-potential-burial-site-11894723,a60be92b7707664f4b60b5ee5dec2876,nation
State Senate backs pay for New Mexico's unsalaried legislature,"SANTA FE, N.M. (AP) — Members of the nation’s only unsalaried legislature are asking voters to reconsider their volunteer status that has endured since statehood in New Mexico.
The state Senate on Tuesday night narrowly endorsed a constitutional amen... [1272 chars]",Members of the nation’s only unsalaried legislature are asking voters to reconsider their volunteer status that has endured since statehood in New Mexico.,2026-02-18T19:30:23Z,https://apnews.com/article/new-mexico-legislature-salaries-c5ad276e8c01d55d4162831cccc45bef,ed491dd906501e9b79f38821f11bdf20,nation
'Send him home' - Rugby expert identifies the man to solve Ireland's problems,"Ireland may have secured a win in the second round of the Six Nations, but their performance was far from convincing as they held on against Italy in the final minutes of the game.
Andy Farrell’s side won out 20-13, but questions raised following the... [3466 chars]",Irish journalist Rúaidhrí O'Connor believes there needs to be a change in the nation's coaching set up.,2026-02-18T19:22:34Z,https://www.sportbible.com/rugby-union/six-nations-ireland-leinster-rugby-nienaber-209664-20260218,3df1d9cbc4649754badc79ce6f3dd42f,nation
India Will Lead Global South One Day: Mohan Bhagwat In Lucknow,"Lucknow:
India will lead the Global South one day, and then no nation or no tariffs would be able to harm us, Rashtriya Swayamsevak Sangh (RSS) chief Mohan Bhagwat said at an RSS outreach event in Lucknow on Wednesday.
Global South refers to countrie... [3340 chars]","India will lead the Global South one day, and then no nation or no tariffs would be able to harm us, Rashtriya Swayamsevak Sangh (RSS) chief Mohan Bhagwat said at an RSS outreach event in Lucknow on Wednesday.",2026-02-18T19:21:02Z,https://www.ndtv.com/india-news/india-will-lead-global-south-one-day-mohan-bhagwat-in-lucknow-11055938,6ab0f5d6a11abf111b1b06756b361987,nation
India will lead the Global South one day: Mohan Bhagwat in Lucknow,"“India will lead the Global South. One day, tariffs won’t affect us. India will stand firm and not budge before any nation,” Bhagwat said at the second of the two outreach events in the state capital.
“In some time, everything will be normal again,” ... [2919 chars]","Lucknow, Feb 18 (PTI) India will lead the Global South one day, and then no nation or no tariffs would be able to harm us, Rashtriya Swayamsevak Sangh (RSS) chief Mohan Bhagwat said at an RSS outreach event in Lucknow on Wednesday. Global South refers to countries considered as developing, less developed or underdeveloped in […]",2026-02-18T19:15:03Z,https://theprint.in/india/india-will-lead-the-global-south-one-day-mohan-bhagwat-in-lucknow/2858245/,9882dc14ec6adc6f2babd5f121d429c5,nation
Mike Tobin explores cowboy tradition in 'Cattle Drive: American Cowboy',"NEWYou can now listen to Fox News articles!
In an age of digital convenience, the American cowboy is still up before dawn – doing the hard, unseen work that puts steak on the table.
While most Americans rush to catch flights, meet deadlines and secur... [2269 chars]","American cowboy Chad Berger leads cattle drive in Fox Nation special as Fox News senior correspondent Mike Tobin explores modern ranching traditions in Mandan, North Dakota.",2026-02-18T19:05:15Z,https://www.foxnews.com/media/fox-nation-rides-americas-modern-day-cowboys-reveal-hard-unseen-work-behind-every-steak,bf9576651958a13704e07db935b55515,nation
"Senate committee features climate disinformation, the Atlas Network, and Dr Karl's clash with One Nation","The scourge of AI-slopaganda, viral disinformation campaigns, and online attacks against individuals and institutions is going to get far worse before it gets better.
That is how it feels after watching the latest round of public hearings on the topi... [11099 chars]","The scourge of AI-slopaganda, viral disinformation campaigns, and online attacks against individuals and institutions is going to get far worse before it gets better, if the latest public hearings on the topic are any indication.",2026-02-18T19:00:50Z,https://www.abc.net.au/news/2026-02-19/climate-disinformation-senate-committee-dr-karl-atlas-network/106350002,bc806ab7e06e7cc45d048d4f225dbed0,nation
Philippines VP Sara Duterte announces 2028 presidential run,"Manila - Philippine Vice President Sara Duterte announced Wednesday she will run for president of the Southeast Asian nation of 116 million in 2028. Duterte, who is embroiled in a bitter feud with President Ferdinand Marcos, was impeached last year o... [570 chars]",Manila   -  Philippine Vice President Sara Duterte announced Wednesday she will run for president of the Southeast Asian nation of 116 million in 2028.,2026-02-18T19:00:00Z,https://www.nation.com.pk/19-Feb-2026/philippines-vp-sara-duterte-announces-2028-presidential-run,beb13c274362f80bcd2da8cd190d7c44,nation
Mohan Bhagwat's Vision: Leading the Global South & Strengthening Hindu Identity,"Mohan Bhagwat, the chief of Rashtriya Swayamsevak Sangh (RSS), stated his vision for India to lead the Global South, ensuring resilience against tariffs from other nations. He outlined his thoughts at an RSS outreach event in Lucknow, amidst ongoing ... [623 chars]","Mohan Bhagwat, RSS chief, expressed a vision where India will lead the Global South, emphasizing unity and Hindu identity at outreach events in Lucknow. He criticized Western nations for fundamentalism, advocated for social harmony, and urged for temples to be managed by devotees, reflecting the RSS's nation-focused mission.",2026-02-18T18:49:55Z,https://www.devdiscourse.com/article/entertainment/3809899-mohan-bhagwats-vision-leading-the-global-south-strengthening-hindu-identity,6dd623c6ef569cacceee85b2384d7659,nation
India's engineering talent becoming AI talent,"Synopsis
India's engineering talent is rapidly becoming AI talent. The nation contributes to all aspects of artificial intelligence, from data to hardware and algorithms. Innovation is key for the AI ecosystem. Government support is crucial for long-... [2582 chars]","India's engineering talent is rapidly becoming AI talent. The nation contributes to all aspects of artificial intelligence, from data to hardware and algorithms. Innovation is key for the AI ecosystem. Government support is crucial for long-term growth. AI research and product development are now closely linked, with breakthroughs quickly impacting millions.",2026-02-18T18:40:00Z,https://economictimes.indiatimes.com/news/india/indias-engineering-talent-becoming-ai-talent/articleshow/128521970.cms,ceb7d5a5f90d8b579ed7e21e6857e954,nation
Top College Fishing Teams Meet At Leech Lake For Championship,"If you are a fan of bass fishing, get ready for this August, as a Bassmaster championship event is coming to a Minnesota lake. Leech Lake will be hosting the 2026 Strike King Bassmaster College Championship in late August.
Leech Lake To Host College ... [1527 chars]","Catch the excitement as the Bassmaster College Championship lands at Leech Lake in August, featuring the best college anglers in the nation.",2026-02-18T18:39:27Z,https://kdhlradio.com/ixp/65/p/college-fishing-leech-lake-2026/,3fe250cddcec6d2d82ec1d303b85a62e,nation
ET GBS 2026: 'India's edge is in applying AI where it matters most',"Synopsis
Emerging tech whiz Raul John Aju champions pragmatic AI advancements for India. He cautions against trying to outsize global tech behemoths, advocating instead for the nation to harness AI in tackling pressing issues like education, agricult... [4344 chars]","Emerging tech whiz Raul John Aju champions pragmatic AI advancements for India. He cautions against trying to outsize global tech behemoths, advocating instead for the nation to harness AI in tackling pressing issues like education, agriculture, and defense. With his initiative, Thinkraft Academy, he provides complimentary AI learning opportunities, showcasing a need for widespread educational access.",2026-02-18T18:33:00Z,https://economictimes.indiatimes.com/news/india/et-gbs-2026-indias-edge-is-in-applying-ai-where-it-matters-most/articleshow/128521496.cms,988f025fc286777a98b2b084780c782c,nation
These 2 Georgia hospitals ranked among 50 best in US. See full list,"A visit to the hospital generally means you're in need of serious medical care. That's why you need to make sure you pick the right one.
Three weeks ago, Healthgrades released its list of the top 50, top 100, and top 250 hospitals in the nation. It's... [1755 chars]","A new ranking has put two Georgia hospitals in the top 1% in the nation for ""overall clinical excellence year over year."" Check out the full list.",2026-02-18T18:25:04Z,https://www.onlineathens.com/story/news/2026/02/18/these-2-georgia-hospitals-ranked-among-50-best-in-us-see-full-list/88720781007/,67da5136c36130ee150a711a5eeb6d21,nation
These 2 Georgia hospitals ranked among 50 best in US. See full list,"A visit to the hospital generally means you're in need of serious medical care. That's why you need to make sure you pick the right one.
Three weeks ago, Healthgrades released its list of the top 50, top 100, and top 250 hospitals in the nation. It's... [1755 chars]","A new ranking has put two Georgia hospitals in the top 1% in the nation for ""overall clinical excellence year over year."" Check out the full list.",2026-02-18T18:25:04Z,https://www.augustachronicle.com/story/news/2026/02/18/these-2-georgia-hospitals-ranked-among-50-best-in-us-see-full-list/88720781007/,ef0c0cfae427fc75823668a55af66934,nation
These 2 Georgia hospitals ranked among 50 best in US. See full list,"A visit to the hospital generally means you're in need of serious medical care. That's why you need to make sure you pick the right one.
Three weeks ago, Healthgrades released its list of the top 50, top 100, and top 250 hospitals in the nation. It's... [1755 chars]","A new ranking has put two Georgia hospitals in the top 1% in the nation for ""overall clinical excellence year over year."" Check out the full list.",2026-02-18T18:25:04Z,https://www.savannahnow.com/story/news/2026/02/18/these-2-georgia-hospitals-ranked-among-50-best-in-us-see-full-list/88720781007/,c67037625f5740ec924b6bb730b1df51,nation
"In first address to nation, Bangladesh PM pledges rule of law amid concerns over attacks on Hindus","Bangladesh’s newly elected Prime Minister Tarique Rahman on Wednesday vowed to strengthen the rule of law and uphold a pluralistic society, remarks that carry added significance following a series of attacks on the Hindu community after the ouster of... [4601 chars]","In his maiden televised address to the nation after assuming office, Rahman vows a secure, pluralistic Bangladesh, pledging crackdown on corruption and mob violence amid recent attacks on Hindus",2026-02-18T18:21:46Z,https://www.firstpost.com/world/bangladesh-pm-tarique-rahman-pledges-rule-of-law-amid-concerns-over-attacks-on-hindus-13981374.html,4d9a16407a5a38db25f884816b280fdc,nation
Peru's Political Chessboard: New Leadership Amidst Tumult,"Peru's Congress is preparing to elect its eighth president in a decade, following the ousting of the recently installed leader, Jose Jeri. Four largely unknown lawmakers are vying for the presidency, tasked with steering the country until July when a... [815 chars]","Peru's Congress is set to elect its eighth president in a decade after Jose Jeri's ousting. Four candidates, largely unfamiliar to the public, compete to lead the nation until July's transfer of power. The choice reflects ongoing political instability driven by legislative power struggles and accusations against Jeri.",2026-02-18T18:20:14Z,https://www.devdiscourse.com/article/politics/3809879-perus-political-chessboard-new-leadership-amidst-tumult,3e81076dc77d668f83cabbd6f967ccd8,nation
"Solar surge, system stuck: Grid woes threaten India’s data","Synopsis
India's booming AI sector faces a critical energy challenge. Despite massive solar power production and ready transmission lines, mismanagement of the power grid is causing significant renewable energy cuts. This is threatening the viability... [4733 chars]","India's booming AI sector faces a critical energy challenge. Despite massive solar power production and ready transmission lines, mismanagement of the power grid is causing significant renewable energy cuts. This is threatening the viability of generation projects and the nation's data center ambitions.",2026-02-18T18:08:18Z,https://economictimes.indiatimes.com/opinion/et-commentary/solar-surge-system-stuck-grid-woes-threaten-indias-data-centre-boom/articleshow/128520467.cms,40cabdfd0ad489e4718c3157370091bd,nation
"Solar surge, system stuck: Grid woes threaten India’s data-centre boom","Synopsis
India's booming AI sector faces a critical energy challenge. Despite massive solar power production and ready transmission lines, mismanagement of the power grid is causing significant renewable energy cuts. This is threatening the viability... [4946 chars]","India's booming AI sector faces a critical energy challenge. Despite massive solar power production and ready transmission lines, mismanagement of the power grid is causing significant renewable energy cuts. This is threatening the viability of generation projects and the nation's data center ambitions.",2026-02-18T18:08:00Z,https://economictimes.indiatimes.com/ai/ai-insights/solar-surge-system-stuck-grid-woes-threaten-indias-data-centre-boom/articleshow/128520467.cms,b4555b38adac60d9381bb2b08ef6d9eb,nation
Beach concerts are finally coming back to Atlantic City,"Once again, there will be music on the beach in Atlantic City this summer.
Australian electronic dance music trio Rüfüs Du Sol will perform on the ocean side of the AC boardwalk on Aug. 29 in what’s expected to be the first in a wave of shows to take... [2514 chars]","Thanks to a Visit AC and Live Nation deal, music fans will no longer have to travel to Asbury Park and Wildwood to experience a surf-side musical blowout.",2026-02-18T17:57:44Z,https://www.inquirer.com/entertainment/music/atlantic-city-philadelphia-beach-summer-concerts-20260218.html,3cbfcd05b55214d5bf7fb119df23b8e1,nation
"Countries that do not embrace AI could be ‘left behind’, says OpenAI’s George Osborne","The former chancellor George Osborne has warned that countries that do not embrace the kind of powerful AI systems made by his new employer, OpenAI, risked “Fomo” and could be left weaker and poorer.
Osborne, who is two months into a job as head of t... [3989 chars]","Without AI you will be a ‘weaker and poorer nation’, warns former UK chancellor two months into job at US firm",2026-02-18T17:57:22Z,https://www.theguardian.com/politics/2026/feb/18/countries-do-not-embrace-ai-left-behind-george-osborne,3f26e6bec3c52e31741adb91a0240a67,nation
Is or should America be a Christian nation? What Floridians said,"A new study finds about 30% of Americans believe or are sympathetic to the idea that the U.S. should be a Christian nation.
Support for Christian nationalism is highest in Southern and Midwestern states and among Republicans and white evangelical Pro... [8192 chars]",A new study reveals that 3 in 10 Americans either believe the U.S. should be a Christian nation or are sympathetic to the idea.,2026-02-18T17:53:53Z,https://www.tcpalm.com/story/news/trump/2026/02/18/is-or-should-america-be-a-christian-nation-what-floridians-said/88735751007/,8621e1c7d97ca7ca0b4e9ecd02aae450,nation
Is or should America be a Christian nation? What Floridians said,"A new study finds about 30% of Americans believe or are sympathetic to the idea that the U.S. should be a Christian nation.
Support for Christian nationalism is highest in Southern and Midwestern states and among Republicans and white evangelical Pro... [8192 chars]",A new study reveals that 3 in 10 Americans either believe the U.S. should be a Christian nation or are sympathetic to the idea.,2026-02-18T17:53:53Z,https://www.gainesville.com/story/news/trump/2026/02/18/is-or-should-america-be-a-christian-nation-what-floridians-said/88735751007/,cf64a6cf4a193788f905f09c13cfc475,nation
Is or should America be a Christian nation? What Floridians said,"A new study finds about 30% of Americans believe or are sympathetic to the idea that the U.S. should be a Christian nation.
Support for Christian nationalism is highest in Southern and Midwestern states and among Republicans and white evangelical Pro... [8192 chars]",A new study reveals that 3 in 10 Americans either believe the U.S. should be a Christian nation or are sympathetic to the idea.,2026-02-18T17:53:53Z,https://www.heraldtribune.com/story/news/trump/2026/02/18/is-or-should-america-be-a-christian-nation-what-floridians-said/88735751007/,1a8c49521cfdfb1867af5fc3bf7f0f5a,nation
Is or should America be a Christian nation? What Floridians said,"A new study finds about 30% of Americans believe or are sympathetic to the idea that the U.S. should be a Christian nation.
Support for Christian nationalism is highest in Southern and Midwestern states and among Republicans and white evangelical Pro... [8192 chars]",A new study reveals that 3 in 10 Americans either believe the U.S. should be a Christian nation or are sympathetic to the idea.,2026-02-18T17:53:53Z,https://www.naplesnews.com/story/news/trump/2026/02/18/is-or-should-america-be-a-christian-nation-what-floridians-said/88735751007/,0857267ed7e84246f8f53ab0a40d375a,nation
The 3 best US capital cities to call home are in the South,"A new report ranking life in the nation’s capital cities saw one region come out ahead.
In the analysis by WalletHub, all 50 US state capitals were judged on 48 metrics across affordability, quality of life, economic well-being and quality of educati... [2416 chars]",A new WalletHub report ranking life in the nation's capital cities saw one region come out ahead.,2026-02-18T17:45:38Z,https://nypost.com/2026/02/18/real-estate/the-3-best-us-capital-cities-to-call-home-are-in-the-south/,52f0376acdb2a60e83755a717b58d917,nation
From Daulat Ki Chaat to Bhutte Ka Kees: 8 rare Indian dishes the world needs to try,"In India, food is not just a meal for survival, it is a reflection of our journey, culture, and a very much part of our identity as a nation. Here, every region has its range of dishes, which changes with distance and speaks of the country's culinary... [1560 chars]","In India, food is not just a meal for survival, it is a reflection of our journey, culture, and a very much part of our identity as a nation. Here, every region has its range of dishes, which changes with distance and speaks of the country's culinary diversity. While the world knows us for our millets and iconic dishes like butter chicken, chole bhature, dal makhani, and rajma chawal, there is much more in terms of unique flavours, techniques, and colours. Scroll down to know about eight such rare Indian dishes that the world needs to try.",2026-02-18T17:42:00Z,https://timesofindia.indiatimes.com/life-style/food-news/from-daulat-ki-chaat-to-bhutte-ka-kees-8-rare-indian-dishes-the-world-needs-to-try/photostory/128519392.cms,f87e80dcefe3dd437dcdd7274041b5ab,nation
Indigenous light installation transforms Nanaimo’s waterfront park,"The City of Nanaimo, in partnership with Snuneymuxw First Nation, is inviting the public to experience Lighting a Path, a month-long outdoor art installation transforming Sway-a-Lana (Maffeo Sutton Park) into an immersive nighttime gallery.
Running f... [1157 chars]","The City of Nanaimo, in partnership with Snuneymuxw First Nation, is inviting the public to experience Lighting a Path, a month-long outdoor art installation transforming Sway-a-Lana (Maffeo Sutton Park) into an immersive nighttime gallery.",2026-02-18T17:41:23Z,https://cheknews.ca/indigenous-light-installation-transforms-nanaimos-waterfront-park-1306232/,d1e714e827d9460221c402ea8b1f3bbe,nation
Donald Trump Gets Worrying Sign Over ICE In Swing State: Poll,"President Donald Trump is facing a potential warning sign in one of the nation’s key battleground states, as a new poll suggests significant unease over federal immigration enforcement efforts.
The survey, conducted online by TechnoMetrica (TIPP) for... [2492 chars]","Trump is facing a warning sign in one of the nation’s key battleground states, as a new poll suggests significant unease.",2026-02-18T17:39:33Z,https://www.newsweek.com/donald-trump-gets-worrying-sign-over-ice-in-swing-state-poll-11543320,5795777837a8360e1087bfd4ced7920b,nation
PM Tarique Rahman vows to turn Bangladesh into safe land for people of all faiths,"Synopsis
In his maiden televised address to the nation after assuming office, Rahman outlined his government's priorities and said that improving the law and order situation and strictly controlling corruption to restore peace and security are his to... [5570 chars]","In his maiden televised address to the nation after assuming office, Rahman outlined his government's priorities and said that improving the law and order situation and strictly controlling corruption to restore peace and security are his top priorities.",2026-02-18T17:17:00Z,https://economictimes.indiatimes.com/news/international/world-news/pm-tarique-rahman-vows-to-turn-bangladesh-into-safe-land-for-people-of-all-faiths/articleshow/128518312.cms,ffe573a6921ec4f4325d4810adc6bc10,nation
"Ukraine protests as Russian, Belarusian Paralympic athletes cleared to compete under their nation's flags","Ukraine's national sports minister said Wednesday that officials from the country would not attend the upcoming Milano Cortina 2026 Paralympic Winter Games, in protest over a decision to allow Russian and Belarusian athletes to compete under their na... [3264 chars]","Ukraine calls a decision to allow Russian and Belarusian athletes to compete in the 2026 Paralympics under their nations' flags, ""disappointing and outrageous.""",2026-02-18T17:04:53Z,https://www.cbsnews.com/news/ukraine-russia-belarusia-paralympics-athletes-compete-under-national-flags/,933ab572b0e33b2b24494480875e0062,nation
2 Delaware museums named best in nation by USA TODAY 10BEST,"Two Delaware museums have been highlighted by the USA TODAY 10BEST Readers’ Choice Awards as some of the best in the United States.
USA TODAY 10BEST invites a panel of industry experts to nominate their favorite interests and attractions across a var... [3859 chars]",The USA TODAY 10BEST Readers' Choice Awards names two Delaware museums as some of the best in the nation. Have you visited them?,2026-02-18T17:00:56Z,https://eu.delawareonline.com/story/life/2026/02/18/delaware-museums-named-best-us-by-usa-today-10best/88715962007/,0ae770d9f413ed8f879bbc60b7b41846,nation
Calls for World Cup boycott erupt in US amid disturbing dog 'massacre' claims,"Outrage is spreading in the US as reports claim a 2030 World Cup host nation plans to kill roughly three million stray dogs, prompting boycott calls.
Morocco was confirmed in 2023 as a co-host alongside Spain and Portugal, a decision that animal righ... [4230 chars]",WARNING - GRAPHIC CONTENT: Disturbing claims of a dog 'massacre' in a nation hosting the 2030 World Cup have sparked calls for a boycott of the games.,2026-02-18T16:49:08Z,https://www.dailymail.co.uk/sciencetech/article-15570817/World-Cup-boycott-dog-killings-Morocco-fifa.html,e99c89f0cb5606e9b249b31d4c3b1064,nation
Britain’s oldest road also boasts nation's 'sunniest walk',"Living in the UK, we're used to the rain, but when it interrupts our weekend walk, it can prove problematic. However, there's one picturesque walk that has been proven to offer the highest chance of blistering sunshine and the lowest chance of rain -... [3572 chars]","Britain's oldest road offers a rare escape from the UK's notorious rain, passing ancient sites and diverse countryside along a chalk track among sunny skies",2026-02-18T16:41:00Z,https://www.express.co.uk/travel/uk/2172689/britains-oldest-road-nations-sunniest-walk,50c08157230d98fa29d265ec82d45624,nation
"GOP Eyes Election Changes, Cautious on Mail Voting","Congressional Republicans are charging ahead with a sweeping overhaul of the nation's election system, pushing stricter voter ID standards and proof-of-citizenship requirements.
However, they are proceeding more carefully when it comes to President D... [2598 chars]","Pushing stricter voter ID standards and proof-of-citizenship requirements, congressional Republicans are charging ahead with a sweeping overhaul of the nation's election system.",2026-02-18T16:35:44Z,https://www.newsmax.com/politics/gop-election-security-mail-voting/2026/02/18/id/1246547/,efb6c531832b3694c61c523fa9bbf55b,nation
Restore Britain Party Unveils Blueprint for Mass Deportations and National Renewal,"Britain’s ongoing mass immigration crisis has reached a critical tipping point, and for the first time in generations, a bold patriotic, national-conservative movement has stepped forward with a no-nonsense, fully fleshed-out strategy to reclaim cont... [5992 chars]","Britain’s ongoing mass immigration crisis has reached a critical tipping point, and for the first time in generations, a bold patriotic, national-conservative movement has stepped forward with a no-nonsense, fully fleshed-out strategy to reclaim control of the nation’s demography and secure its future as a sovereign homeland for the British people.",2026-02-18T16:30:58Z,https://www.thegatewaypundit.com/2026/02/restore-britain-party-unveils-blueprint-mass-deportations-national/,2d8404b30a2f8e77ad3691224a7f0db2,nation
"5 Best Samsung Phones Under Rs 55,000 to Buy in 2026","If you have a budget under Rs 55,000, these Samsung smartphones offer the perfect balance of performance and camera quality.
The Galaxy A36 5G is powered by the Snapdragon 6 Gen 3 processor and features a 5000 mAh battery. It boasts a triple camera s... [1342 chars]","Are you a Samsung fan? We have curated a list of the best Samsung smartphones you should consider buying in 2026., Technology & Science, Times Now",2026-02-19T02:54:00Z,https://www.timesnownews.com/technology-science/5-best-samsung-phones-under-rs-55000-to-buy-in-2026-photo-gallery-153639447,3f1b05f258a19116074a24c0f92e83ed,science
Sarvam vs ChatGPT vs Gemini: What’s So Special About India’s First AI Model,"Sarvam AI vs ChatGPT vs Google Gemini
Sarvam has been making waves in the AI Impact Summit 2026 as the company launched its AI model to compete with ChatGPT and Gemini beforehand. Furthermore, the co-founder, Pratyush Kumar, even said that their mult... [2175 chars]","Sarvam has gained attention at the AI Impact Summit 2026 by unveiling its advanced AI model, Sarvam Vision, which claims superior performance in benchmarks compared to global counterparts like ChatGPT and Gemini., Technology & Science, Times Now",2026-02-19T02:51:55Z,https://www.timesnownews.com/technology-science/sarvam-vs-chatgpt-vs-gemini-whats-so-special-about-indias-first-ai-model-article-153636290,8a56423b4c85132d345958a1cc2cb2b0,science
"What Is Google Lyria 3? New Gemini AI Music Tool That Creates Songs From Text, Images And Videos: How It Works","Gemini users can now use Google Lyria 3 AI music model to create songs.
After bringing AI saree and nano banana image models to Gemini, Google is set for another Instagram trend but this time it is not the images, it is music. Let me explain. The US-... [3509 chars]","Google Lyria 3: Gemini will transform your prompt into a high-quality track. You can even ask Gemini to take inspiration from a photo or video you upload., Technology & Science, Times Now",2026-02-19T02:31:00Z,https://www.timesnownews.com/technology-science/what-is-google-lyria-3-new-gemini-ai-music-tool-that-creates-songs-from-text-images-and-videos-how-it-works-article-153639665,42367a63bd6723ee5025ac7d89c8830e,science
US energy chief says International Energy Agency must ‘drop’ focus on climate change,"PARIS – US Energy Secretary Chris Wright urged the International Energy Agency (IEA) on Feb 18 to abandon its work on climate change and focus instead on its founding mission.
Mr Wright threatened in 2025 to pull the United States out of the IEA – wh... [2951 chars]",US Energy Secretary Chris Wright challenged the consensus on climate science. Read more at straitstimes.com.,2026-02-19T02:10:00Z,https://www.straitstimes.com/world/united-states/us-energy-chief-says-international-energy-agency-must-drop-focus-on-climate-change,ac4002a8c319c34298625c765f95c8d4,science
Why a dose of art may be the cure for a number of society’s ailments,"While developing art programs at a London hospital, Dr. Daisy Fancourt began collecting observations that would ultimately change the course of her life’s work.
She watched as a child who’d been hospitalized for burns didn’t need morphine when he was... [13759 chars]",Dr. Daisy Fancourt's new book 'Art Cure: The Science of How the Arts Save Lives' examines the research behind art as a form of medicine.,2026-02-19T01:53:39Z,https://www.ocregister.com/2026/02/18/why-a-dose-of-art-may-be-the-cure-for-a-number-of-societys-ailments/,e85e5be1069996278e55ded33df0259d,science
The science of prevention is not negotiable,"I have spent more than a decade practicing emergency medicine, balancing my time between a high-volume adult trauma center and a pediatric ER here in Reno. In that time, I have come to deeply appreciate the days in a pediatric emergency department wh... [4128 chars]",Dr. David Benaron writes: The decision by HHS to remove six universally recommended childhood vaccines represents a dangerous departure from evidence-based medicine.,2026-02-19T00:45:05Z,https://www.rgj.com/story/opinion/2026/02/18/the-science-of-prevention-is-not-negotiable-opinion/88748165007/,2ef3d2c147db4854385950b5634d2900,science
Moment of Science: Olympic Hockey,"NOTE: The above video is a livestream of WIS featuring current newscasts, Soda City Living and Gray Media’s Local News Live.
COLUMBIA, S.C. (WIS) - Englishman Robert Jones was credited with one of the first accounts of figure skating back in 1772. In... [1572 chars]","As Team USA looks to add to their medal count in the 2026 Winter Olympics, you’ll know more about the science behind this artistry on ice.",2026-02-19T00:40:55Z,https://www.wistv.com/2026/02/19/moment-science-olympic-hockey/,3d151907aba86fcaf0cde0e0b85c0603,science
The science and spirit behind mantra energy,"We’ve grown up believing that mantras are religious rituals. Something you chant on special days, or to deflect some planetary maleficence, or when you want something from the universe. What if mantras aren’t just spiritual verses but actual energy t... [2832 chars]","Mantras & Chants News: We’ve grown up believing that mantras are religious rituals. Something you chant on special days, or to deflect some planetary maleficence, or when yo.",2026-02-19T00:30:00Z,https://timesofindia.indiatimes.com/religion/mantras-chants/the-science-and-spirit-behind-mantra-energy/articleshow/128525664.cms,4a0e0ea022f5d6ed857d7fff65d75a00,science
"10 yrs away, science to surge, jobs to shift: Hassabis","New Delhi: DeepMind Technologies CEO Demis Hassabis speaks during the India AI Impact Summit 2026, in New Delhi. (PTI Photo)
New Delhi: Artificial general intelligence (AGI) could be years away, but its profound impact in the coming decade will be de... [2117 chars]","India Business News: New Delhi: Artificial general intelligence (AGI) could be years away, but its profound impact in the coming decade will be defined by scientific break.",2026-02-19T00:13:00Z,https://timesofindia.indiatimes.com/business/india-business/agi-5-10-yrs-away-science-to-surge-jobs-to-shift-hassabis/articleshow/128532158.cms,28382a0a27ea8cfb82f481feb0c5109c,science
Study finds warming world increases days when weather is prone to fires around the globe,"WASHINGTON (AP) — The number of days when the weather gets hot, dry and windy — ideal to spark extreme wildfires — has nearly tripled in the past 45 years across the globe, with the trend increasing even higher in the Americas, a new study shows.
And... [2398 chars]","A new study shows hot, dry and windy weather that fuels extreme wildfires has nearly tripled worldwide in 45 years. Researchers report the rise has sped up especially in the Americas. Wednesday's journal Science Advances shows that globally, big fire-prone days have nearly tripled from about 22 days a year in the 1980s to about 60 days a year lately. Scientists say climate change drives more than half the increase. The study team tracks “synchronous” fire weather, when many places face dangerous conditions at the same time. That overlap strains firefighters and worsens smoke and air quality.",2026-02-19T00:11:14Z,https://www.ajc.com/news/2026/02/study-finds-warming-world-increases-days-when-weather-is-prone-to-fires-around-the-globe/,9707f33e4cff6f2c3586193d78fb549c,science
Raman Science Centre to host vintage car and bike exhibition on February 22,"Raman Science Centre & Planetarium, Nagpur, a unit of the National Council of Science Museums (NCSM) under the Ministry of Culture, Government of India, is set to organise a grand Vintage Car and Bike Exhibition on Sunday, February 22, from 10 am to ... [810 chars]","raman science centre & planetarium, nagpur, a unit of the national council of science museums (ncsm) under the ministry of culture, government of india, is set to organise a grand vintage car and bike exhibition on sunday, february 22, from 10 am to 5 pm at its premises. the exhibition is being organised in collaboration with the central india vintage automotive association (civaa), nagpur, and will feature a collection of vintage and classic cars and motorcycles representing the golden era of automotive en",2026-02-19T00:00:00Z,https://www.thehitavada.com//Encyc/2026/2/19/raman-science-centre-to-host-vintage-car-and-bike-exhibition-on-february-22.html,e5eeff17c8c723c6a8373fefadf0fbdc,science
"B.tech Course: Get the complete information about Btech along with eligibility, Career opportunities and Top Colleges","B.Tech
BTech or Bachelor of Technology is a popular undergraduate degree program in Engineering that is pursued by students after completing their 10+2 or equivalent education. The course focuses on providing students with a strong foundation in math... [1327 chars]","Learn about BTech as a science career after 12th. Get details on specializations, top colleges, job prospects, and engineering scope.",2026-02-19T00:00:00Z,https://www.hindustantimes.com/education/science-career-options-after-12th/btech,7f8241aacaca3d6c6ad5d35e7ff3d602,science
Raman Science Centre to host vintage car and bike exhibition on February 22,"Raman Science Centre & Planetarium, Nagpur, a unit of the National Council of Science Museums (NCSM) under the Ministry of Culture, Government of India, is set to organise a grand Vintage Car and Bike Exhibition on Sunday, February 22, from 10 am to ... [810 chars]","raman science centre & planetarium, nagpur, a unit of the national council of science museums (ncsm) under the ministry of culture, government of india, is set to organise a grand vintage car and bike exhibition on sunday, february 22, from 10 am to 5 pm at its premises. the exhibition is being organised in collaboration with the central india vintage automotive association (civaa), nagpur, and will feature a collection of vintage and classic cars and motorcycles representing the golden era of automotive en",2026-02-19T00:00:00Z,https://www.thehitavada.com/Encyc/2026/2/19/raman-science-centre-to-host-vintage-car-and-bike-exhibition-on-february-22.html,61f9b8cbf62fb3f075b17a6cecb4b871,science
Opinion: An anti-science FDA is a threat to our health and prosperity,"The U.S. Food and Drug Administration supposedly “implements gold standard science.”
Yet the agency appears to relish obstructing scientific progress. Earlier this month, Vinay Prasad, the director of FDA’s vaccine division, rejected Moderna’s applic... [4176 chars]","After public backlash, the FDA will review a new mRNA flu vaccine. That’s good news, but its original rejection and other arbitrary decisions undermine U.S. leadership in biopharmaceutical innovation",2026-02-18T23:44:28Z,https://www.deseret.com/opinion/2026/02/18/fda-mrna-vaccine-rejection-jeopardizes-american-health-leadership/,b074ffa0f9f9cc4a3a4d597d859e29aa,science
"Amid spending cuts and pending charges, McIver brings Newark home $1M for STEM","U.S. Rep. LaMonica McIver showed Newark constituents she can still deliver federal funding even amid a pending indictment and spending cuts by the Trump Administration.
McIver, a Democrat who represents New Jersey’s 10th Congressional District, visit... [1922 chars]","On Tuesday, the congresswoman announced a $1 million appropriation she had secured for an science, technology, engineering and mathematics afterschool program.",2026-02-18T23:40:36Z,https://www.nj.com/essex/2026/02/amid-spending-cuts-and-pending-charges-mciver-brings-newark-home-1m-for-stem.html,5075873dd2acf50f1bbfedb4c39e8bf5,science
Seasonal Patterns in Autoimmune Diseases: What the Science Shows,"Introduction
The seasonality of autoimmunity
Temperature, climate, and disease prevalence worldwide
Birth month and autoimmunity: A seasonal signature
New insights into seasonal immune regulation
Mechanisms involved in seasonal activity
Disease examp... [11597 chars]","From birth-month signatures to global climate gradients, emerging evidence indicates that seasonal light, temperature, and immune rhythms may recalibrate autoimmune risk and disease activity.",2026-02-18T23:31:00Z,https://www.news-medical.net/health/Seasonal-Patterns-in-Autoimmune-Diseases-What-the-Science-Shows.aspx,293833fffeec7fd33010e2e2e3dd0e0f,science
"Norman C. Francis, civil rights champion and recipient of Presidential Medal of Freedom, dies at 94","Norman C. Francis, a civil rights pioneer and champion of education who played a pivotal role in helping rebuild New Orleans after Hurricane Katrina, died Wednesday. He was 94.
Community members, activists and leaders across Louisiana celebrated the ... [2835 chars]","Norman C. Francis, a civil rights pioneer, champion of education and leader who was charged with helping rebuild New Orleans after Hurricane Katrina, died Wednesday. Francis was 94. Francis paved the way for Black students and professionals as the first Black student at Loyola University’s law school and through his work in the U.S. Attorney General’s office to help integrate federal agencies. Among his main accomplishments, Francis served as Xavier University's president for 47 years. During his tenure, he turned the nation’s only predominantly Black Catholic university into a premier school for Black undergraduates interested in science.",2026-02-18T23:13:06Z,https://www.ajc.com/news/2026/02/norman-c-francis-civil-rights-champion-and-recipient-of-presidential-medal-of-freedom-dies-at-94/,9510c0ce5424401aa3612df1ad62173a,science
"Australia Science Minister meets Dr Jitendra, discusses ‘Australia- India Strategic Research Fund’","Excelsior Correspondent
NEW DELHI, Feb 18: India and Australia agreed to expand and realign their science and technology partnership towards mission-oriented collaboration in critical and emerging technologies, following talks between Union Minister ... [3014 chars]","Excelsior Correspondent NEW DELHI, Feb 18: India and Australia agreed to expand and realign their science and technology partnership towards mission-oriented collaboration in critical and emerging technologies, following talks between Union Minister for Science and Technology Dr. Jitendra Singh and Australia Minister for Science, Technology and Digital Economy Dr. Andrew Charlton MP. The Australian Minister called on the Indian Minister, accompanied by a high level official delegation. The two Ministers reviewed the progress of the Australia-India Strategic Research Fund (AISRF), […]",2026-02-18T22:58:24Z,https://www.dailyexcelsior.com/australia-science-minister-meets-dr-jitendra-discusses-australia-india-strategic-research-fund/,fe491105421e96fa25868823d2557b02,science
"New Zealand Minister calls on Dr Jitendra, discusses India’s Bio-E3 Mission","Excelsior Correspondent
NEW DELHI, Feb 18: Union Minister of State (Independent Charge) for Science & Technology; Earth Sciences; and Minister of State in PMO, Personnel, Public Grievances, Pensions, Atomic Energy and Space, Dr. Jitendra Singh, held ... [2860 chars]","Excelsior Correspondent NEW DELHI, Feb 18: Union Minister of State (Independent Charge) for Science & Technology; Earth Sciences; and Minister of State in PMO, Personnel, Public Grievances, Pensions, Atomic Energy and Space, Dr. Jitendra Singh, held a comprehensive bilateral meeting with Dr. Shane Reti, Minister of Science, Innovation, Technology and Education, New Zealand, at Kartavya Bhavan here. The visiting Minister is in India to participate in the ongoing AI Summit, and the meeting provided an opportunity to align the expanding […]",2026-02-18T22:49:58Z,https://www.dailyexcelsior.com/new-zealand-minister-calls-on-dr-jitendra-discusses-indias-bio-e3-mission/,684ae97f4d0b581135da77c99c7aa5f6,science
IUST signs MoU with GPC Budgam,"Excelsior Correspondent
AWANTIPORA, Feb 18: The Islamic University of Science and Technology (IUST) today signed a Memorandum of Understanding (MoU) with Government Polytechnic College Budgam (GPCB) to expand its outreach network and promote structur... [1446 chars]","Excelsior Correspondent AWANTIPORA, Feb 18: The Islamic University of Science and Technology (IUST) today signed a Memorandum of Understanding (MoU) with Government Polytechnic College Budgam (GPCB) to expand its outreach network and promote structured academic cooperation. The MoU aims to establish a collaborative framework for academic exchange, skill-based development, and mutual institutional support. The partnership will promote the exchange of knowledge, expertise, and best practices between the two institutions. It will also facilitate training programmes, skill development initiatives, and internship […]",2026-02-18T22:47:49Z,https://www.dailyexcelsior.com/iust-signs-mou-with-gpc-budgam/,81772b9eccbb2d577fc205091ef70306,science
NC legislators agitate against Minister on solar lights issue,"Speaker says MLAs’ concern is genuine
Excelsior Correspondent
JAMMU, Feb 18: A couple of ruling National Conference MLAs today agitated against Science and Technology Minister Satish Sharma on the issue of solar lights saying the lights should be giv... [1182 chars]","Speaker says MLAs’ concern is genuine Excelsior Correspondent JAMMU, Feb 18: A couple of ruling National Conference MLAs today agitated against Science and Technology Minister Satish Sharma on the issue of solar lights saying the lights should be given more in the border areas instead of the places where they are not required. National Conference MLA from Poonch Ajaz Ahmad Jan, raising supplementaries to his question, said the Minister has failed to give the reply about where 2499 lights will […]",2026-02-18T22:43:53Z,https://www.dailyexcelsior.com/nc-legislators-agitate-against-minister-on-solar-lights-issue/,ad99633d4779ea5a981679159d5a4901,science
Is X (Twitter) Down? 'Posts Not Loading' Errors Surface Amid Massive Outage,"X (formerly Twitter) is facing widespread login issues.
Many users reported that X (formerly Twitter) stopped working on Wednesday. According to Downdetector, a platform that tracks online service problems, reports of issues started rising sharply ar... [1094 chars]","X suffered a major outage on Wednesday, with users saying the app stopped working. Downdetector confirmed a rapid rise in reports starting at 4.47 pm EST., Technology & Science, Times Now",2026-02-18T22:13:54Z,https://www.timesnownews.com/technology-science/is-x-twitter-down-posts-not-loading-errors-surface-amid-massive-outage-article-153641085,fd1a010bbee42fe5c5f6c9e4ee5bd59b,science
National Park Groups Sue Trump Administration for Alleged Attempts to 'Erase History',"A group of conservation and historical organizations filed a lawsuit against the Trump administration on Tuesday claiming it is trying to “erase history” and “undermine science” across the country’s National Parks.
The lawsuit, filed Feb. 17, in the ... [3064 chars]",A coalition of conservation and historical organizations are suing the Trump administration for alleged attempts to 'erase history and censor science in America’s national parks.' The lawsuit cites specific exhibits removed since a March 2025 executive order.,2026-02-18T21:44:14Z,https://people.com/national-park-groups-sue-trump-administration-for-alleged-attempts-to-erase-history-11908880,f24b56dfc5295a83727e3bb2d02d693a,science
‘Raag Darbari’ more relevant than Western administrative theories,"Organised by the department of political science where Prof Anand taught generations of students, Singh offered a compelling re-evaluation of India’s administrative landscape through the lens of Shukla’s 1968 classic novel, in his lecture titled ‘Pol... [1044 chars]","Prof Satyajit Singh of University of California said, the novel is celebrated as a landmark of Hindi literature, it remains a significantly underutilised resource in the fields of political science and public administration.",2026-02-18T21:42:06Z,https://www.hindustantimes.com/cities/chandigarh-news/raag-darbari-more-relevant-than-western-administrative-theories-101771437088719.html,8277fda5108cb52e2c6902f70dd9e55d,science
"Battery Ventures raises $3.25 billion fund, Boston's largest in years","In a tough market for Boston-area venture capital firms, one of the city’s oldest just pulled in the largest new fund in several years.
Battery Ventures, founded in 1983, said Wednesday it had raised $3.25 billion for its 15th VC investment fund, whi... [3329 chars]","The firm's $3.25 billion 15th fund matches the size of its last fund raised in 2022, as it looks to invest in tech and life-science tools.",2026-02-18T20:59:46Z,https://www.bostonglobe.com/2026/02/18/business/battery-ventures-new-vc-fund/,1c9425a1025a5b9b685ce567b45ad234,science
Students appear in practical computer science exam without enough systems,"Hundreds of students in middle, high and senior secondary schools have appeared in the practical exams of computer science, which ended yesterday, without adequate computers.
Reason: Most schools have malfunctioning or non-operational computers. Most... [1824 chars]","Hundreds of students in middle, high and senior secondary schools have appeared in the practical exams of computer science, which ended yesterday, without adequate computers.",2026-02-18T20:30:28Z,https://www.tribuneindia.com/news/punjab/students-appear-in-practical-computer-science-exam-without-enough-systems/,3e934dc9eb9bcdefd92e11c28b27529c,science
AMPAS Scientific & Technical Awards 2026 Winners List,"In one of the longest-running traditions of the Academy of Motion Picture Arts and Sciences, 15 scientific and technical achievements were announced Wednesday as the latest recipients of the annual Scientific and Technical Awards. The honors have bee... [7813 chars]",Fifteen achievements will be honored by the Academy of Motion Picture Arts and Science with 2026 Scientific and Technical Awards.,2026-02-18T19:00:15Z,https://deadline.com/2026/02/amaps-scientific-and-technical-awards-2026-winners-1236728552/,4fc3f5b465f2fca2e0e8a7505909f8ea,science
Epic is acquiring a company that makes AI tech for animating digital humans.,"J
External Link
Epic is acquiring a company that makes AI tech for animating digital humans.
Meshcapade’s team will join Epic Games’ AI Research team and contribute to technologies for Unreal Engine and the hyperrealistic MetaHumans.
Max Planck spin-... [526 chars]","Meshcapade’s team will join Epic Games’ AI Research team and contribute to technologies for Unreal Engine and the hyperrealistic MetaHumans.
[Link: Max Planck spin-off draws Epic Games to Tübingen | https://www.mpg.de/26082348/max-planck-spin-off-meshcapade-draws-epic-games-to-tuebingen | The Max Planck Society for the Advancement of Science]",2026-02-18T18:43:05Z,https://www.theverge.com/games/880828/epic-is-acquiring-a-company-that-makes-ai-tech-for-animating-digital-humans,615d60ac3e6dbcb8d3ddff25510d73d9,science
The (very weird) way Hollywood keeps lying to us about asteroid belts,"In the 1980 film Star Wars: The Empire Strikes Back, Han Solo and friends try to escape pursuing imperial forces by flying through an asteroid field. Droid C-3PO remarks, “the odds of successfully navigating an asteroid field is approximately 3,720 t... [1950 chars]","Forgot what science-fiction has told you, flying through an asteroid belt would be a major challenge for anyone.",2026-02-18T18:30:00Z,https://www.sciencefocus.com/space/hollywood-keeps-lying-to-us-about-asteroid-belts,e61d1728b522f752034c9918b104469d,science
Jay Bhattacharya named acting CDC director,"Jay Bhattacharya, the head of the National Institutes of Health, will become acting director of the Centers for Disease Control and Prevention following the dismissal last week of Jim O’Neill, according to a White House official and an administration... [451 chars]","Health Secretary Robert F. Kennedy Jr. dismissed Jim O’Neill, whom Trump will nominate to lead the National Science Foundation, from the CDC job last week.",2026-02-18T18:24:00Z,https://www.politico.com/news/2026/02/18/bhattacharya-cdc-director-oneill-rfk-00786582,251bb54688f5ba8e71b6b753c9232474,science
"Warburg Pincus talks in final lap to buy Integrace Health for Rs 1,200 crore","Mumbai: US private equity firm Warburg Pincus is in advanced talks to acquire Mumbai-based formulations maker Integrace Health for about ₹1,200 crore, said people familiar with the matter.
Integrace is currently owned by homegrown PE fund True North ... [3187 chars]","Integrace is currently owned by homegrown PE fund True North and Singapore sovereign investor Temasek Holdings. True North Fund VI LLP holds a 55.83% stake in Integrace, while Temasek arm V-Science Investments Pte owns 43.91%.",2026-02-18T18:15:00Z,https://economictimes.indiatimes.com/industry/healthcare/biotech/healthcare/warburg-pincus-talks-in-final-lap-to-buy-integrace-health-for-rs-1200-crore/articleshow/128520843.cms,e90d2c3fb3f5edefb08da4eb6ef63919,science
Ever wondered why some people sneeze when they look at the sun,"Why some people sneeze when they look at the sun
For a lot of people, going outside into the bright sun makes them feel warm or clear. For some, it makes them sneeze out of nowhere. Doctors and scientists have been trying to figure out this strange r... [4802 chars]","Science News: For a lot of people, going outside into the bright sun makes them feel warm or clear. For some, it makes them sneeze out of nowhere. Doctors and scien.",2026-02-18T18:02:00Z,https://timesofindia.indiatimes.com/science/ever-wondered-why-some-people-sneeze-when-they-look-at-the-sun/articleshow/128520038.cms,94d61e42d84c819a3b6f9a3b6574c108,science
New fear unlocked: runaway black holes,"This article was originally published at The Conversation. The publication contributed the article to Space.com's Expert Voices: Op-Ed & Insights.
Last year, astronomers were fascinated by a runaway asteroid passing through our solar system from some... [5349 chars]",An astronomer dives into the science of runaway black holes and their effects on our universe.,2026-02-18T18:00:00Z,https://www.space.com/astronomy/black-holes/new-fear-unlocked-runaway-black-holes,a6843eee413b314a0a5715af1fb1d5d0,science
Atlantic measles essay featured fictionalized account with disclaimer at the end,"When Kelly McBride read Elizabeth Bruenig’s essay in the Atlantic about a child’s death from measles complications, she was moved and quickly shared the story on her Facebook account. She hadn’t realized that Bruenig’s family had been ravaged by viru... [7628 chars]","Media ethicists and physicians are concerned that the account featuring real science but made-up child characters and a disclaimer at the end crosses a line, and could harm the vaccine cause.",2026-02-18T17:53:17Z,https://www.inquirer.com/health/atlantic-measles-essay-child-death-ethics-concerns-20260218.html,d74fd4d01571fd8c4655010670860f7f,science
Environmental groups sue Trump administration over dismantled climate rule,"Advertisement
19 Feb 2026 01:25AM
Add CNA as a trusted source to help Google better understand and surface our content in search results.
Read a summary of this article on FAST.
Get bite-sized news via a new
cards interface. Give it a try.
Click here... [3616 chars]","""Nobody but Big Oil profits from Trump trashing climate science,"" said an attorney at the Centre for Biological Diversity, one of the groups suing the Trump administration.",2026-02-18T17:25:00Z,https://www.channelnewsasia.com/world/climate-sue-trump-administration-scientific-finding-5938476,3c408aaabdffad4b004bcf9da5242d1d,science
The Science of Winter Sun Exposure - Essence,"HED: The Science of Winter Sun Exposure—And How To Protect Black Skin
DEK: Why UV radiation doesn’t take a seasonal break—and the aesthetician-approved steps to protect yourself
Sunscreen is typically associated with summer, warmer weather, beaches, ... [2919 chars]",Why UV radiation doesn’t take a seasonal break—and the aesthetician-approved steps to protect Black skin year-round.,2026-02-18T17:00:00Z,https://www.essence.com/beauty/sciene-behind-winter-sun-exposure-protect-black-skin/,8b9f2d724c148ad0716322ee07a1b549,science
STAT wins Polk Award for reporting on impact of Trump on health,"Dear Readers,
I’m thrilled to share that STAT has won a prestigious George Polk Award for documenting the Trump administration’s shakeup of the FDA, scientific research, and public health.
Advertisement
The Polk Award honors STAT reporter Lizzy Lawre... [2800 chars]","Award honors STAT's Lizzy Lawrence for FDA reporting and recognizes STAT journalists for the series “American Science, Shattered” and “MAHA Diagnosis.""",2026-02-18T16:45:14Z,https://www.statnews.com/2026/02/18/stat-wins-polk-award-reporting-trump-science-fda/,7677e617e49a6bb770c05eb6cedf96eb,science
Science-Backed Ways to Beat Hypertension Naturally Without Big Pharma’s Toxic Drugs,"Introduction: Reclaim Your Health and Autonomy
For nearly half of American adults, high blood pressure is a silent, ticking time bomb, a condition that mainstream medicine insists can only be managed with a lifetime prescription to expensive, side-ef... [7806 chars]","Introduction: Reclaim Your Health and Autonomy For nearly half of American adults, high blood pressure is a silent, ticking time bomb, a condition that mainstream medicine insists can only be managed with a lifetime prescription to expensive, side-effect-laden pharmaceuticals. [1] This approach is not just misguided; it is a deliberate betrayal of patient safety, designed to generate […]",2026-02-18T16:32:04Z,https://www.naturalnews.com/2026-02-18-beat-hypertension-naturally-without-big-pharma-drugs.html,6c63db9f8e84aafdee108ff33d82fe05,science
Quantum Century science expo begins on Thursday,"A ‘Quantum Century’ science exhibition will get under way at Government College for Women, Vazhuthacaud, here on Thursday.
Minister for General Education V. Sivankutty will inaugurate the exhibition, organised as part of the celebrations marking the ... [626 chars]","A ‘Quantum Century’ science exhibition will get under way at Government College for Women, Vazhuthacaud, here on Thursday. Minister for General Education V. Sivankutty will inaugurate the exhibition, organised as part of the celebrations marking the centenary of quantum science, at 10.30 a.m.",2026-02-18T16:29:13Z,https://www.thehindu.com/news/national/kerala/quantum-century-science-expo-begins-on-thursday/article70648807.ece,484ebff34ad6c3f962374cce331da6e9,science
"Nandita Das At NDTV AI Summit 2026: ""Art Will Slowly Become Science""","At the NDTV India.AI Summit 2026, held at ITC Maurya in New Delhi, filmmaker and actor Nandita Das shared her thoughts on the growing influence of artificial intelligence in the creative world.
In a conversation with NDTV's Shiv Aroor, she reflected ... [2908 chars]",Nandita Das also spoke about how mainstream cinema has already become increasingly formula-driven,2026-02-18T16:27:59Z,https://www.ndtv.com/entertainment/nandita-das-at-ndtv-ai-summit-2026-slowly-art-will-become-science-11055333,e22d58ce06cea30629d3554b988e5af4,science
Epstein Files: DNA Pioneer James Watson's Photo With Women In Jeffrey Epstein's New York Mansion Triggers The Internet,"A few months before his alleged suicide under custody, Jeffrey Epstein sent a mail to Lesley Groff asking, ""Reach out to James D. Watson people to see how he's doing.' EFTA02268437.pdf - DataSet 11. This is not the only mention of the DNA pioneer, wh... [2302 chars]",Epstein brushed shoulders with the whos-who in academia and science,2026-02-18T16:12:32Z,https://in.mashable.com/culture/106049/epstein-files-dna-pioneer-james-watsons-photo-with-women-in-jeffrey-epsteins-new-york-mansion-trigge,c511ed4efb64e0fdcb57fc1e6ea8a960,science
Study reveals widespread prenatal exposure of babies to forever chemicals,"Babies born between 2003 and 2006 were exposed to many more ""forever chemicals"" before birth than scientists previously understood, according to new research published in Environmental Science & Technology.
Thousands of these chemicals, known as per-... [4052 chars]","Babies born between 2003 and 2006 were exposed to many more ""forever chemicals"" before birth than scientists previously understood, according to new research published in Environmental Science & Technology.",2026-02-18T16:12:00Z,https://www.news-medical.net/news/20260218/Study-reveals-widespread-prenatal-exposure-of-babies-to-forever-chemicals.aspx,648e6f1fe3a99f7554313844d7e34afc,science
"In India visit, Google DeepMind chief pitches key role in public AI utilities","New Delhi: Google on Wednesday made a pitch to bring its cutting-edge artificial intelligence (AI) models and products to applications in the Indian government agencies. In an event, chief executive Sundar Pichai underlined the use of DeepMind’s AI i... [4087 chars]","During an India visit, DeepMind's leadership highlighted the potential for AI to revolutionize Indian agriculture and climate science, while warning of the dual-use risks posed by nation-state actors.",2026-02-18T16:04:24Z,https://www.livemint.com/technology/google-ai-india-government-public-services-deepmind-partnerships-11771424438473.html,67efdd4aacb6111855ee24c52a490556,science
Haven 1: The private space station being built to replace the International Space Station,"Haven 1: The private space station being built to replace the International Space Station (Image Source - Vast)
Work has started on Haven 1, a commercial space station being developed by the US company Vast. The project moves forward as the Internati... [2466 chars]","Science News: Work has started on Haven 1, a commercial space station being developed by the US company Vast. The project moves forward as the International Space S.",2026-02-18T16:04:00Z,https://timesofindia.indiatimes.com/science/haven-1-the-private-space-station-being-built-to-replace-the-international-space-station/articleshow/128515547.cms,bf67240f73a3ada253f91189a7a7e5fb,science
Humanoid robots as educational tools,"span style=""font-family: Gilroy;"">TECHNOLOGY is reshaping industries, societies, work, leisure, and life itself. Until the recent past, artificial intelligence and robots were just an imaginative concept from science fiction — perhaps like the movie ... [5594 chars]","span style='font-family: Gilroy;'>TECHNOLOGY is reshaping industries, societies, work, leisure, and life itself. Until the recent past, artificial intelligence and robots were just an imaginative concept from science fiction — perhaps like the movie concept of apes with intelligence superior to humans. Like it or not, we now live in a planet of the apps, where human progress is intertwined with artificial, non-human intelligence.",2026-02-18T16:04:00Z,https://www.manilatimes.net/2026/02/19/campus-press/humanoid-robots-as-educational-tools/2280157,90421a6fba69749b436050dcb22bde58,science
AI ‘arms race’ risks human extinction - expert,"NEW DELHI — Tech CEOs are locked in an artificial intelligence “arms race” that risks wiping out humanity, top computer science researcher Stuart Russell told Agence France-Presse on Tuesday, calling for governments to pull the brakes.
Russell, a pro... [2387 chars]","NEW DELHI — Tech CEOs are locked in an artificial intelligence “arms race” that risks wiping out humanity, top computer science researcher Stuart Russell told Agence France-Presse on Tuesday, calling for governments to pull the brakes.",2026-02-18T16:04:00Z,https://www.manilatimes.net/2026/02/19/news/world/ai-arms-race-risks-human-extinction-expert/2280513,33afe04f79828ae3bfc209f9bd13f4bd,science
Philippines inaugurates first salt research center,"THE Department of Science and Technology’s Philippine Council for Industry, Energy and Emerging Technology Research and Development (DOST-PCIEERD) has inaugurated the country’s first research and development (R&D) center dedicated to salt production ... [2335 chars]","THE Department of Science and Technology’s Philippine Council for Industry, Energy and Emerging Technology Research and Development (DOST-PCIEERD) has inaugurated the country’s first research and development (R&D) center dedicated to salt production and innovation.",2026-02-18T16:03:00Z,https://www.manilatimes.net/2026/02/19/news/national/philippines-inaugurates-first-salt-research-center/2280512,6d8a5ae0bc0f3eef9b94bf54a486e968,science
Ramadan 2026: Science-backed health benefits of fasting in the holy month,"Ramadan begins on February 18 in Gulf countries like UAE and Saudi Arabia. However, in India, the holy month will begin on February 19.
Fasting hours during Ramadan is very significant for Muslims around the globe, where they abstain from food, drink... [2131 chars]","Beyond its spiritual significance, research suggests that mindful Ramadan fasting may improve metabolic health, insulin sensitivity, and more such benefits",2026-02-18T16:02:52Z,https://www.theweek.in/news/health/2026/02/18/ramadan-2026-science-backed-health-benefits-of-fasting-in-the-holy-month.html,b244f3afee26e260a4fb287a4cb5b692,science
Government slammed for 'bonkers' £16bn plan to build solar farms in space,"Energy Secretary Ed Miliband is said to be exploring the science fiction-style proposals to help Britain hit its net zero targets
Ministers have been slammed for a “bonkers” £16 billion plan to potentially build solar farms in space.
Energy Secretary... [1592 chars]",Energy Secretary Ed Miliband is said to be exploring the science fiction-style proposals to help Britain hit its net zero targets,2026-02-18T15:39:09Z,https://www.dailystar.co.uk/news/latest-news/government-slammed-bonkers-16bn-plan-36742983,6501681064d6a6f6b435fc8abc5c809a,science
Twin Triumph: Bhubaneswar Brothers Score Identical JEE Main Success,"In a stunning academic feat, identical twins Mahroof and Masroor Ahmed Khan both scored 285 in the JEE Main exam, achieving a 99.998th percentile rank. The results, declared on Monday, highlight the duo's synchronized excellence.
The twins, students ... [472 chars]","Mahroof Ahmed Khan and Masroor Ahmed Khan, identical twins from Bhubaneswar, achieved identical scores in JEE Main, placing them in the 99.998th percentile. Academically driven, the brothers moved to Kota for coaching and aspire to study Computer Science at IIT Bombay. They shared study strategies and a passion for mathematics.",2026-02-18T15:32:41Z,https://www.devdiscourse.com/article/education/3809703-twin-triumph-bhubaneswar-brothers-score-identical-jee-main-success,aee4683f4c89cbf739caaca6649a2eb2,science
"Google Pixel 10a vs Pixel 9a: Price In India, Full Specifications Compared, Which One Should You Buy?","Google Pixel 10a vs Google Pixel 9a
Finally, Google Pixel 10a is here, and this one is for all those looking for the Pixel 10 experience but are hesitating to spend more than Rs 70,000. And at this point in time, a comparison between its predecessor,... [2928 chars]","The Google Pixel 10a has been launched as a cost-effective alternative for those interested in the Pixel 10 experience without exceeding Rs 70,000. Priced at Rs 49,999, it features a 6.3-inch display, 5100mAh battery, and dual rear cameras. , Technology & Science, Times Now",2026-02-18T15:30:00Z,https://www.timesnownews.com/technology-science/google-pixel-10a-vs-pixel-9a-price-in-india-full-specifications-compared-which-one-should-you-buy-article-153636827,46d46d753838e820cad71ee865296493,science
70% Of AI Jobs Located In These 3 Indian Cities: Naukri.com Report,"Curated By :
Translation Desk
Last Updated:February 18, 2026, 20:56 IST
The highest demand for AI job openings is currently seen in engineering roles, including software and quality assurance, along with data science and analytics
Rapid Read
Nearly 7... [2926 chars]","The highest demand for AI job openings is currently seen in engineering roles, including software and quality assurance, along with data science and analytics",2026-02-18T15:26:12Z,https://www.news18.com/business/70-of-ai-jobs-located-in-these-3-indian-cities-naukri-com-report-ws-kl-9916184.html,cfbed91d3d11f712211155f531539656,science
"UPPSC LT Grade result 2025 declared for Science, Home Science, Commerce and Sanskrit posts; 6,772 candidates qualify for main exam","UP LT Grade preliminary result 2025 released at UPPSC official website
UP LT grade teacher recruitment result declared for four subjects: The Uttar Pradesh Public Service Commission (UPPSC), Prayagraj, has declared the preliminary examination results... [4239 chars]","News News: UP LT grade teacher recruitment result declared for four subjects: The Uttar Pradesh Public Service Commission (UPPSC), Prayagraj, has declared the pr.",2026-02-18T15:22:00Z,https://timesofindia.indiatimes.com/education/news/uppsc-lt-grade-result-2025-declared-for-science-home-science-commerce-and-sanskrit-posts-6772-candidates-qualify-for-main-exam/articleshow/128513977.cms,db0047c8e15e22ba6c135ed9050c673a,science
"UPSC Essentials | Daily subject-wise quiz : Science and Technology MCQs on non-communicable diseases, H125 Light Utility Helicopter and more (Week 150)","Relevance: Non-Communicable Diseases (NCDs) form a major component of India’s public health burden. Such questions test conceptual clarity regarding disease classification, epidemiology, and public health priorities. It is important for Prelims in th... [7626 chars]",Are you preparing for UPSC CSE Prelims 2026? Check your progress and revise your topics through this quiz on Science and Technology.,2026-02-18T15:19:23Z,https://indianexpress.com/article/upsc-current-affairs/upsc-essentials/upsc-subject-wise-quiz-science-and-technology-week-150-10539504/,850a2b8fe297a02b4f033c302b473fbd,science
US subsea cables to $30m AI science challenge – Key initiatives unveiled by Google at AI Impact Summit,"Google CEO Sundar Pichai, betting big on India’s artificial intelligence ambitions, on Wednesday announced a new India-US subsea cable initiative, a $30 million AI for Science fund and expanded skilling partnerships, outlining what he described as a ... [3403 chars]","India Business News: Google CEO Sundar Pichai, betting big on India’s artificial intelligence ambitions, on Wednesday announced a new India-US subsea cable initiative, a $.",2026-02-18T15:16:00Z,https://timesofindia.indiatimes.com/business/india-business/from-india-us-subsea-cables-to-30m-ai-science-challenge-key-initiatives-unveiled-by-google-at-ai-impact-summit/articleshow/128512504.cms,0c5a3e74d13666aad239e6440604e172,science
trick of ducks for the No 1 T20 batter. How oppositions discovered Abhishek Sharma's Kryptonite in the World Cup,"Who would have thought that the No 1 batter in T20Is would go runless in the group stages of the World Cup? Yet that has been the story of India's ace opener Abhishek Sharma, who was dismissed for a duck for the third time in the tournament on Wednes... [2587 chars]","There is a pattern in all three of Abhishek Sharma's 'ducks' in the T20 World Cup..Abhishek Sharma T20 World Cup, India T20 opener ducks, T20 cricket batting strategies, how to play dot balls in T20, AI analysis T20 cricket performance, LLM for sports analytics, Abhishek Sharma dismissal analysis, cricket player performance insights, T20 batting weaknesses, bowling strategies against aggressive openers, Abhishek Sharma career stats, top T20 batsmen strategies, ICC T20 rankings analysis, AI in cricket scouting, large language models in sports science",2026-02-18T15:01:46Z,https://www.onmanorama.com/sports/cricket/2026/02/18/t20-world-cup-hat-trick-of-ducks-abhishek-sharma-india-vs-netherlands-pattern.html,fe9666f93677f549a7a0a2b01387c26f,science
Commentary: RFK Jr.'s attacks on vaccines could undermine American science for generations,"During the postwar decades, American medical science reached a sort of financial equilibrium: The government would fund basic scientific research with billions of dollars in academic grants, then entrust the subsequent development of health-giving pr... [9666 chars]",RFK Jr.'s attacks on vaccines go beyond changing the childhood immunization schedule. Now he's taking aim at vaccine R&D itself.,2026-02-18T15:00:00Z,https://www.latimes.com/business/story/2026-02-18/rfk-jr-s-attacks-on-vaccines-could-undermine-american-science-for-generations,c93cd0b7966c1d4fcf96e9dc94bc7d74,science
"AI Pendant, Smart Glasses And More: Check Full List Of Apple’s Upcoming AI Devices","Apple is reportedly accelerating work on a new generation of AI-powered wearables as it looks beyond the iPhone. According to Bloomberg and Bloomberg’s Mark Gurman, the Cupertino-based tech giant is developing smart glasses, a camera-equipped pendant... [2199 chars]","Apple is reportedly developing new AI-powered wearables, including smart glasses, a camera-equipped pendant and advanced AirPods with enhanced Siri integration. These upcoming devices aim to expand Apple’s artificial intelligence ecosystem and compete with Meta and OpenAI in the growing AI hardware market., Technology & Science, Times Now",2026-02-18T14:57:27Z,https://www.timesnownews.com/technology-science/ai-pendant-smart-glasses-and-more-check-full-list-of-apples-upcoming-ai-devices-photo-gallery-153638382,b38d38aa6db563daacf6a1f9f433c4ff,science
"Kota twins shock with identical JEE Main score, land in 99.998th percentile","The twins from Bhubneswar, students of Allen Career Institute here, appeared for the JEE Main 2026 in the same shift at the same centre.
The exam result declared on Monday.
Born on May 7, 2008, the brothers studied together throughout, from school to... [1259 chars]","Identical twins Mahroof and Masroor Ahmed Khan from Bhubneswar achieved identical scores of 285 in the JEE Main, ranking in the 99.998th percentile. They studied together at Allen Career Institute after relocating to Kota in 2023, motivated by their strong academic backgrounds and a shared interest in engineering, particularly computer science. Both twins excelled in Olympiads and are now preparing for JEE Advanced.",2026-02-18T14:52:09Z,https://www.hindustantimes.com/education/exam-results/kota-twins-shock-with-identical-jee-main-score-land-in-99-998th-percentile-101771426329662.html,c471547cafcaa1b1fcc3aed56f1912c9,science
5 Best Affordable Phones To Play BGMI In February 2026,"If you love playing BGMI but want an affordable smartphone? Then don’t worry because we bring some of the best smartphone recommendations under the budget of Rs 50000.
The Nothing Phone (3) has triple 50MP and a 50MP selfie camera. Powered by the Sna... [1238 chars]","While playing games on smartphones, you definitely need a device which has a smooth UI, a powerful processor and long-lasting batteries. To solve that issue, we have compiled a list of gaming smartphones that you should definitely consider. , Technology & Science, Times Now",2026-02-18T14:52:00Z,https://www.timesnownews.com/technology-science/5-best-affordable-phones-to-play-bgmi-in-february-2026-photo-gallery-153637603,d307f5a96917ae712cd33bda6872c0c3,science
Twin Triumphs: Khan Brothers Ace JEE Main 2026,"In a remarkable academic achievement, Bhubneswar's identical twins, Mahroof and Masroor Ahmed Khan, attained the same impressive score of 285 in the highly competitive JEE Main 2026 exam, placing them in the 99.998th percentile.
The ambitious sibling... [396 chars]","Identical twins Mahroof and Masroor Ahmed Khan from Bhubneswar achieved identical scores in JEE Main 2026, scoring in the 99.998th percentile. Raised in a family valuing education, they excelled academically and in national and international Olympiads, aiming for a BTech in Computer Science at IIT Bombay.",2026-02-18T14:51:29Z,https://www.devdiscourse.com/article/education/3809636-twin-triumphs-khan-brothers-ace-jee-main-2026,c8e3255bd64445ddd2fe24d916852dd8,science
Trump administration sued over new signage policy affecting national parks,"Conservation and historical organizations are suing the Trump administration over new National Park Service policies that the groups say erase history and science from America’s national parks.
Big picture view:
A lawsuit filed Tuesday in Boston says... [6573 chars]",A lawsuit against the Trump administration claims it’s erasing history and science from America's national parks with new signage policies. Here is what the lawsuit says has been changed in recent months.,2026-02-18T14:25:49Z,https://www.fox4news.com/news/national-parks-trump-signs-removed-changed-lawsuit-filed,0508432b1fec104be5ee672c4d67c3ef,science
ISRO’s Vikram Sarabhai Space Centre announces internship opportunity for Science and Engineering UG and PG students,"Vikram Sarabhai Space Centre invites applications for internship programme
The Vikram Sarabhai Space Centre in Thiruvananthapuram has opened applications for its internship programme for eligible undergraduate and postgraduate students in Science and... [2901 chars]",News News: The Vikram Sarabhai Space Centre in Thiruvananthapuram has opened applications for its internship programme for eligible undergraduate and postgraduat.,2026-02-18T14:21:00Z,https://timesofindia.indiatimes.com/education/news/isros-vikram-sarabhai-space-centre-announces-internship-opportunity-for-science-and-engineering-ug-and-pg-students/articleshow/128511470.cms,0c29c510bf6aeefc64a4ebeaaff89939,science
"Google unveils India-US subsea cable initiative, USD 30 mn AI science challenge, new skilling push","Pichai highlighted India’s extraordinary potential in AI. “AI is the biggest platform shift of our lifetime…for countries like India, AI presents a chance to leapfrog age-old gaps and create new opportunities.” He emphasised applications spanning hea... [4926 chars]","New Delhi, Feb 18 (PTI) Betting big on India’s AI potential, Google CEO Sundar Pichai on Wednesday announced a new subsea cable initiative to boost AI connectivity between India, the US and other locations, alongside partnerships for cloud infrastructure platform support to over 20 million public servants across 800 districts. Pichai, who is here to […]",2026-02-18T14:19:13Z,https://theprint.in/economy/google-unveils-india-us-subsea-cable-initiative-usd-30-mn-ai-science-challenge-new-skilling-push/2857960/,38d9bb55ccc4341decc0ca3abc9e3549,science
"Google deepens India strategy with subsea cable, DeepMind science partnerships and AI funds","Google on 18 February announced a new subsea cable initiative linking the United States and India, alongside partnerships spanning science, education and public services, as the tech giant deepens its artificial intelligence push in the country. The ... [2326 chars]","The “America-India Connect” project will create new fiber-optic routes to improve connectivity between the United States, India and parts of the Southern Hemisphere.",2026-02-18T14:19:13Z,https://www.businesstoday.in/tech-today/news/story/google-deepens-india-strategy-with-subsea-cable-deepmind-science-partnerships-and-ai-funds-516813-2026-02-18,e0f2e32c8bfb71b56006653b48bcfb6e,science
Sri Channabasaveshwar Gurukul PU Science College is loacated in Kardyal at Bhalki taluk in Bidar district.,"Over 200 students from the college scored 90% and above, making them eligible to appear for the JEE (Advanced) examination.
Sri Channabasaveshwar Gurukul PU Science College in Kardyal at Bhalki taluk in Bidar district has once again demonstrated its ... [968 chars]","Sri Channabasaveshwar Gurukul PU Science College excels in JEE (Mains) results, with over 200 students scoring above 90%.",2026-02-18T14:15:42Z,https://www.thehindu.com/news/national/karnataka/jee-mains-results-sri-channabasaveshwar-gurukul-pu-science-college/article70647973.ece,4f2fe4fce8b9543f46af159c347c1ad8,science
"Did You Know: Bananas are radioactive - But don’t worry, they won’t turn you into The Hulk!","Synopsis
Did You Know: An unusual yet scientifically accurate fact about one of the world’s most beloved fruits is drawing curiosity: bananas are mildly radioactive. Far from science fiction, this phenomenon is a natural result of the fruit’s chemica... [6149 chars]","Did You Know: An unusual yet scientifically accurate fact about one of the worlds most beloved fruits is drawing curiosity: bananas are mildly radioactive. Far from science fiction, this phenomenon is a natural result of the fruits chemical composition.",2026-02-18T14:10:00Z,https://economictimes.indiatimes.com/news/international/us/did-you-know-bananas-are-radioactive-but-dont-worry-they-wont-turn-you-into-the-hulk/articleshow/128511437.cms,8f8159f3d7d1d6c5249285a61fa0b3f5,science
MPMSU BSC Nursing second year examination result released: Direct link to download here,"MPMSU result 2026 released
MPMSU result 2026: The Madhya Pradesh Medical Science University, Jabalpur, has officially declared the MPMSU result 2026 for the BSC Nursing Second Year Examination August-2025 and DMLT Examination April-2025 today, Februa... [2304 chars]","News News: MPMSU result 2026: The Madhya Pradesh Medical Science University, Jabalpur, has officially declared the MPMSU result 2026 for the BSC Nursing Second Y.",2026-02-18T13:58:00Z,https://timesofindia.indiatimes.com/education/news/mpmsu-bsc-nursing-second-year-examination-result-released-direct-link-to-download-here/articleshow/128510936.cms,be130e39e85161c8df58f8ad0ed09a7c,science
"India should double down on science, agriculture and creativity in the AI era, says Google DeepMind CEO Demis Hassabis","Demis Hassabis, CEO of Google DeepMind, on February 18 said India has the opportunity to become a global leader in applying artificial intelligence to science and medicine, and strengthen sectors such as agriculture and creative industries where AI i... [969 chars]","On the broader future of AI, Hassabis framed artificial general intelligence (AGI) not as a threat to human beings but as a powerful enhancement tool for people.",2026-02-18T13:49:41Z,https://www.moneycontrol.com/technology/india-should-double-down-on-science-agriculture-and-creativity-in-the-ai-era-says-google-deepmind-ceo-demis-hassabis-article-13834665.html,57a90e1e8dde92566d1957633d983616,science
"Ramadan Mubarak 2026: How To Download WhatsApp, Instagram And Facebook Video Wishes For Status","Ramadan Mubarak 2026 Videos For Status
Muslims across the Gulf began observing the first day of Ramadan on Wednesday, February 18. In India, the community is expected to sight the crescent moon later today, with fasting likely to begin on Thursday, F... [2346 chars]","Muslims in the Gulf began Ramadan on February 18, while in India, the crescent moon sighting is anticipated for February 19, 2026. As communities prepare for fasting and prayers, many seek ways to share greetings with loved ones through social media. , Technology & Science, Times Now",2026-02-18T13:42:19Z,https://www.timesnownews.com/technology-science/ramadan-mubarak-2026-how-to-download-whatsapp-instagram-and-facebook-video-wishes-for-status-article-153637733,066bf09550d7b3cdda7a63716ae50a34,science
"After 23 years, France is sending a woman astronaut to space: Meet Sophie Adenot","After 23 years, France is sending a woman astronaut to space: Meet Sophie Adenot (AP Photo/John Raoux)
Sophie Adenot is now circling Earth at an altitude of roughly 400 kilometres, part of a long-duration mission aboard the International Space Statio... [2415 chars]","Science News: Sophie Adenot is now circling Earth at an altitude of roughly 400 kilometres, part of a long-duration mission aboard the International Space Station. .",2026-02-18T13:30:00Z,https://timesofindia.indiatimes.com/science/after-23-years-france-is-sending-a-woman-astronaut-to-space-meet-sophie-adenot/articleshow/128507510.cms,6b7aef0d652b83e979a7448136533c81,science
Zifo and Maze Therapeutics Partner to Power Precision Medicine,"SAN FRANCISCO, Feb. 18, 2026 /PRNewswire/ -- Zifo, the leading global enabler of AI and data-driven enterprise informatics for science driven organizations and Maze Therapeutics Inc have partnered to solve the critical challenge of managing, storing,... [3734 chars]","/PRNewswire/ -- Zifo, the leading global enabler of AI and data-driven enterprise informatics for science driven organizations and Maze Therapeutics Inc have...",2026-02-18T13:30:00Z,https://www.prnewswire.co.uk/news-releases/zifo-and-maze-therapeutics-partner-to-power-precision-medicine-302691501.html,18e69f7cedb381a798fcb5ffdb12db27,science
7 Cool Saitama Wallpapers For Your Smartphone,"If you want your smartphone screen to reflect that unstoppable energy just like Saitama, then here are some bold hero vibe wallpapers you need to check out.
Emerging from a sea of absolute darkness, the caped hero lunges forward with a single, unstop... [2688 chars]","This anime character may look ordinary at first glance but shocks everyone with his unbeatable strength. Even after being so strong and powerful, he still carries a calm and cheerful attitude. , Technology & Science, Times Now",2026-02-18T13:13:44Z,https://www.timesnownews.com/technology-science/7-cool-saitama-wallpapers-for-your-smartphone-photo-gallery-153637497,c5a712973da059b325b610006a828861,science
"The ""Astonishing” Results of the Alzheimer’s Prevention Study Garnering Global Attention Were Foreseeable","SAN FRANCISCO, Feb. 18, 2026 (GLOBE NEWSWIRE) -- Over the past week, news stories on the ""surprising” findings of the ACTIVE Study on dementia garnered headlines around the globe. The 20-year, NIH-funded, 2800-person study found a modest amount of sp... [4307 chars]","SAN FRANCISCO, Feb. 18, 2026 (GLOBE NEWSWIRE) -- Over the past week, news stories on the 'surprising” findings of the ACTIVE Study on dementia garnered headlines around the globe. The 20-year, NIH-funded, 2800-person study found a modest amount of speed-of-processing brain training (less than 23 hours of training spread over the first three years) had a significant 20-year protective effect against being diagnosed with Alzheimer’s and related dementias - reducing risk by 25% as compared to the control group, while groups doing memory and reasoning training saw no significant effect. The team of scientists at Posit Science who brought the speed training from the lab to a global market (as the exercise Double Decision in the BrainHQ app) were not very surprised.",2026-02-18T13:11:12Z,https://www.manilatimes.net/2026/02/18/tmt-newswire/globenewswire/the-astonishing-results-of-the-alzheimers-prevention-study-garnering-global-attention-were-foreseeable/2280289,f03d60a78e961981c4d3b4c184e254f4,science
"India, New Zealand Reset Science Ties with Focused Innovation Pact","India and New Zealand have agreed to recalibrate their science and technology partnership through a focused, outcome-driven framework, following high-level bilateral talks between Union Minister Dr. Jitendra Singh and New Zealand’s Minister for Scien... [5142 chars]",Dr Jitendra Singh emphasised that India’s science reforms and mission-driven programmes are designed to deliver both economic value and societal impact.,2026-02-18T13:04:27Z,https://www.devdiscourse.com/article/law-order/3809433-india-new-zealand-reset-science-ties-with-focused-innovation-pact,8cd0710053f7252ce004ac57aaebefd7,science
‘Why am I here?’: Science can explain why walking through doorway makes you forget things,"Technology 8 min ago
This is an AI assisted summary.
The ""doorway effect"" is a memory quirk caused by our brain breaking up experiences. It makes us forget our original intention when we walk through a doorway, especially when processing multiple ide... [23282 chars]","The “doorway effect” is a memory quirk caused by our brain breaking up experiences. It makes us forget our original intention when we walk through a doorway, especially when processing multiple ideas. Simple tips like repeating our goal or carrying a related object can help combat this. Understanding this effect can improve our daily lives.",2026-02-18T12:59:54Z,https://indianexpress.com/shorts/technology/science/why-am-i-here-science-can-explain-why-walking-through-doorway-makes-you-forget-things-10539189/,54d16afa592f9de56f7c1e66379c4959,science
‘Why am I here?’: Science can explain why walking through doorway makes you forget things,"For example, you may stand in the living room thinking about grabbing a drink from the kitchen. When you step through the doorway, your brain may shift focus to the new environment, the sights, sounds, and possibilities in the kitchen and your earlie... [2077 chars]","Scientists explain how your brain resets at ‘event boundaries’, causing everyday memory slips.",2026-02-18T12:57:58Z,https://indianexpress.com/article/technology/science/why-am-i-here-science-can-explain-why-walking-through-doorway-makes-you-forget-things-10539189/,937a12895f01c8287d9065479254b266,science
Demand College Degrees in 2026 — And No. 1 Isn’t Computer Science or Engineering,"The entry-level job market is tight. Hiring has slowed. Headlines warn of fewer openings and cautious employers. For students graduating in 2026, the question feels urgent: Which degrees actually lead to jobs?
New data from the National Association o... [4347 chars]","The entry-level job market is tight. Hiring has slowed. Headlines warn of fewer openings and cautious employers. For students graduating in 2026, the question feels urgent: Which degrees actually lead to jobs? New data from the National Association of Colleges and Employers offers a clear answer — and a surprise. NACE’s Winter 2026 Salary Survey,",2026-02-18T12:46:09Z,https://techstartups.com/2026/02/18/the-10-most-in-demand-college-degrees-in-2026-and-no-1-isnt-computer-science-or-engineering/,150012e1abb17f716140b13ab0c55b90,science
EP Biocomposites Strengthens Technology Capabilities Through Strategic Collaboration with IISc Bengaluru,"India PR Distribution
Goa [India], February 18: EP Biocomposites Limited (BSE: 543595), a leading provider of advanced wastewater treatment solutions, has entered into a strategic agreement with Indian Institute of Science (IISc), Bengaluru, one of I... [4261 chars]","Goa [India], February 18: EP Biocomposites Limited (BSE: 543595), a leading provider of advanced wastewater treatment solutions, has entered into a strategic agreement with Indian Institute of Science (IISc), Bengaluru, one of India's premier research institutions.",2026-02-18T12:35:40Z,https://www.tribuneindia.com/news/business/ep-biocomposites-strengthens-technology-capabilities-through-strategic-collaboration-with-iisc-bengaluru/,e6f26ef47a51ac5913405c5feceda41d,science
"Worm Moon 2026: Date, time and where to watch March’s ‘Blood Moon' eclipse","The Worm Moon is one of those quiet wonders of early spring. It rises around March, just when the nights are still long but the days are hinting at warmth. The name comes from earthworms, which start appearing as the ground thaws. It’s the third full... [3171 chars]","Science News: The Worm Moon is one of those quiet wonders of early spring. It rises around March, just when the nights are still long but the days are hinting at wa.",2026-02-18T12:22:00Z,https://timesofindia.indiatimes.com/science/worm-moon-2026-date-time-and-where-to-watch-marchs-blood-moon-eclipse/articleshow/128506598.cms,283a765f6ae7e7bbc5368c573cec5b9b,science
"Google unveils India-US subsea cable, $30 mn AI science challenge, new skilling initiatives","Pichai highlighted India’s extraordinary potential in AI. “AI is the biggest platform shift of our lifetime … for countries like India, AI presents a chance to leapfrog age-old gaps and create new opportunities.” He emphasised applications spanning h... [5274 chars]","New Delhi, Feb 18 (PTI) Betting big on India’s AI potential, Google CEO Sundar Pichai on Wednesday announced new subsea cable routes to boost AI connectivity between India and the US, alongside major skilling initiatives, including training 20 million public servants and supporting 11 million students. Pichai, who is here to attend the AI Impact […]",2026-02-18T12:18:33Z,https://theprint.in/economy/google-unveils-india-us-subsea-cable-30-mn-ai-science-challenge-new-skilling-initiatives/2857831/,3076cb454e1bf3565fc22cc4a3b26518,science
"Trump is 'dumb as a fox,' master of 'the wall of sound' and never above 'the last resort of scoundrels': Yale scholar breaks it down in new book","Sonnenfeld, who frequently convenes top CEOs to discuss civic engagement for Yale’s Chief Executive Leadership Institute, pushed back against the notion that Trump’s controversial behavior is impulsive. “Just because Trump often appears convincingly ... [6156 chars]","""We know from mythology and science across centuries and cultures that even foxes can get outfoxed on occasion,"" Yale's Jeff Sonnenfeld told Fortune.",2026-02-18T12:00:00Z,https://fortune.com/2026/02/18/trump-dumb-as-a-fox-racism-wall-of-sound-tactics-jeff-sonnenfeld-book/,72a12bbb4437358b17cb9fbb1f676ac9,science
Can humans cause earthquakes and can they ever be prevented,"Earthquakes are usually linked to natural movements along faults deep inside the Earth, but in certain situations, human activity can also produce measurable seismic events. Scientists distinguish natural tectonic earthquakes and vibrations or quakes... [3062 chars]","Science News: Earthquakes are usually linked to natural movements along faults deep inside the Earth, but in certain situations, human activity can also produce mea.",2026-02-18T11:49:00Z,https://timesofindia.indiatimes.com/science/can-humans-cause-earthquakes-and-can-they-ever-be-prevented/articleshow/128506114.cms,c0eeaa544b3d3f823ff89e32025b3201,science
FITTR and Ileseum Clubs Partner to Build India's Most Integrated Preventive Health Ecosystem,"PNN
Pune (Maharashtra) [India], February 18: Ileseum Clubs and FITTR have announced a strategic collaboration to embed preventive healthcare directly into residential communities. Ileseum, a leading clubhouse management and community ecosystem platfo... [4104 chars]","Pune (Maharashtra) [India], February 18: Ileseum Clubs and FITTR have announced a strategic collaboration to embed preventive healthcare directly into residential communities. Ileseum, a leading clubhouse management and community ecosystem platform, and FITTR, a leading preventive health and fitness platform, are coming together to combine physical infrastructure, community-led engagement, science-backed health intelligence, advanced technology, and lifestyle management systems into a unified, end-to-end preventive health ecosystem.",2026-02-18T11:30:43Z,https://www.tribuneindia.com/news/business/fittr-and-ileseum-clubs-partner-to-build-indias-most-integrated-preventive-health-ecosystem/,b71896b3177370f2f450a88c1875e197,science
"4 simple, science-backed hacks to control blood sugar- The Week","Let me share something I hear almost every week in my clinic. A patient walks in, let’s call him Ramesh, a 52-year-old office manager from Pune who was diagnosed with Type 2 diabetes a year ago.
From that very day, he stopped sugar in his chai, switc... [4861 chars]",Many people with Type 2 diabetes believe cutting sugar alone will fix their blood glucose levels. But is that enough?,2026-02-18T11:26:17Z,https://www.theweek.in/news/health/2026/02/18/why-sugar-cut-alone-wont-fix-type-2-diabetes-4-proven-simple-hacks-to-control-blood-sugar.html,b92652e6b4886d51eadc8a2345339f0a,science
Google DeepMind CEO says India can become a global leader in using AI for science,"Demis Hassabis, CEO of DeepMind Technologies at Google, on Wednesday, February 18, said India has the potential to play a leading role in the adoption of artificial intelligence (AI) for scientific advancement.
Speaking at the India AI Impact Summit ... [1720 chars]","Demis Hassabis of DeepMind Technologies highlights India's AI potential at the India AI Impact Summit 2026, discussing opportunities in science and industry.",2026-02-18T11:25:39Z,https://www.cnbctv18.com/technology/google-deepmind-ceo-says-india-can-become-a-global-leader-in-using-ai-for-science-ws-l-19853022.htm,ca19ecf1bd24ae2af841769898655845,science
"What your favourite WINE says about you, according to science","Your choice of a cheap Zinfandel Rosé over an expensive Argentinian Malbec might reveal more about your personality than your palate, according to a new study.
Researchers have found that traits such as extraversion, openness and neuroticism can indi... [3254 chars]","Your choice of a cheap Zinfandel Rosé over an expensive Argentinian Malbec might reveal more about your personality than your palate, according to a new study.",2026-02-18T11:17:59Z,https://www.dailymail.co.uk/sciencetech/article-15569809/favourite-WINE-says-you-according-science.html,930686779075738eb34eaad8188bdcdd,science
"Lunar Eclipse On March 3: India Visibility, Timings And Blood Moon Details","An annular solar eclipse swept across parts of Antarctica on February 17, briefly dimming daylight and casting a striking shadow across the icy continent. The spectacle, often called a “Ring of Fire,” was captured in dramatic images from space, but i... [1805 chars]","On February 17, an annular solar eclipse, known as the “Ring of Fire,” occurred over Antarctica, creating a striking visual, but it was not visible in India. However, skywatchers in India can look forward to a total lunar eclipse on March 3. , Technology & Science, Times Now",2026-02-18T11:10:50Z,https://www.timesnownews.com/technology-science/lunar-eclipse-on-march-3-india-visibility-timings-and-blood-moon-details-article-153636383,7ec28c2e9b5e40b1eed5b86d2b548c31,science
Artificial Intelligence: Revolutionizing Every Aspect of Life - AI Influence Sparks Debate Over Federal Reserve Rate Cuts,"Artificial Intelligence (AI) is rapidly redefining the way we live, work, and interact. No longer confined to the realm of science fiction, AI is now a driving force behind innovations across all sectors— from healthcare and finance to entertainment ... [502 chars]","Artificial Intelligence (AI) is rapidly redefining the way we live, work, and interact. No longer confined to the realm of science fiction, AI is now a driving force behind innovations across all sectors— from healthcare and finance to entertainment and manufacturing. Its impact is far-reaching, transforming industries, reshaping economies, and influencing the way we navigate daily life.",2026-02-18T11:02:22Z,https://www.devdiscourse.com/live-discourse/8922-artificial-intelligence-revolutionizing-every-aspect-of-life,00b73a2567ea90975d36f3bca2066dd9,science
Climate politics and science run hot - and cold,"Article content
Global climate policy seems to be dangling in unprecedented uncertainty, caught in the middle of intensifying conflict within and between politics and science. What follows is a random walk through the latest indicators that the way f... [4423 chars]",Climate politics and science run hot — and cold. The result is chaos and confusion as to the way forward. Read more.,2026-02-18T11:00:55Z,https://financialpost.com/opinion/climate-politics-science-run-hot-cold,3d559cb963514b1c1d415c6f25686468,science
Google DeepMind partners with Indian government to bring frontier AI models to science,"Google on February 18 announced a partnership between its AI research unit Google DeepMind and Indian government bodies and local institutions to enable new discoveries in science and education.
This includes providing access to its frontier AI for S... [361 chars]","This includes providing access to its frontier AI for Science models and powering innovation hubs with GenAI assistants, among other projects.",2026-02-18T10:55:21Z,https://www.moneycontrol.com/technology/google-deepmind-partners-with-indian-government-to-bring-frontier-ai-models-to-science-article-13834286.html,95bff40c3b830ed4af1f66ed9dbaa3f1,science
"‘Used social media daily for entertainment,’ JEE Main topper Narendra Mahith","Education 15 min ago
This is an AI assisted summary.
Andhra Pradesh's Narendra Babu Gari Mahith achieved a 100 percentile in his first attempt at JEE Main. He balanced regular schooling with 14 hours of daily study, relying on patience and peace as h... [22570 chars]","Andhra Pradesh’s Narendra Babu Gari Mahith achieved a 100 percentile in his first attempt at JEE Main. He balanced regular schooling with 14 hours of daily study, relying on patience and peace as his success mantra. Despite his top rank, he plans to appear for Session 2 of JEE and dreams of pursuing Computer Science […]",2026-02-18T10:52:21Z,https://indianexpress.com/shorts/education/jee-main-toppers-2026-andhra-pradesh-topper-narendra-babu-gari-mahith-interview-sucess-story-10538678/,c38d4962aa52cf62f9b42a3aa93553b4,science
"Bengaluru, Delhi-NCR emerge as primary hubs with 50% share of India's AI job openings: CBRE","New Delhi: Bengaluru and Delhi-NCR together account for more than 50 per cent of India's total Artificial Intelligence-related job openings, according to an analysis by CBRE Research. The findings, based on a study of over 64,500 active job listings ... [2248 chars]","The research identified Engineering, Data Science, and Customer Success as the top three domains for AI roles. While Engineering remains the foundation, the rise of operational roles in Bengaluru and Mumbai indicates that AI now drives real-time business interactions and front-end efficiency.",2026-02-18T10:46:49Z,https://zeenews.india.com/economy/bengaluru-delhi-ncr-emerge-as-primary-hubs-with-50-share-of-indias-ai-job-openings-cbre-3018299.html,1877d8bbe70f4e85b223f820904de3e5,science
Google announces $30 million science fund; new subsea connectivity initiative,"Synopsis
Alphabet and Google chief executive Sundar Pichai on Wednesday outlined an expansive vision for India’s artificial intelligence future, unveiling fresh investments in infrastructure, skilling, public sector partnerships and scientific resear... [4688 chars]","Alphabet and Google chief executive Sundar Pichai on Wednesday outlined an expansive vision for India’s artificial intelligence future, unveiling fresh investments in infrastructure, skilling, public sector partnerships and scientific research, while positioning India as central to Google’s global AI strategy.",2026-02-18T10:45:32Z,https://economictimes.indiatimes.com/tech/technology/google-announces-30-million-science-fund-new-subsea-connectivity-initiative/articleshow/128503747.cms,0d89ac18dac203fefde7fb192cdb8f32,science
Mars in 30 days? Russian scientists are building a plasma engine that could slash travel time,"Long before any spacecraft can attempt a faster journey to Mars, scientists must first solve one of space exploration’s biggest challenges: propulsion. Chemical rockets, used to launch spacecraft into space from Earth, burn fuel quickly and produce a... [5510 chars]","Science News: Long before any spacecraft can attempt a faster journey to Mars, scientists must first solve one of space exploration’s biggest challenges: propulsion.",2026-02-18T10:41:00Z,https://timesofindia.indiatimes.com/science/mars-in-30-days-russian-scientists-are-building-a-plasma-engine-that-could-slash-travel-time/articleshow/128503382.cms,1e3db3caa960074ea034da6b120c3563,science
The prescription is outside: How science validates nature as essential medicine,"A robust and growing body of scientific research confirms that spending time in natural environments provides significant, measurable benefits for physical, mental and spiritual health.
Key physical benefits include reduced stress hormones, lower blo... [5750 chars]","A robust and growing body of scientific research confirms that spending time in natural environments provides significant, measurable benefits for physical, mental and spiritual health. Key physical benefits include reduced stress hormones, lower blood pressure, enhanced immune function and improved recovery from illness or surgery. Psychological advantages encompass reduced symptoms of anxiety and depression, improved […]",2026-02-18T10:27:39Z,https://www.naturalnews.com/2026-02-18-how-science-validates-nature-as-essential-medicine.html,c3aa0eac922afcc1a07c56024d1d5733,science
"Samsung Galaxy S26 Price In India, Full Specifications And Design Leaked Online: What To Expect Next Week","Samsung Galaxy S26 Leaks
Following months of leaks and quiet hints from Samsung itself, a fresh report has now surfaced detailing what appears to be the complete spec sheets for all three models in the upcoming Galaxy S26 lineup. The Galaxy S26 and S... [2027 chars]","Recent reports have revealed detailed specifications for Samsung's upcoming Galaxy S26 series, including the S26, S26+, and S26 Ultra. Anticipated specs include a 6.3-inch AMOLED display, 12GB RAM, and a 4300 mAh battery. =, Technology & Science, Times Now",2026-02-18T10:26:56Z,https://www.timesnownews.com/technology-science/samsung-galaxy-s26-price-in-india-full-specifications-and-design-leaked-online-what-to-expect-next-week-article-153636067,c98984230baba0ce8337b55ce3491794,science
Bioiberica Receives Frost & Sullivan's 2025 European New Product Innovation Award for Clinically Validated Native Type II Collagen,"The recognition highlights Bioiberica's science-led innovation, clinical differentiation, and manufacturing excellence in the European innovative collagen market.
SAN ANTONIO, Feb. 18, 2026 /PRNewswire/ -- Frost & Sullivan is pleased to announce that... [6926 chars]","The recognition highlights Bioiberica's science-led innovation, clinical differentiation, and manufacturing excellence in the European innovative collagen market.",2026-02-18T10:18:54Z,https://www.manilatimes.net/2026/02/18/tmt-newswire/pr-newswire/bioiberica-receives-frost-sullivans-2025-european-new-product-innovation-award-for-clinically-validated-native-type-ii-collagen/2280117,b8f95ed2db10116c64c79854bea075f2,science
"Meet Unitree Go 2: The Chinese Robot Dog That Is Going Viral Due To Galgotias University Fiasco - Price, Specs, Features","The India AI Impact Summit 2026 has been the hottest topic since morning because of the revelation that Galgotias University showcased Chinese products as their own. This has brought a lot of attention on the matter, with some dire repercussions for ... [1690 chars]","The India AI Impact Summit 2026 has gained attention due to Galgotias University falsely presenting Chinese products as their own, specifically rebranding the Unitree Go 2 robot dog as 'Orion'. , Technology & Science, Times Now",2026-02-18T10:09:45Z,https://www.timesnownews.com/technology-science/meet-unitree-go-2-the-chinese-robot-dog-that-is-going-viral-due-to-galgotias-university-fiasco-price-specs-features-article-153635914,6c3548d0f6814a9dd4fed645dfbf4a5e,science
"RFK Jr.’s FDA No Longer Warns Against Ineffective, Potentially Dangerous Autism Treatments","The warning on the government website was stark. Some products and remedies claiming to treat or cure autism are being marketed deceptively and can be harmful. Among them: chelating agents, hyperbaric oxygen therapies, chlorine dioxide and raw camel ... [7594 chars]",The FDA has taken down a webpage warning about therapies and products making “false claims” of treating autism. It’s part of a series of actions the agency has taken under Secretary Robert F. Kennedy Jr. to discredit long-established science.,2026-02-18T10:00:00Z,https://www.propublica.org/article/rfk-jr-fda-removes-autism-treatments-warning,d0929dfbc17ea6cd9a76251ad5676aa2,science
Mental health patients escape Cumberland Hospital days before three killed,"A man charged over a horror crash in Sydney’s southwest that killed two innocent people had only days earlier escaped from the same mental health facility as a man accused of stabbing three people in a “random” attack, leaving one man dead and two cr... [5693 chars]",What two patients did before allegedly killing three people in separate incidents has sparked urgent calls for reform.,2026-02-19T02:44:44Z,https://www.perthnow.com.au/news/mental-health-patients-escape-cumberland-hospital-days-before-three-killed-c-21688591,c3c599faf4ba70a463fd8a8da073b403,health
Trump Nominates Lawyer From His Legal Team for Appeals Court Position,"By Jasper Ward
WASHINGTON, Feb 18 (Reuters) - U.S. President ⁠Donald ⁠Trump on Wednesday nominated ⁠a lawyer who was part of his legal team ​in a landmark presidential immunity case before the U.S. Supreme Court, to serve as ‌a judge on the St. ‌Loui... [1622 chars]","US News is a recognized leader in college, grad school, hospital, mutual fund, and car rankings. Track elected officials, research health conditions, and find news you can use in politics, business, health, and education.",2026-02-19T02:44:00Z,https://www.usnews.com/news/politics/articles/2026-02-18/trump-nominates-lawyer-from-his-legal-team-for-appeals-court-position,e4cd8f9d38d8b43b127794a0942a7a8d,health
Insurer's 'failing' health system warning as costs soar,"Australians continue to switch up their private health insurance cover as rising living costs bite ahead of one of the biggest government-approved premium increases in almost 10 years.
At the same time, the nation's healthcare system remains under st... [3185 chars]","Health insurer Medibank Private has lifted its interim bottom-line net profit, after the number of Australians taking out policies increased.",2026-02-19T02:42:34Z,https://www.perthnow.com.au/lifestyle/health-fitness/insurers-failing-health-system-warning-as-costs-soar-c-21688529,418891d45b2ad3d42c01ab65cfb6e45b,health
Insurer's 'failing' health system warning as costs soar,"Australians continue to switch up their private health insurance cover as rising living costs bite ahead of one of the biggest government-approved premium increases in almost 10 years.
Subscribe now for unlimited access.
or signup to continue reading... [5333 chars]","Health insurer Medibank Private has lifted its interim bottom-line net profit, after the number of Australians taking out...",2026-02-19T02:40:37Z,https://www.canberratimes.com.au/story/9178792/insurers-failing-health-system-warning-as-costs-soar/,018c6393ed8f67a322eb57e56d63cd48,health
Prince William doubles down on male mental health talks after BBC radio appearance,"Prince William has called for the urgent need for open conversations around male mental health and suicide prevention following his appearance on a special episode of BBC Radio 1’s Life Hacks.
In a follow-up social media post shared on Thursday, the ... [1425 chars]",Prince William has called for the urgent need for open conversations around male mental health and suicide prevention following his appearance on a special episode of BBC Radio 1’s Life...,2026-02-19T02:38:00Z,https://www.thenews.com.pk/latest/1392818-prince-william-doubles-down-on-male-mental-health-talks-after-bbc-radio-appearance,902d33d0fdc97c0c72f40d83fb451ffe,health
More than 50 blindfolded fraternity hopefuls found in Iowa basement,"This is the moment police found more than 50 half-naked, blindfolded fraternity pledges standing in a dirty basement during an alleged hazing ritual.
Hazing is a criminal misdemeanor in Iowa, defined as any reckless or dangerous act that risks the he... [478 chars]","This is the moment police found more than 50 half-naked, blindfolded fraternity pledges standing in a dirty basement during an alleged hazing ritual. Hazing is a criminal misdemeanor in Iowa, defined as any reckless or dangerous act that risks the health and safety of a student for initiation or admission into a university organization. It is illegal in 44 states. University of Iowa police officers and emergency crews responded to a fire alarm at the Alpha Delta Phi fraternity on the night of November 15, 2024. Footage shows officers ordering the fraternity pledges to evacuate after spotting them standing silently in the dark basement. Following the incident, the Alpha Delta Phi fraternity was suspended for four years.",2026-02-19T02:32:36Z,https://www.independent.co.uk/tv/news/university-iowa-alpha-delta-phi-hazing-video-b2923277.html,5e3f7ead1f1e8588474f19c529b21120,health
GP shortages in England leave patient safety thresholds widely unmet,Four fifths of England's integrated care boards (ICBs) - responsible for planning health services for their local population - would need to at least double their number of general practitioners to meet staffing standards considered safe for patients... [3977 chars],"Four fifths of England's integrated care boards (ICBs) - responsible for planning health services for their local population - would need to at least double their number of general practitioners to meet staffing standards considered safe for patients, finds an analysis of NHS workforce data published by The BMJ today.",2026-02-19T02:32:00Z,https://www.news-medical.net/news/20260218/GP-shortages-in-England-leave-patient-safety-thresholds-widely-unmet.aspx,02e06f308e89087099643fd908a07092,health
"Tarot Card Reading Today, February 19, 2026","Tarot Horoscope Today, February 19, 2026: From Aries to Pisces, discover what the cards reveal about love, career, money and emotional growth for your zodiac sign.
Tarot Horoscope 19 February 2026: Today’s tarot card on the zodiac sign symbolizes tra... [11340 chars]","Daily Tarot Horoscope for February 19, 2026: Career, love, money and health predictions for all zodiac signs by Chirag Daruwalla. Read now on news18.com.",2026-02-19T02:30:01Z,https://www.news18.com/astrology/horoscope/tarot-card-reading-today-february-19-2026-daily-tarot-card-predictions-for-all-zodiac-signs-ws-e-9911553.html,07e2496d4991ccef816a456c0c0812e7,health
Premier Chris Minns questions what went wrong amid Cumberland Hospital patient escapes,"NSW Premier Chris Minns says something has ""gone badly wrong"" after two mental health patients who escaped from the same Sydney hospital within 24 hours went on to allegedly kill three people between them.
Western Sydney Local Health District has con... [4198 chars]","NSW Premier Chris Minns says it is ""deeply distressing"" after two mental health patients who escaped from the same Sydney hospital within 24 hours went on to allegedly kill three people between them.",2026-02-19T02:28:20Z,https://www.abc.net.au/news/2026-02-19/nsw-premier-chris-minns-concerned-by-cumberland-hospital-escapes/106362938,40a75e6cfb2d8eb4e72c618a140267a6,health
Bangladesh's New PM Pledges Price Stability,"DHAKA, Feb 19 (Reuters) - Bangladesh’s new Prime Minister ⁠Tarique ⁠Rahman has pledged to ⁠stabilise prices during the Muslim holy month of Ramadan, restore ​the rule of law and advance economic and infrastructure reforms following his party’s landsl... [1838 chars]","US News is a recognized leader in college, grad school, hospital, mutual fund, and car rankings. Track elected officials, research health conditions, and find news you can use in politics, business, health, and education.",2026-02-19T02:17:00Z,https://www.usnews.com/news/world/articles/2026-02-18/bangladeshs-new-pm-pledges-price-stability,737ecd7a7f9a301752125f45274976a0,health
"RSS: Edu, health must be easily accessible to all as fundamental necessities","LUCKNOW: Asserting that the world respects truth only when it is backed by strength, RSS chief Mohan Bhagwat on Wednesday said India must become strong enough in all sectors to emerge as ‘Vishwa Guru’.
Addressing research scholars at the University o... [1625 chars]","He added that the Sangh was committed to uniting society and improving its quality, and that it was not driven by the pursuit of popularity or power.",2026-02-19T02:09:11Z,https://www.newindianexpress.com/nation/2026/Feb/19/rss-edu-health-must-be-easily-accessible-to-all-as-fundamental-necessities,16611f92a44bc8a0776a4afe5dd66af9,health
Kristaps Porzingis' health key to Warriors' second half of NBA season,"When Jimmy Butler suffered a torn ACL in his right knee Jan. 19, everything changed for the Warriors.
Before Butler’s injury, they had won 9 of 12 games and had seemingly found their rhythm after a bumpy start to the season. But after he was sideline... [5171 chars]",The Warriors are in eighth place in the Western Conference at 29-26. Here are their three biggest storylines as they approach the stretch run of the season.,2026-02-19T02:07:32Z,https://nypost.com/2026/02/18/sports/kristaps-porzingis-health-key-to-warriors-second-half-of-nba-season/,8e1afe89c5598675b8b40273c1908521,health
"Duterte to waive right to attend ICC hearing due to health, rejection of jurisdiction","MANILA, Philippines — Former president Rodrigo Duterte has requested to waive his right to attend the upcoming hearing for the confirmation of charges at the International Criminal Court (ICC), citing poor health, old age, and his continued rejection... [2874 chars]","MANILA, Philippines — Former president Rodrigo Duterte has requested to waive his right to attend the upcoming hearing for the confirmation of charges at the International Criminal Court (ICC), citing poor health, old age, and his continued rejection of the court's jurisdiction.",2026-02-19T02:05:00Z,https://www.manilatimes.net/2026/02/19/news/duterte-to-waive-right-to-attend-icc-hearing-due-to-health-rejection-of-jurisdiction/2280843,8c3e061ef39fb8be7aada1b2a995f4ed,health
"Horoscope Today, February 19, 2026: Aries To Pisces, What’s In Store For You","Daily Horoscope Today, February 19, 2026: Aries to Pisces zodiac predictions on love, career, money and health. Know what the stars reveal for your day ahead.
Daily Horoscope, February 19 2026: A horoscope is based on astrological events in which inf... [12851 chars]","Horoscope Today, February 19, 2026: Get your daily prediction from Chirag Daruwalla. Find out what the stars have in store in terms of love, career, health, and more on news18.com.",2026-02-19T02:00:38Z,https://www.news18.com/astrology/horoscope/daily-horoscope-today-february-19-2026-zodiac-astrological-prediction-ws-e-9911603.html,f0ccc92f69857b4900c03277a50e5e3e,health
"Growing Younger, Together: A Communal Space For Women To Be Themselves","On a warm February afternoon, when the sun hung lazily over Chembur and the air carried the faint scent of gulmohar and petrol, a corner of the Chembur Gymkhana glowed in a sea of red. Laughter rose above the hum of traffic. Strangers might have mist... [4786 chars]","For many of these women, their world once revolved entirely around others. Now, twice a week, it revolves around themselves, their health, their laughter, their friendships",2026-02-19T02:00:21Z,https://www.outlookindia.com/national/growing-younger-together-a-communal-space-for-women-to-be-themselves,c57077d4890b95e52d2eed39394a7b09,health
Ramzan 2026: Dos and don'ts for a healthy fasting experience,"Fasting during Ramzan 2026 is not just a spiritual practice but also a test of discipline for the body. With long fasting hours and changing sleep patterns, what you eat and drink during Suhoor and Iftar can make a big difference to your energy level... [2168 chars]",A summary of recommended practices for maintaining health while observing fasting during Ramzan 2026.,2026-02-19T02:00:00Z,https://www.indiatoday.in/information/story/ramzan-2026-healthy-fasting-tips-dos-and-donts-for-wellbeing-2870377-2026-02-19,dbd353936473c7d3a688b337fc89195f,health
"Public health, green groups sue EPA over repeal of rule supporting climate protections","WASHINGTON — A coalition of health and environmental groups sued the Environmental Protection Agency on Wednesday, challenging the rescinding of a scientific finding that has been the central basis for U.S. action to regulate greenhouse gas emissions... [6798 chars]","A coalition is suing the EPA, challenging its move to rescind a scientific finding that has been the central basis for action to regulate greenhouse gas emissions and fight climate change.",2026-02-19T01:57:41Z,https://www.adn.com/nation-world/2026/02/18/public-health-green-groups-sue-epa-over-repeal-of-rule-supporting-climate-protections/,e5783b9978a0c280a0b74f76d47f168b,health
"As big money enters, small hospitals exit: Kerala’s health model under strain","""In recent years, around five to ten hospitals have shut down in this town in north Kerala. “It is not because morbidity has declined,” says a doctor who has been practising the region for decades. “A host of factors have pushed small hospitals and c... [8769 chars]","Doctors say small hospitals in Kerala are facing a deepening crisis due to what they call stringent government stipulations, and this affects public health",2026-02-19T01:56:34Z,https://www.outlookindia.com/national/as-big-money-enters-small-hospitals-exit-keralas-health-model-under-strain,792ab882360b408522fc838f90819cd0,health
Alphabet India AI strategy,"Alphabet Inc CEO Sundar Pichai on Wednesday unveiled an expansive India-focused strategy centred on artificial intelligence infrastructure, connectivity and skilling.
He announced subsea cable routes between India and the US to boost AI connectivity,... [3796 chars]","Pichai met Prime Minister Narendra Modi on the sidelines of the India AI Impact Summit in New Delhi and discussed collaboration to infuse AI across sectors, including health, agriculture, startups and multilingual access",2026-02-19T01:52:19Z,https://www.telegraphindia.com/business/alphabet-rolls-out-india-ai-strategy-plans-subsea-cable-links-to-us-prnt/cid/2147957,bf2e3e563c15e89ad6bf4436a9b89ec1,health
"Exclusive-Germany Seeking More F-35 Jets as European Fighter Program Falters, Sources Say","By Sabine Siebold and Mike Stone
BERLIN/WASHINGTON, Feb 18 (Reuters) - Germany is considering ⁠ordering ⁠more U.S.-made F-35 fighter jets, two sources ⁠told Reuters, a move that would deepen Berlin's reliance on American military technology as its ​j... [3030 chars]","US News is a recognized leader in college, grad school, hospital, mutual fund, and car rankings. Track elected officials, research health conditions, and find news you can use in politics, business, health, and education.",2026-02-19T01:50:00Z,https://www.usnews.com/news/world/articles/2026-02-18/exclusive-germany-seeking-more-f-35-jets-as-european-fighter-program-falters-sources-say,72dee520f5dc9badd96d15784cbfc290,health
Radiology-related services still offline despite assurances: IMA,"During a special workshop, ‘PCPNDT compliance by RMP’ organised jointly by the Pune Municipal Corporation (PMC) health department and IMA Maharashtra state on February 17 at the PMC, IMA members brought up the issue of applications for installation o... [2785 chars]",IMA members said that the applications continue to have to be submitted in person despite orders issued by health minister Prakash Abitkar last year directing that these services be made online within 15 days,2026-02-19T01:46:13Z,https://www.hindustantimes.com/cities/pune-news/radiologyrelated-services-still-offline-despite-assurances-ima-101771442680816.html,afb4f259434b4427aa61273b1b952c31,health
"Ohio State students, health care workers demand removal of Les Wexner's name from campus","There are calls to remove Les Wexner's name from Ohio State University campus facilities, including the medical center.
Wexner's name is throughout campus on The Ohio State University Wexner Medical Center, the Wexner Center for the Arts, buses, stre... [2760 chars]","There are calls to remove Les Wexner's name from Ohio State University campus facilities, including the medical center.",2026-02-19T01:42:21Z,https://wjla.com/news/nation-world/ohio-state-students-health-care-workers-demand-removal-of-les-wexners-name-from-campus,96e5894e0c8dc78ea26dd283288d5a47,health
"Ohio State students, health care workers demand removal of Les Wexner's name from campus","There are calls to remove Les Wexner's name from Ohio State University campus facilities, including the medical center.
Wexner's name is throughout campus on The Ohio State University Wexner Medical Center, the Wexner Center for the Arts, buses, stre... [2760 chars]","There are calls to remove Les Wexner's name from Ohio State University campus facilities, including the medical center.",2026-02-19T01:42:21Z,https://foxbaltimore.com/news/nation-world/ohio-state-students-health-care-workers-demand-removal-of-les-wexners-name-from-campus,0f82b120790817df801ec455ca1efc05,health
Wellness Council of Boyertown hosts 19th Annual Wellness Fair,"For information on submitting an obituary, please contact Reading Eagle by phone at 610-371-5018, or email at obituaries@readingeagle.com or fax at 610-371-5193.
Most obituaries published in the Reading Eagle are submitted through funeral homes and c... [3002 chars]","The free family event features the Community Impact Walk, Running of the Bears, kids healthy cooking competition, and health-related vendors.",2026-02-19T01:41:21Z,https://www.readingeagle.com/2026/02/18/wellness-council-of-boyertown-hosts-19th-annual-wellness-fair/,b0d1ed339b105e58ed38073ae04893a1,health
Zuckerberg defends Meta as trial examines social media’s impact on children,"CEO Mark Zuckerberg said Wednesday he regretted Meta’s slow progress in identifying underage users on Instagram, as he faced stinging criticism at a landmark social media trial over accusations that his company deliberately hooked under-13s.
Asked to... [3760 chars]","Meta CEO Mark Zuckerberg faces intense questioning in California trial over Instagram’s under-13 users, admitting delays in safeguards as lawsuits allege platforms harmed children’s mental health and wellbeing",2026-02-19T01:40:04Z,https://www.firstpost.com/world/zuckerberg-defends-meta-as-trial-examines-social-medias-impact-on-children-13981399.html,aa3769e381ad42a5442719b06a7d8762,health
Wisconsin Democrats push women’s health bills as Assembly nears final day,"MADISON, Wis. (Gray) - With the clock winding down on the legislative session, Democrats in the Wisconsin State Assembly are making a last-ditch effort to pass two women’s health measures before lawmakers adjourn for the year.
On Wednesday, Democrats... [1898 chars]","On Wednesday, Democrats introduced amendments to nearly every bill on the Assembly calendar, attaching proposals to expand postpartum Medicaid coverage and to require insurance coverage for secondary breast cancer screenings.",2026-02-19T01:32:39Z,https://www.weau.com/2026/02/19/wisconsin-democrats-push-womens-health-bills-assembly-nears-final-day/,3932f5916ecda056d41061fde228377c,health
Lower beedi taxes are short-term gain but long-term pain,"If increasing cigarette taxes is a public health measure to discourage smoking, then lowering beedi taxes to ‘protect’ rural workers ignores the long-term cost to their lives. While most tobacco products are taxed at the highest Goods and Services Ta... [5342 chars]","Lower beedi taxes may offer short-term savings but pose severe long-term health risks, especially for vulnerable populations.",2026-02-19T01:30:00Z,https://www.thehindu.com/data/lower-beedi-taxes-are-short-term-gain-but-long-term-pain/article70647295.ece,b9a323649a09384835e92bf3c255c6d2,health
"The Bold and the Beautiful spoilers: Eric explodes at Ridge as secrets, betrayals and health fears collide","The Bold and the Beautiful spoilers for Thursday, February 19 tease an explosive clash between Eric and Ridge, Hope grappling with a dangerous secret, and mounting fears over Eric’s fragile health as family loyalties and fashion ambitions collide.
Im... [2977 chars]","The Bold and the Beautiful spoilers for Thursday, February 19 tease an explosive clash between Eric and Ridge, Hope grappling with a dangerous secret, and mounting fears over Eric’s fragile health as family loyalties and fashion ambitions collide.",2026-02-19T01:26:55Z,https://www.indiatimes.com/entertainment/hollywood/the-bold-and-the-beautiful-spoilers-eric-explodes-at-ridge-as-secrets-betrayals-and-health-fears-collide/articleshow/128533650.html,2516256a8ed1294239e9739248e168bb,health
"RFK Jr., Kid Rock do shirtless workout in viral social media video","Secretary of Health and Human Services Robert F. Kennedy Jr. shared a workout video on X featuring musician Kid Rock as part of a campaign encouraging Americans to exercise more and adopt healthier eating habits.
The 90-second “Rock Out Workout” clip... [1858 chars]","The 72-year-old health secretary and 55-year-old musician drink whole milk, play pickleball to promote a healthy lifestyle.",2026-02-19T01:25:02Z,https://www.silive.com/entertainment/2026/02/rfk-jr-kid-rock-do-shirtless-workout-in-viral-social-media-video.html,703c4d34c53c3ca1e8bd34e0d3e76778,health
Russia's Lavrov Warns Against Any New US Strike on Iran,"Feb 18 (Reuters) - Russian Foreign Minister Sergei Lavrov, in ⁠an ⁠interview made public on Wednesday, ⁠said that any new U.S. strike on Iran would have ​serious consequences and called for restraint to find a solution to enable Iran to pursue ‌a pea... [1945 chars]","US News is a recognized leader in college, grad school, hospital, mutual fund, and car rankings. Track elected officials, research health conditions, and find news you can use in politics, business, health, and education.",2026-02-19T01:24:00Z,https://www.usnews.com/news/world/articles/2026-02-18/russias-lavrov-warns-against-any-new-us-strike-on-iran,1e8dd9567b9cd3ddeca418759c691174,health
Sam Thompson shares health update after undergoing surgery,"Reality TV star Sam Thompson has given fans a health update after he underwent surgery on his vocal cords which has left him unable to talk for at least three days
Sam Thompson has shared a health update after undergoing surgery to remove a cyst on h... [1508 chars]",Reality TV star Sam Thompson has given fans a health update after he underwent surgery on his vocal cords which has left him unable to talk for at least three days,2026-02-19T01:16:45Z,https://www.mirror.co.uk/3am/celebrity-news/sam-thompson-shares-health-update-36746121,624391e01952b6c47ce11fc04b55b70f,health
"Trump Basks in Black History Month Praise, Dodging Racism Claims","By Bo Erickson
WASHINGTON, Feb 18 (Reuters) - U.S. President Donald Trump on Wednesday highlighted top Black administration ⁠officials, ⁠rejected accusations of racism and promised “a century more” ⁠of success for African Americans during a White Hou... [3950 chars]","US News is a recognized leader in college, grad school, hospital, mutual fund, and car rankings. Track elected officials, research health conditions, and find news you can use in politics, business, health, and education.",2026-02-19T01:05:00Z,https://www.usnews.com/news/world/articles/2026-02-18/trump-basks-in-black-history-month-praise-dodging-racism-claims,788eb5d86a8ca7fdff97d4e5be3be411,health
"Mark Zuckerberg Defends Meta In Social Media 'Addiction' Trial, Reaffirms Commitment To Teen Mental Health Safety","Los Angeles: Mark Zuckerberg and opposing lawyers dueled in a Los Angeles courtroom on Wednesday, where the Meta CEO answered questions about young people’s use of Instagram, his congressional testimony and internal advice he’s received about being “... [6045 chars]","Mark Zuckerberg and opposing lawyers dueled in a Los Angeles courtroom on Wednesday, where the Meta CEO answered questions about young people’s use of Instagram, his congressional testimony and internal advice he’s received about being “authentic” and not “robotic.”",2026-02-19T01:03:06Z,https://www.republicworld.com/world-news/mark-zuckerberg-defends-meta-in-social-media-addiction-trial-reaffirms-commitment-to-teen-mental-health-safety,d76fc23c23f86b7b40fd8197def29c44,health
Rangers Star Jacob deGrom Explains What he ‘Can’t Stand’ in Pitching,"SURPRISE, Ariz. — Jacob deGrom had a goal last season — 30 starts. Even as the Rangers coaxed extra days of rest out of the schedule, he made it.
deGrom avoided the injury list and for a good part of the 2025 season looked like the pitcher he was wit... [3399 chars]",The Texas Rangers starter is looking to strike a balance between workload and health — and trying to avoid the one thing he “can’t stand.”,2026-02-19T01:00:00Z,https://www.si.com/mlb/rangers/onsi/news/rangers-star-jacob-degrom-explains-what-he-can-t-stand-pitching,b48c7772dfb2f462e16d3bd9e3795707,health
HC allows 16-year-old to terminate 31-week pregnancy,A division bench of justices Bharati Dangre and Manjusha Deshpande passed the order on a petition filed by the minor through her mother. The plea sought the court’s intervention as the pregnancy had crossed the 24-week gestation period prescribed und... [1109 chars],"Earlier, the court had directed the Medical Board at Thane Civil Hospital to examine the girl and submit a report. The board, after examining her on February 13, informed the court that termination at this stage would not pose any risk to her life or cause adverse health consequences | Mumbai news",2026-02-19T00:54:12Z,https://www.hindustantimes.com/cities/mumbai-news/hc-allows-16-year-old-to-terminate-31-week-pregnancy-101771442076107.html,f2fba9326046144e5c984c32570d2325,health
Security spotlight as hospital escapees tied to deaths,"Security at mental health facilities is in the spotlight after two men absconded from a major hospital before allegedly killing three people.
The NSW mental health minister confirmed on Thursday a man charged over a police pursuit that ended in the d... [3195 chars]",Serious questions are being asked of mental health services after two patients absconded from a hospital and were allegedly involved in three deaths.,2026-02-19T00:51:18Z,https://www.perthnow.com.au/news/crime/security-spotlight-as-hospital-escapees-tied-to-deaths-c-21687521,3b2ec0da1bba1394172acd19a9499d35,health
Security spotlight as hospital escapees tied to deaths,"A man charged over a crash which killed two women had fled from a mental health facility. Photo: PR IMAGE PHOTO
Security at mental health facilities is in the spotlight after two men absconded from a major hospital before allegedly killing three peop... [5486 chars]",Serious questions are being asked of mental health services after two patients absconded from a hospital and were...,2026-02-19T00:49:47Z,https://www.canberratimes.com.au/story/9178655/security-spotlight-as-hospital-escapees-tied-to-deaths/,ee89fd1f409e6858fe263d8bf5412f17,health
"Oregon jailers ignored man’s visible tumors, delaying cancer diagnosis by 17 weeks, lawsuit claims","Contracted medical providers at the Washington County jail shrugged off the bulging tumors on an inmate’s jawline, leading to a four-month delay in his cancer diagnosis, a new lawsuit alleges.
Civil attorneys for Jason S. Zong seek $5 million in dama... [2855 chars]",Jason Zong filed a $5 million lawsuit against Washington County and health care company NaphCare.,2026-02-19T00:43:52Z,https://www.oregonlive.com/crime/2026/02/oregon-jailers-ignored-mans-visible-tumors-delaying-cancer-diagnosis-by-17-weeks-lawsuit-claims.html,9e88213f5e9335afef31393f18681114,health
Trump signs order to promote the production of weedkiller hated by MAHA,"President Donald Trump on Wednesday issued an executive order invoking the Defense Production Act to promote the domestic production of phosphorus and the weedkiller glyphosate, which he said is critical to both defense and food security.
Glyphosate ... [2128 chars]",Secretary of Health and Human Services Robert F. Kennedy Jr.'s Make America Healthy Again movement is largely opposed to glyphosate.,2026-02-19T00:41:26Z,https://www.cnbc.com/2026/02/18/trump-executive-order-weedkiller-hated-by-maha.html,e83252b2b338d19f06d0f1b29f0c31da,health
"Canada revises express entry immigration rules, adds military roles","TORONTO, Feb 18 - Canada introduced new immigration priority categories on Wednesday to bring in skilled workers in fields ranging from research and health care to aviation, and to include certain military recruits.
The new categories align with Prim... [1756 chars]","TORONTO, Feb 18 - Canada introduced new immigration priority categories on Wednesday to bring in skilled workers in fields ranging from research and health care to aviation, and to include certain military recruits. Read more at straitstimes.com.",2026-02-19T00:40:55Z,https://www.straitstimes.com/world/canada-revises-express-entry-immigration-rules-adds-military-roles,6bccf96467213147fc1461da7a4d0e80,health
What happened to the cast of Even Stevens? Child stars of beloved Disney show have been blighted by health woes and scandals - as Shia LaBeouf is arrested after Mardi Gras brawl,"It was the Disney drama that captivated fans and more than two decades later, the cast of Even Stevens have been plagued by scandals.
Child stars including Shia LaBeouf, Christy Carlson Romano and Steven Anthony Lawrence made a lasting impact on fans... [11989 chars]","It was the Disney drama that captivated fans and more than two decades later, the cast of Even Stevens have been plagued by scandals.",2026-02-19T00:34:37Z,https://www.dailymail.co.uk/tvshowbiz/article-15570241/The-curse-Stevens-Child-stars-Shia-LaBeouf-scandals.html,4360dfab5321b9328737ee2fd2811fec,health
Today’s Tarot 19 February: Powerful Messages for Every Zodiac,"AQUARIUS: At the workplace you may begin something new and this can bring progress. (Image: AI Generated)
ARIES
You will benefit at work by listening to a mentor even if you feel like criticising, and it is better to avoid arguments because this pers... [7876 chars]","Tarot guidance for 19 February highlights career progress, financial awareness, relationship chances, travel signals, and health focus, helping every zodiac make wiser decisions, stay balanced, and embrace opportunities with confidence. , Astrology, Times Now",2026-02-19T00:30:00Z,https://www.timesnownews.com/astrology/tarot-card-reading-for-all-zodiac-signs-with-vastu-tip-of-the-day-february-19-2025-article-153637997,fb1e34b8e32034c5a9a4cc0a6baf16f4,health
"Ornales, Harrill pursuing fourth golds and team titles","stu.pospisil@owh.com, twitter.com/stuOWH
Get in the game with our Prep Sports Newsletter
Sent weekly directly to your inbox!
* I understand and agree that registration on or use of this site constitutes agreement to its user agreement and privacy pol... [378 chars]",Zaiyahn Ornales of Omaha Creighton Prep and Tyler Harrill of Omaha Skutt could join the list of 38 four-time state wrestling champions in the three-day meet at CHI Health Center.,2026-02-19T00:30:00Z,https://omaha.com/sports/high-school/wrestling/boys/article_e3e64212-6986-43bc-b475-bc40f5b43d80.html,7e74f206e88149cf6c00b5370bb97925,health
Promised replacement of aging long-term care home in Kelowna put on hold indefinitely,"A government sign outside the Cottonwoods Extended Care home in Kelowna, B.C., promises a bigger and better facility is on the way.
However, plans to replace the 50-year-old care centre are no longer moving forward, at least not for now.
“We were abs... [2666 chars]","The news comes a year and half after former health minister Adrian Dix announced the much-needed replacement, saying then it was long overdue.",2026-02-19T00:22:47Z,https://globalnews.ca/news/11673539/promised-replacement-of-aging-long-term-care-home-in-kelowna-on-hold/,f15079b91c425f8258410332883148f6,health
Meta’s Mark Zuckerberg grilled on kids’ use of Instagram in social media trial,"LOS ANGELES — Mark Zuckerberg and opposing lawyers dueled in a Los Angeles courtroom on Wednesday, where the Meta CEO answered questions about young people’s use of Instagram, his congressional testimony and internal advice he’s received about being ... [5900 chars]",Zuckerberg said he still agrees with a previous statement he made that the existing body of scientific work has not proven that social media causes mental health harms.,2026-02-19T00:22:43Z,https://www.adn.com/nation-world/2026/02/18/metas-mark-zuckerberg-grilled-on-kids-use-of-instagram-in-social-media-trial/,770771fd8e107d3ba2d95cafe9d37058,health
NAMI South Dakota mental health agency closes over financial problems,"NAMI South Dakota, a nonprofit that provides free mental health support to residents across the state, has announced that its Board of Directors made the “difficult decision to dissolve the organization.”
NAMI South Dakota’s phone went unanswered as ... [5869 chars]","NAMI South Dakota announced Feb. 12 that its Board of Directors had dissolved the organization over “significant and ongoing financial challenges.""",2026-02-19T00:21:58Z,https://www.argusleader.com/story/news/business-journal/2026/02/18/nami-south-dakota-mental-health-agency-closes-over-financial-problems/88663332007/,be8fe3eba581fc4a12f9ba0eb0085dce,health
Canada revises immigration rules to recruit skilled workers and military talent,"Canada is redrawing its immigration map — narrowing overall numbers while opening faster lanes for researchers, doctors, pilots and even military recruits.
The federal government on Wednesday introduced new priority categories under its Express Entry... [2188 chars]","Canada revised its immigration rules, adding new Express Entry priority categories for researchers, health-care workers, aviation professionals and select military recruits, while aiming to manage overall permanent resident numbers.",2026-02-19T00:15:08Z,https://www.indiatoday.in/world/story/canada-revises-immigration-rules-to-recruit-skilled-workers-and-military-talent-2870690-2026-02-19,84d0f912910a9403112fadeaec25e07d,health
South Korea Braces for Verdict in Ex‑President Yoon's Insurrection Trial,"By Joyce Lee
SEOUL, Feb 19 (Reuters) - A South Korean court is due ⁠to ⁠rule on Thursday on whether former President Yoon ⁠Suk Yeol is guilty of masterminding an insurrection over his botched attempt to put the ​country under martial law in December ... [2911 chars]","US News is a recognized leader in college, grad school, hospital, mutual fund, and car rankings. Track elected officials, research health conditions, and find news you can use in politics, business, health, and education.",2026-02-19T00:10:00Z,https://www.usnews.com/news/world/articles/2026-02-18/south-korea-braces-for-verdict-in-ex-president-yoons-insurrection-trial,2d38951a00dbad8a994b5e3c43c84cdd,health
"Meta reboots smartwatch plan, aims debut in 2026: Report","Instagram-owner Meta Platforms plans to release its first smartwatch in 2026 , the Information reported on Feb 18 , citing two people familiar with the matter.
The company has revived its Malibu 2 smartwatch project, the report said, adding that the ... [1333 chars]",The device will reportedly feature health tracking and a built-in Meta AI assistant. Read more at straitstimes.com.,2026-02-19T00:10:00Z,https://www.straitstimes.com/world/meta-reboots-smartwatch-plan-aims-debut-in-2026-the-information-reports,5b1d2d34e9319069570f6593def8b009,health
"Raccoon tests positive for rabies in Annapolis, health officials say","A raccoon that was found on Tuesday in Annapolis has tested positive for rabies, according to the Anne Arundel County Department of Health.
Now, health officials are seeking anyone who may have come in contact with a raccoon on or near Holly Drive in... [1815 chars]","A raccoon that was found on Tuesday in Annapolis has tested positive for rabies, according to the Anne Arundel County Department of Health.",2026-02-19T00:02:52Z,https://foxbaltimore.com/news/local/raccoon-tests-positive-rabies-annapolis-health-officials-say,40d7095c71af191c2bf37a7c3fa8bfc6,health
Helen Flanagan flooded with support as she opens up on health battle to 'comfort' others,"Former Coronation Street actress Helen Flanagan has received an outpouring of support after candidly discussing her mental health struggles including OCD in her new memoir Head and Heart
Helen Flanagan has been flooded with messages of support after ... [2705 chars]",Former Coronation Street actress Helen Flanagan has received an outpouring of support after candidly discussing her mental health struggles including OCD in her new memoir Head and Heart,2026-02-19T00:00:58Z,https://www.mirror.co.uk/3am/celebrity-news/helen-flanagan-flooded-support-opens-36746071,57be3df7ece121148224594310f50620,health
Health Leadership Council Human Trafficking Community Training,"Human trafficking remains a critical issue in our community—Florida currently ranks third in the United States for reported cases—and as a part of an ongoing commitment to community education and safety, the Florida Department of Health in Osceola Co... [631 chars]","Human trafficking remains a critical issue in our community—Florida currently ranks third in the United States for reported cases—and as a part of an ongoing commitment to community education and safety, the Florida Department of Health in Osceola County is collaborating with the Health Leadership Council to offer, for the first time, a training for community partners and members.",2026-02-19T00:00:00Z,https://www.aroundosceola.com/news/health-leadership-council-human-trafficking-community-training,a656247ccd13cdd3e755180f261b0426,health
A Healthy Start to help form healthy families with grant funding,"The Healthy Start Coalition of Osceola County, which works to promote and assist the health and well-being of mothers, babies and families in the community, has received grant funding from health insurance advocacy group Simply Healthcare, and it’s p... [1805 chars]","The Healthy Start Coalition of Osceola County, which works to promote and assist the health and well-being of mothers, babies and families in the community, has received grant funding from health insurance advocacy group Simply Healthcare, and it’s putting those dollars right to use to support a new initiative.",2026-02-19T00:00:00Z,https://www.aroundosceola.com/news/healthy-start-help-form-healthy-families-grant-funding,e68eb46baa9282c34a94d9c70dd31102,health
Brhel receives first ever Moeller Pillar Award from NSHC,"By Ron Burtz on Tuesday, February 17, 2026
Subhead
Area Extension educator lauded as advocate, servant leader, team builder
An area Extension educator, soil health advocate and regenerative farmer has become the first recipient of a new award being p... [389 chars]","An area Extension educator, soil health advocate and regenerative farmer has become the first recipient of a new award being presented by the Nebraska Soil Health Coalition (NSHC). On Wednesday last week, Extension Educator Jenny Brhel was awarded the first Alan Moeller Pillar Award by NSHC at a Green Cover Nexus Conference in Omaha.",2026-02-19T00:00:00Z,https://www.auroranewsregister.com/index.php/ag-life/brhel-receives-first-ever-moeller-pillar-award-nshc,23679a976512ac918df07e604f85b8d1,health
Joyce appreciated for health care stance,"As a Keystone Stater through and through, I appreciate leaders who believe in accountability, competition, and limited government intrusion, especially in health care. That is why I appreciate U.S. Rep. John Joyce’s principled leadership on health ca... [1489 chars]","As a Keystone Stater through and through, I appreciate leaders who believe in accountability, competition, and limited government intrusion, especially in health care. That is why I appreciate U.S. Rep. John Joyce’s principled leadership on health care issues and his strong advocacy for constituents during recent congressional hearings with insurance executives. Too often, patients are […]",2026-02-19T00:00:00Z,https://www.altoonamirror.com/opinion/2026/02/joyce-appreciated-for-health-care-stance/,3d3e7f980573b47aa4552c04cb40f820,health
Health Leadership Council Human Trafficking Community Training,"Human trafficking remains a critical issue in our community—Florida currently ranks third in the United States for reported cases—and as a part of an ongoing commitment to community education and safety, the Florida Department of Health in Osceola Co... [631 chars]","Human trafficking remains a critical issue in our community—Florida currently ranks third in the United States for reported cases—and as a part of an ongoing commitment to community education and safety, the Florida Department of Health in Osceola County is collaborating with the Health Leadership Council to offer, for the first time, a training for community partners and members.",2026-02-19T00:00:00Z,https://www.aroundosceola.com/index.php/news/health-leadership-council-human-trafficking-community-training,15c87d33fbf09fddc4d58e2f801e2d37,health
'Be critical of coping mechanisms': Mental health advocate on 'self-compassion over saving face',"While Filipinos are known to be one of the happiest people in the world, mental health advocate Giancarlo de Vera says that we should be cautious about always pushing through the hurt and simply 'looking at the bright side' of things.
Key Points
BEIN... [1087 chars]","While Filipinos are known to be one of the happiest people in the world, mental health advocate Giancarlo de Vera says that we should be cautious about always pushing through the hurt and simply 'looking at the bright side' of things.",2026-02-19T00:00:00Z,https://www.sbs.com.au/language/filipino/en/podcast-episode/be-critical-of-coping-mechanisms-mental-health-advocate-on-self-compassion-over-saving-face/np0zxopdl,ba622725c19aebf18670fbdeca97b9c1,health
A Healthy Start to help form healthy families with grant funding,"The Healthy Start Coalition of Osceola County, which works to promote and assist the health and well-being of mothers, babies and families in the community, has received grant funding from health insurance advocacy group Simply Healthcare, and it’s p... [1805 chars]","The Healthy Start Coalition of Osceola County, which works to promote and assist the health and well-being of mothers, babies and families in the community, has received grant funding from health insurance advocacy group Simply Healthcare, and it’s putting those dollars right to use to support a new initiative.",2026-02-19T00:00:00Z,https://www.aroundosceola.com/index.php/news/healthy-start-help-form-healthy-families-grant-funding,ca87c82fd8e5ed38e85fa902594e307f,health
Opinion: An anti-science FDA is a threat to our health and prosperity,"The U.S. Food and Drug Administration supposedly “implements gold standard science.”
Yet the agency appears to relish obstructing scientific progress. Earlier this month, Vinay Prasad, the director of FDA’s vaccine division, rejected Moderna’s applic... [4176 chars]","After public backlash, the FDA will review a new mRNA flu vaccine. That’s good news, but its original rejection and other arbitrary decisions undermine U.S. leadership in biopharmaceutical innovation",2026-02-18T23:44:28Z,https://www.deseret.com/opinion/2026/02/18/fda-mrna-vaccine-rejection-jeopardizes-american-health-leadership/,b074ffa0f9f9cc4a3a4d597d859e29aa,health
Groups Sue EPA Over Repeal of Rule Backing Climate Protections,"A coalition of health and environmental groups sued the Environmental Protection Agency on Wednesday, challenging the rescinding of a scientific finding that has been the central basis for U.S. action to regulate greenhouse gas emissions and fight cl... [6665 chars]","A coalition of health and environmental groups has sued the Environmental Protection Agency, challenging the rescinding of a scientific finding that has been the central basis for U.S. action to regulate greenhouse gas emissions and fight climate change.",2026-02-18T23:40:33Z,https://www.newsmax.com/newsfront/donald-trump-climate-change-epa/2026/02/18/id/1246620/,6eade9a22393c587fa0d3f14ea9f6b3d,health
Meta to challenge Apple with its first smartwatch - and it's reportedly launching this year,"Meta is planning to release the brand’s first smartwatch sometime in 2026, according to an insider report. Allegedly code-named Malibu 2, the smartwatch will reportedly offer health-tracking tools like those already found on the best smartwatches, al... [2566 chars]",We could possibly see a Meta smartwatch launch later in 2026 with health-tracking tools and a Meta AI assistant built in.,2026-02-18T23:34:42Z,https://www.tomsguide.com/wellness/smartwatches/meta-to-challenge-apple-with-its-first-smartwatch-and-its-reportedly-launching-this-year,8fe92d85a925eda274e21b92d7e3cab3,health
Lapu Lapu Day victims had privacy breached by snooping health workers,"Article content
Sixteen victims of last year’s Lapu Lapu Day tragedy had their privacy violated by health care workers who illegally accessed and “snooped” on their health records a total of 71 times, according to B.C.’s privacy commissioner.
Adverti... [9708 chars]","Report details an investigation into how 36 workers in various health authorities ""did not respect the privacy of patients in the aftermath""",2026-02-18T23:33:14Z,https://theprovince.com/news/lapu-lapu-day-victims-privacy-breached-snooping-health-care-workers,7ab85df079f775e54b7abef017f31c37,health
Lapu Lapu Day victims had privacy breached by snooping health workers,"Article content
Sixteen victims of last year’s Lapu Lapu Day tragedy had their privacy violated by health care workers who illegally accessed and “snooped” on their health records a total of 71 times, according to B.C.’s privacy commissioner.
THIS CO... [3719 chars]","Report details an investigation into how 36 workers in various health authorities ""did not respect the privacy of patients in the aftermath""",2026-02-18T23:33:14Z,https://vancouversun.com/news/lapu-lapu-day-victims-privacy-breached-snooping-health-care-workers,e54114d2a050b4f5e2c942426a7aea70,health
Lapu Lapu Day victims had privacy breached by snooping health care workers,"Article content
Sixteen victims of last year’s Lapu Lapu Day tragedy had their privacy violated by health care workers who illegally accessed and “snooped” on their health records a total of 71 times, according to B.C.’s privacy commissioner.
Adverti... [9708 chars]","Report details an investigation into how 36 workers in various health authorities ""did not respect the privacy of patients in the aftermath""",2026-02-18T23:33:14Z,https://theprovince.com/news/lapu-lapu-day-victims-privacy-breached-snooping-health-care-workers/wcm/a2abadc2-b6f4-44d2-8ef1-4b7705ac4e62,01d307fa3438b8def250354be21302d5,health
‘Chronic underfunding’: Doctor warns of cracks in NSW mental health system after fatal escapes,"The New South Wales mental health system is coming under immense scrutiny after two men escaped from the same Sydney hospital within 24 hours before allegedly killing three people between them.
The incidents occurred at Cumberland Hospital in Sydney’... [2253 chars]",‘I think that’s been pretty well documented that the public health system isn’t funded to do that as much as it needs to.’,2026-02-18T23:31:43Z,https://7news.com.au/sunrise/chronic-underfunding-doctor-warns-of-cracks-in-nsw-mental-health-system-after-fatal-escapes-c-21686115,a56205536d9388671c0aedd944c88e24,health
Scientists say Tetris may help rewire the brain after trauma,"Playing the classic puzzle game Tetris could significantly reduce distressing memories following traumatic experiences, a new study has revealed. Healthcare workers who engaged with the game as part of their treatment reported experiencing fewer flas... [3668 chars]","Playing the classic puzzle game Tetris could significantly reduce distressing memories following traumatic experiences, a new study has revealed. Healthcare workers who engaged with the game as part of their treatment reported experiencing fewer flashbacks, offering a novel approach to mental health...",2026-02-18T23:30:02Z,https://www.indy100.com/gaming/tetris-scientist-brain-trauma-ptsd,2e2869de0e30b824e740237883067265,health
Medibank says cost-of-living pressures trigger policy downgrades,"Follow our live coverage of the February 2026 ASX reporting season
Medibank Private says more Australians are switching funds and downgrading to cheaper private health insurance policies due to cost-of-living pressures, and warned that the current le... [312 chars]",The company reported an 11 per cent drop in interim profit amid “unsustainable” competition in the private health insurance market.,2026-02-18T23:28:00Z,https://www.afr.com/companies/healthcare-and-fitness/medibank-says-cost-of-living-pressures-trigger-policy-downgrades-20260219-p5o3ke,a776a39110d08f96346797aa188471c0,health
"High-Street Health Gamble: As Walk-In Weight-Loss Jabs Catch On In UK, Should India Give It A Shot?","Last Updated:February 19, 2026, 04:56 IST
For India, the UK's walk-in model serves as both a blueprint and a warning
The emergence of walk-in weight-loss injection services in the UK—where high-street pharmacies now offer “skinny jabs"" like Wegovy an... [4155 chars]","For India, the UK's walk-in model serves as both a blueprint and a warning",2026-02-18T23:26:56Z,https://www.news18.com/explainers/high-street-health-gamble-as-walk-in-weight-loss-jabs-catch-on-in-uk-should-india-give-it-a-shot-9916428.html,cdead85fae5f39c11ae7152d4e0034a8,health
Patient who claimed botched knee surgery at UCI Health led to leg amputation gets $11.5 million,The University of California Board of Regents has paid $11.5 million to settle a lawsuit by a Perris electrician who alleged he went to UCI Health in Orange for an outpatient knee surgery but had to have his leg amputated because of the hospital’s re... [3807 chars],"Perris electrician Wayne Wolf, 59, filed a lawsuit alleging a surgeon severed an artery and then lied about it.",2026-02-18T23:23:10Z,https://www.ocregister.com/2026/02/18/patient-who-claimed-botched-knee-surgery-at-uci-health-led-to-leg-amputation-gets-11-5-million/,71f425314e389f03cc47e16ab55ade47,health
Sam Thompson shares health update after undergoing surgery to remove cyst on vocal cords,"SAM Thompson has shared a health update after undergoing surgery to remove a cyst on his vocal cords.
The TV favourite, 33, revealed in January that he would be having the surgery, and underwent the procedure on Tuesday.
Advertisement
A day later, Sa... [1420 chars]","SAM Thompson has shared a health update after undergoing surgery to remove a cyst on his vocal cords.
The TV favourite, 33, revealed in January...",2026-02-18T23:20:43Z,https://www.thesun.co.uk/tvandshowbiz/38268082/sam-thompson-health-update-vocal-cords-cyst-surgery/,fb4a38ff934154614f39f64e24f01f30,health
Health min blames MLAs’ recommendations for doc vacancies in govt hospitals,Jaipur: Health minister Gajendra Singh Khimsar Tuesday told the Assembly that recommendations by MLAs for transfers and amendments in posting lists are a key reason behind persistent vacancies in govt hospitals. Replying to the debate on health grant... [1671 chars],Jaipur: Health minister Gajendra Singh Khimsar Tuesday told the Assembly that recommendations by MLAs for transfers and amendments in posting lists ar.,2026-02-18T23:19:00Z,https://timesofindia.indiatimes.com/city/jaipur/health-min-blames-mlas-recommendations-for-doc-vacancies-in-govt-hospitals/articleshow/128522443.cms,eff203195d2ce974699180cf09e25795,health
Maine health officials say risk to public low after measles cases announced,"Maine reported four new measles cases on Tuesday, but state health officials said the overall risk to the public remains low.
When the first case was announced on Feb. 6, the Maine Center for Disease Control and Prevention listed two locations where ... [3857 chars]","Four new measles cases were announced by the Maine Center for Disease Control and Prevention on Tuesday, taking the state's total to five.",2026-02-18T23:16:00Z,https://www.pressherald.com/2026/02/18/maine-health-officials-say-risk-to-public-low-after-measles-cases-announced/,6214308c74329aeb013e037e9f6968b2,health
"Year of the Horse 2026 feng shui advice for Dragons for luck in wealth, love and health","If your Chinese zodiac forecast warns of challenges in the coming year, or if you want to improve your already good luck, remember that feng shui can help.
This ancient art of placement, which is rooted in Taoist philosophy, aims to harmonise the ene... [566 chars]",Feng shui master Andrew Kwan shares where Dragons can put auspicious items at home and work for fortune in the Year of the Fire Horse.,2026-02-18T23:15:08Z,https://www.scmp.com/lifestyle/chinese-zodiac/article/3343717/year-horse-2026-feng-shui-advice-dragons-luck-wealth-love-and-health,c92ba0ec453c0f9b3bbac44e6d288764,health
Mark Zuckerberg kept his cool on the stand and gave all the right answers - just not ones with any humanity,"Meta CEO Mark Zuckerberg on Wednesday confessed he was “pretty bad” at portraying himself as “human” and “relatable,” admitting he tended to come off as “fake” and “cheesy” while testifying in court for the first time ever about Facebook’s alleged te... [4694 chars]",‘You expect a 9-year-old to read all of the fine print?’ Zuckerberg was asked by attorneys representing a social media user who claims her exposure to platforms owned by Meta caused negative mental health outcomes,2026-02-18T23:13:17Z,https://www.independent.co.uk/news/world/americas/mark-zuckerberg-meta-testimony-b2923228.html,6e7e0ed3365351575c19dd8457105b1f,health
Haryana launches new initiatives under TB elimination programme,"Misra launched a dedicated state tuberculosis (TB) cell website for real-time public access to TB services, a first-of-its-kind sewing machine centre to help TB survivors regain financial independence, a clinical guidance document aimed at cutting TB... [1287 chars]","The additional chief secretary (ACS), health said the upcoming website will enhance transparency and public access to TB-related services.",2026-02-18T23:12:10Z,https://www.hindustantimes.com/cities/chandigarh-news/haryana-launches-new-initiatives-under-tb-elimination-programme-101771439373498.html,5e54d313ed9439fece82ab7b0f929c37,health
Mets’ $40M Gamble Tagged as Possible Bust,"The New York Mets caught the attention of Bleacher Report, which identified Jorge Polanco as a significant potential bust in the upcoming 2025-26 free-agent class. This assessment wasn’t just a sensational headline aimed at generating clicks. It serv... [4330 chars]","Bleacher Report lists Jorge Polanco as a potential bust, citing health concerns and his transition to first base with the Mets.",2026-02-18T23:09:35Z,https://heavy.com/sports/mlb/new-york-mets/potential-bust-bleacher-report-jorge-polanco/,fcb99b9007eb0e379962ff03ed064b32,health
THE STEVEN HASSAN FILES: Part II: Steven Hassan’s War on Cults Could Destroy Religious Freedom,Steven Hassan is a licensed mental health counselor in Massachusetts who has built a career on a single claim: that he can identify “destructive cults” using a diagnostic overarching highly simplistic completely subjective tool he created called the ... [8473 chars],"Steven Hassan is a licensed mental health counselor in Massachusetts who has built a career on a single claim: that he can identify “destructive cults” using a diagnostic overarching highly simplistic completely subjective tool he created called the BITE model. He has applied this confirmation-bias laden model to the President of the United States, to",2026-02-18T23:07:15Z,https://artvoice.com/2026/02/18/the-steven-hassan-files-part-ii-steven-hassans-war-on-cults-could-destroy-religious-freedom/,1c329c667f73100220139af5d454ed23,health
Analysis: 5 questions the Lakers need to answer over the next 2 months,"Flashback to a year ago and the Lakers were in a fairly similar position entering Game 55; a 33-21 record as the Luka Doncic era was just getting underway.
Doncic is certainly the forefront of the now – and future – of the Lakers and is arguably the ... [4785 chars]","From health, bench production and the future, Lakers beat reporter Benjamin Royer breaks down several of the issues facing the Lakers ahead of their final 28 regular-season games.",2026-02-18T22:57:18Z,https://www.ocregister.com/2026/02/18/analysis-5-questions-the-lakers-need-to-answer-over-the-next-2-months/,89319f5eae9cf929caf81f3eee369d22,health
Environmental Group Extinction Rebellion Says It Is Under Federal US Probe,"By Kanishka Singh
WASHINGTON, Feb 18 (Reuters) - Environmental group ⁠Extinction ⁠Rebellion said on Wednesday it ⁠is under federal U.S. investigation and that some of its ​members have been visited by FBI agents, including from the agency's task forc... [1961 chars]","US News is a recognized leader in college, grad school, hospital, mutual fund, and car rankings. Track elected officials, research health conditions, and find news you can use in politics, business, health, and education.",2026-02-18T22:56:00Z,https://www.usnews.com/news/top-news/articles/2026-02-18/environmental-group-extinction-rebellion-says-it-is-under-federal-us-probe,44a19d3f9863d485051bab06a7a74fc7,health
Health warning as horrific mosquito virus could ravage Brit holiday hotspots,"Experts have sounded the alarm on a virus carried by mosquitos which could hit parts of England and numerous holiday hotspots due to rising global temperatures
An excruciatingly painful tropical disease could hit Europe and various holiday hotspots a... [3419 chars]",Experts have sounded the alarm on a virus carried by mosquitos which could hit parts of England and numerous holiday hotspots due to rising global temperatures,2026-02-18T22:55:24Z,https://www.dailystar.co.uk/news/latest-news/health-warning-horrific-mosquito-virus-36743685,210b3bfd84a8bbef62eb0c1691b18516,health
Construction of 50 bedded Addl Block at SDH Sunderbani in progress: Govt,"Excelsior Correspondent
JAMMU, Feb 18: Minister for Health and Medical Education, Sakeena Itoo, today said that the ongoing works on the vital projects like construction of 50 bedded additional Block and setting up of Dialysis Unit at SDH Sunderbani ... [1215 chars]","Excelsior Correspondent JAMMU, Feb 18: Minister for Health and Medical Education, Sakeena Itoo, today said that the ongoing works on the vital projects like construction of 50 bedded additional Block and setting up of Dialysis Unit at SDH Sunderbani are being regularly monitored to ensure their completion within prescribed timelines. The Minister stated this while replying to a question of Legislator Randhir Singh in the House. The Minister informed the House that an amount of Rs. 424 lakh has been […]",2026-02-18T22:50:18Z,https://www.dailyexcelsior.com/construction-of-50-bedded-addl-block-at-sdh-sunderbani-in-progress-govt/,4a48d61b09c06daab5453388e3a5fbb1,health
No study yet linking cement dust to diseases in Khrew: Govt,"Suhail Bhat
Srinagar Feb 18: Government today said it has not conducted any specific scientific study to establish a direct causal link between emissions from cement factories and limestone mining and the prevalence of diseases in the Khrew area of s... [3713 chars]","Suhail Bhat Srinagar Feb 18: Government today said it has not conducted any specific scientific study to establish a direct causal link between emissions from cement factories and limestone mining and the prevalence of diseases in the Khrew area of south Kashmir’s Pulwama district, but acknowledged that dust pollution there poses a serious and persistent public health challenge. In a written reply to a question of MLA Hasnain Masoodi in Legislative Assembly, the Government said dust pollution, largely attributed to […]",2026-02-18T22:50:08Z,https://www.dailyexcelsior.com/no-study-yet-linking-cement-dust-to-diseases-in-khrew-govt/,4ff2a600c06b5578a8b7ec98c8414d98,health
Hoshiarpur leads state in patient satisfaction at Aam Aadmi Clinics,"In an achievement in the public healthcare sector, Hoshiarpur district has secured the top position across Punjab in patient feedback for Aam Aadmi Clinics. The recognition was conferred by Health and Family Welfare Minister Dr Balbir Singh during a ... [1744 chars]","In an achievement in the public healthcare sector, Hoshiarpur district has secured the top position across Punjab in patient feedback for Aam Aadmi Clinics. The recognition was conferred by Health and Family Welfare Minister Dr Balbir Singh during a two-day conference of Civil Surgeons and Deputy Medical Commissioners held in Chandigarh.",2026-02-18T22:47:11Z,https://www.tribuneindia.com/news/jalandhar/hoshiarpur-leads-state-in-patient-satisfaction-at-aam-aadmi-clinics/,a584674967e508eb54f891dd0e0fd076,health
Restoration of two-and-half day salary allowance demanded,"Excelsior Correspondent
JAMMU, Feb 18: J&K Employees Joint Action Committee (EJAC), Jammu Province has extended full support to J&K Medical Employees Federation in their ongoing struggle for the restoration of two-and-a-half day salary allowance, whi... [847 chars]","Excelsior Correspondent JAMMU, Feb 18: J&K Employees Joint Action Committee (EJAC), Jammu Province has extended full support to J&K Medical Employees Federation in their ongoing struggle for the restoration of two-and-a-half day salary allowance, which has been discontinued for certain categories of health employees across J&K. Addressing the media persons here today, EJAC provincial president, Mohammad Ashraf Sheikh and general secretary, Onkar Singh, along with senior leaders of EJAC Jammu Province urged J&K Government to resolve the issue at the […]",2026-02-18T22:45:14Z,https://www.dailyexcelsior.com/restoration-of-two-and-half-day-salary-allowance-demanded/,2c333cffb2180e034131f6f4fac1a0ec,health
"Kansas, Idaho, Utah, Oklahoma in New Push to Restrict Transgender Rights","After a year in which the Trump administration has pressed to limit the ways Americans can identify as transgender in public life, Republicans are pushing the issue at the state level with new zeal.
With legislative sessions underway in most states, ... [1385 chars]","In states that once focused mainly on health care and sports for transgender minors, debates now revolve around the validity of transgender identity.",2026-02-18T22:43:51Z,https://www.nytimes.com/2026/02/18/us/republican-states-transgender-rights-restrictions.html,23a803675ea3bab797982bac6be06c48,health
North Korea's Kim Jong Un Says New Military Goals to Be Set at Party Congress,"SEOUL, Feb 19 (Reuters) - North ⁠Korean ⁠leader Kim Jong ⁠Un said new military and construction ​goals will be set during an upcoming key ‌party congress, state media ‌KCNA said on Thursday.
Kim attended a ⁠ceremony ⁠of 600mm-calibre multiple rocket ... [981 chars]","US News is a recognized leader in college, grad school, hospital, mutual fund, and car rankings. Track elected officials, research health conditions, and find news you can use in politics, business, health, and education.",2026-02-18T22:43:00Z,https://www.usnews.com/news/world/articles/2026-02-18/north-koreas-kim-jong-un-says-new-military-goals-to-be-set-at-party-congress,a3dafd18e58a5826476770548368403c,health
"219 ventilators defunct in 10 GMCs, SKIMS: Govt","GMC Jammu tops list
Excelsior Correspondent
JAMMU, Feb 18: The Government on Thursday said 219 ventilators are defunct in 10 Government Medical Colleges and the Sher-i-Kashmir Institute of Medical Sciences across the Union Territory.
In a written rep... [404 chars]","GMC Jammu tops list Excelsior Correspondent JAMMU, Feb 18: The Government on Thursday said 219 ventilators are defunct in 10 Government Medical Colleges and the Sher-i-Kashmir Institute of Medical Sciences across the Union Territory. In a written reply to a starred question raised by MLA Shamim Firdous in the Assembly, Health and Medical Education Minister Sakina Itoo provided hospital-wise details of functional and defunct ventilators in Government medical colleges (GMCs), associated hospitals and other major health institutions, including SKIMS. Out […]",2026-02-18T22:41:08Z,https://www.dailyexcelsior.com/219-ventilators-defunct-in-10-gmcs-skims-govt/,a31899d4ba4eb8511f10056469e4562a,health
"‘Yeah, it’s real...’: Tigers star opens up on mental health diagnosis... and new diet behind Origin push","Taylan May has opened up on his mental health struggles, admitting he “always felt different” as the Tigers gun eyes an Origin debut.
The 24-year-old made his NRL debut in 2021, but has played just 37 first grade games to date, having spent the major... [3108 chars]","‘Yeah, it’s real...’: Tigers star opens up on mental health diagnosis... and new diet behind Origin push",2026-02-18T22:40:47Z,https://www.foxsports.com.au/nrl/nrl-premiership/nrl-2026-taylan-may-opens-up-on-mental-health-struggles-wests-tigers-contract-state-of-origin-news-videos-highlights/news-story/2c5bdb911d2d49837b4edf6e05dd99bb,b2cb5f3039d7749fcc0d33734604f1e3,health
J&K Govt formulating comprehensive Cancer Control Strategy in collaboration with National Institutions,"JAMMU, FEBRUARY 18: In a significant step towards strengthening the cancer prevention and care in Jammu and Kashmir, the Health & Medical Education (H&ME) Department is formulating a comprehensive “Cancer Control Strategy for J&K” in collaboration wi... [2750 chars]","JAMMU, FEBRUARY 18: In a significant step towards strengthening the cancer prevention and care in Jammu and Kashmir, the Health & Medical Education (H&ME) Department is formulating a comprehensive “Cancer Control Strategy for J&K” in collaboration with NITI Aayog, ICMR and Homi Bhabha Cancer Hospital and Research Centre, Punjab, a unit of Tata Memorial Centre. The strategy aims to establish a structured and coordinated framework for cancer prevention, early diagnosis, treatment, palliative care and research across the UT. The focus […]",2026-02-18T22:40:44Z,https://www.dailyexcelsior.com/jk-govt-formulating-comprehensive-cancer-control-strategy-in-collaboration-with-national-institutions/,5bf51a1019862325116c8af5f6549e81,health
Prince William reveals role that took a toll on his mental health,"Prince William has opened up about the toll that working as an air ambulance pilot took on his mental health.
The Prince of Wales appeared on BBC Radio 1’s Men’s Health Special on Wednesday evening (18 February), discussing male mental health and sui... [459 chars]","Prince William has opened up about the toll that working as an air ambulance pilot took on his mental health. The Prince of Wales appeared on BBC Radio 1’s Men’s Health Special on Wednesday evening (18 February), discussing male mental health and suicide. He explained that witnessing difficult situations and supporting “distraught” families as an air ambulance pilot began to impact him personally. He said: “Over time I noticed my mental health really deteriorating and I hadn't really clocked onto it.” It was only after taking a “longer break” that Prince William fully grasped the weight he had been carrying. He added: “I looked at myself and went, ‘my God, I'm carrying everyone's emotional baggage.’” If you are experiencing feelings of distress and isolation, or are struggling to cope, The Samaritans offer support; you can speak to someone for free over the phone, in confidence, on 116 123 (UK and ROI), email jo@samaritans.org, or visit the Samaritans website to find details of your nearest branch.",2026-02-18T22:35:23Z,https://www.independent.co.uk/tv/news/prince-william-mental-health-air-ambulance-b2923230.html,58aa6112e16e4c282ea8884c1c91407f,health
"India, UK conduct scale-up study of AI-enabled mental health tool for young girls","LONDON, Feb 18 : Researchers from India and the UK are collaborating on a new 5.3 million pounds project to adapt and scale-up an artificial intelligence (AI) enabled digital mental health programme for adolescent girls living in Indian villages.
The... [5378 chars]","LONDON, Feb 18 :  Researchers from India and the UK are collaborating on a new 5.3 million pounds project to adapt and scale-up an artificial intelligence (AI) enabled digital mental health programme for adolescent girls living in Indian villages. The international project, unveiled to coincide with the AI Impact Summit in New Delhi this week, involves partners from Imperial College London,Â University of Cambridge, Tata Institute of Social Sciences and Milaan Foundation, alongside community-based organisations. The team will work to develop and […]",2026-02-18T22:35:17Z,https://www.dailyexcelsior.com/india-uk-conduct-scale-up-study-of-ai-enabled-mental-health-tool-for-young-girls/,1e014f4defa7af39ae5eba5dcb30adf2,health
UK to Impose 48-Hour Online Takedown Rule for Nonconsensual Intimate Images,"LONDON, Feb 18 (Reuters) - Britain will require technology ⁠companies ⁠to take down intimate images ⁠shared online without consent within 48 hours or else face ​fines of up to 10% of eligible global revenue, and even risk having their services ‌block... [1910 chars]","US News is a recognized leader in college, grad school, hospital, mutual fund, and car rankings. Track elected officials, research health conditions, and find news you can use in politics, business, health, and education.",2026-02-18T22:34:00Z,https://www.usnews.com/news/world/articles/2026-02-18/uk-to-impose-48-hour-online-takedown-rule-for-nonconsensual-intimate-images,4ce5b402335474493d7eacb91ee5d6d5,health
"NIH director Jay Bhattacharya, a critic of COVID lockdowns, to run CDC","U.S. National Institutes of Health Director Jay Bhattacharya will step in as acting director of the Centers for Disease Control and Prevention, a Trump administration official said on Feb. 18, part of a broader shakeup within the health department ah... [4126 chars]",National Institutes of Health Director Jay Bhattacharya will step in as acting director of the Centers for Disease Control and Prevention.,2026-02-18T22:32:03Z,https://www.usatoday.com/story/news/politics/2026/02/18/nih-cdc-jay-bhattacharya-rfk-covid-lockdowns/88746179007/,e7d56fa8ecd22a5c94eec37424c627f1,health
Silent Witness Harriet's illness 'unveiled' in devastating health twist,"Silent Witness viewers shared their concerns for Harriet Maven after spotting a worrying sign
BBC drama Silent Witness might have unveiled Harriet Maven's hidden illness, leaving fans devastated.
The 29th series of the enduring drama is currently bro... [2762 chars]",Silent Witness viewers shared their concerns for Harriet Maven after spotting a worrying sign,2026-02-18T22:31:31Z,https://www.mirror.co.uk/tv/tv-news/silent-witness-harriets-illness-unveiled-36745891,51caa93bac19ca0cb346058c8c9ec76e,health
"Driven World, Ignorance is Risky real lives","Nishat Ahmad Rather.
nishatmstat07@gmail.com
We live in an age where numbers quietly shape public life.
Budgets are defended through projections. Health policies rely on infection rates and surveys. Welfare schemes are judged by percentages and cover... [2565 chars]","Nishat Ahmad Rather. nishatmstat07@gmail.com We live in an age where numbers quietly shape public life. Budgets are defended through projections. Health policies rely on infection rates and surveys. Welfare schemes are judged by percentages and coverage ratios. From education to employment, governments increasingly depend on data to make decisions. In such a world, ignorance of statistics is not harmless—it is risky. For any government, statistics is not merely a technical tool. It is the foundation of effective governance. Every serious […]",2026-02-18T22:30:30Z,https://www.dailyexcelsior.com/in-a-data-driven-world-ignorance-is-risky-real-lives/,7000e78091e06596972f076c4bf536b2,health
Rahul Gandhi extends wishes for prosperity and good health on occasion of Ramzan,"Agency:
ANI
Last Updated:February 19, 2026, 04:00 IST
New Delhi [India], February 19 (ANI): Congress Leader and Leader of the Opposition in the Lok Sabha, Rahul Gandhi, extended greetings on the occasion of Ramzan on Wednesday, wishing that this piou... [2788 chars]",Rahul Gandhi extends wishes for prosperity and good health on occasion of Ramzan,2026-02-18T22:30:02Z,https://www.news18.com/agency-feeds/rahul-gandhi-extends-wishes-for-prosperity-and-good-health-on-occasion-of-ramzan-9916424.html,7bff26a757834adbf0bcd6f98f4ad0de,health
"Is the gym helping or harming your joints? Doctor says human joints are built to move, not withstand repeated overload","Walk into any gym and you will see posters about pushing limits, building strength, staying consistent. What you don’t see as often are conversations about injuries. And that’s strange, because they happen more than people admit. Part of the reason i... [3447 chars]","Health News: Walk into any gym and you will see posters about pushing limits, building strength, staying consistent. What you don’t see as often are conversations .",2026-02-18T22:30:00Z,https://timesofindia.indiatimes.com/health/is-the-gym-helping-or-harming-your-joints-doctor-says-human-joints-are-built-to-move-not-withstand-repeated-overload/articleshow/128491745.cms,de26627aa471f4fcf5e3c01de72db88c,health
"US Senators in Ukraine Call for Pressure on Russia, Not Just Talks","By Patricia Zengerle
WASHINGTON, Feb 18 (Reuters) - Democratic U.S. senators traveling in Ukraine and neighboring ⁠countries ⁠on Wednesday vowed to return to Washington ⁠and push for stiff new energy sanctions and other legislation to put pressure on... [3403 chars]","US News is a recognized leader in college, grad school, hospital, mutual fund, and car rankings. Track elected officials, research health conditions, and find news you can use in politics, business, health, and education.",2026-02-18T22:30:00Z,https://www.usnews.com/news/world/articles/2026-02-18/us-senators-in-ukraine-call-for-pressure-on-russia-not-just-talks,e210ad4d524eddaa755692692352afc0,health
Get more than $100 off best-selling Garmin smartwatch for tracking daily health and sleep goals,"When it comes to smartwatches that work to track health data like workouts, steps, sleep and nutrition, anyone who knows me knows that I am a loyal Garmin fan through and through.
And right now, you can save 20 per cent on one of Garmin’s top-selling... [2878 chars]","The watch has nearly 10,000 glowing reviews.",2026-02-18T22:28:56Z,https://7news.com.au/7you/get-more-than-100-off-best-selling-garmin-smartwatch-for-tracking-daily-health-and-sleep-goals-c-21685796,f2dbd4e638ab196cac11a8acf476cd5b,health
NGT Orders joint probe into quarry impact on Tata Cancer Hospital due to illegal mining,"National Green Tribunal (NGT) has ordered a joint inspection into alleged illegal quarrying and stone crushing operations behind the Tata Cancer Hospital (ACTREC) at Kharghar in Maharashtra’s Navi Mumbai and submit the report within a month.
The benc... [3086 chars]","NGT orders joint probe into illegal mining's impact on Tata Cancer Hospital, addressing health and environmental concerns.",2026-02-18T22:20:00Z,https://www.thehindu.com/news/national/maharashtra/ngt-orders-joint-probe-into-quarry-impact-on-tata-cancer-hospital-due-to-illegal-mining/article70648088.ece,60dfe99a0cbda580b2be6c40e634ff29,health
