topic,text,created_at,likes,reblogs,replies,followers
politics,"New Unredacted Banner Installed on DOJ exterior
https://thelemmy.club/post/44616879",2026-02-19 19:50:30.066000+00:00,0,2,0,0
politics,"Verzweiflung:""parallel zu den dreiseitigen Gesprächen über die Ukraine ist in Moskau ein Manifest erschienen, das sich an die »westlichen Eliten« wendet. Darin wird die Bereitschaft Russlands zum »härtesten Szenarium« erklärt, sollte der »Konflikt nicht zu den Bedingungen Russlands beendet werden«. Mit dem härtesten Szenarium ist der Einsatz von Atomwaffen gemeint – gegen Westeuropa.""https://www.spiegel.de/ausland/russland-der-kreml-verhandelt-mit-der-ukraine-gleichzeitig-fordern-putingetreue-atomschlaege-gegen-den-westen-a-45579787-9ebd-421b-9d86-c46b8ab8efd9oderhttps://archive.ph/7mk6g#russia #war #EU #politics",2026-02-19 19:46:19+00:00,0,0,0,222
politics,🚨Epstein NM Ranch DEMOLISHED after INVESTIGATION STARTS?!! Via @meidastouch #Politics 🇺🇸 🗳️ #Epstein #TrumpIsOnTheList #EpsteinList #EpsteinFiles youtu.be/tvcUzLibbRg?...🚨Epstein NM Ranch DEMOLISHED a...,2026-02-19 19:45:06.010000+00:00,0,1,0,79
politics,"‘They pushed so many lies about recycling’: the fight to stop big oil pumping billions more into plasticshttps://www.theguardian.com/environment/2026/feb/19/they-pushed-so-many-lies-about-recycling-the-fight-to-stop-big-oil-pumping-billions-more-into-plastics> Plastic production has doubled over the last 20 years – and will likely double again. For author Beth Gardiner, metal water bottles and canvas tote bags are not the solution. So what is?answer> help people look away from the personal and more towards the political because that is where the difference is to be made.#politics #climateChange #plasticpollution",2026-02-19 19:43:06+00:00,0,2,0,436
politics,"Buttigieg leads 2028 presidential primary field in NH as he visits state. Via @seacoastonline #TeamPete #PeteButtigieg #Politics 🇺🇸 🗳️ 

www.seacoastonline.com/story/news/p...Buttigieg leads 2028 president...",2026-02-19 19:40:08.892000+00:00,0,2,0,79
politics,Pressure mounts on Quebec justice minister to backtrack on enshrining abortion rightsPressure is mounting on Quebec's justice minister to abandon plans to enshrine abortion rights in the province's proposed constitution.#abortion #rights #Quebec #Canada #Politics #Quebecpoliticshttps://globalnews.ca/news/11674541/quebec-abortion-rights/,2026-02-19 19:40:07+00:00,0,0,0,62
politics,"Trump warns of ‘bad things’ if Iran doesn’t make a dealU.S. President Donald Trump has said he hopes to reach a deal with Iran, but talks between both countries have been remained deadlocked for years.#politics #internationalrelations #Iran #US #USNews #Worldhttps://globalnews.ca/news/11674525/donald-trump-iran-us-talks/",2026-02-19 19:39:14+00:00,0,0,0,21
politics,"New from Scott Nicol: From the Santa Ana refuge to La Lomita chapel, some of the most sacred places in the Rio Grande Valley are at risk from #Trump's border wall ... if Congress doesn't act soon to save them. https://www.texasobserver.org/trump-new-wall-rio-grande-valley-protected-sites/ #border #immigration #SouthTexas #Texas #politics #USpol #history #culture #news",2026-02-19 19:34:14+00:00,1,4,0,19509
politics,Duly reporting a press release from the Board of Peace. #politics https://www.washingtonpost.com/national-security/2026/02/19/trump-iran-attack-military/,2026-02-19 19:33:03.249000+00:00,1,0,0,3463
politics,"Garrett Downs reports, a political rift divides the health and agriculture sectors! HHS Secretary Robert F. Kennedy Jr. defends President Trump's order to boost glyphosate production, a move that angers his health-focused MAHA movement and risks alienating voters ahead of the midterms. This decision highlights the tension between economic priorities and public health. Discover the full analysis provided by Garrett Downs. https://www.cnbc.com/2026/02/19/trump-kennedy-glyphosate-maha-midterms-rfk-jr.html #Politics #Agriculture #HealthPolicy #Midterms2026",2026-02-19 19:31:25+00:00,0,0,0,47
politics,"FBI sued for Homan tapes following alleged bribery
https://lemmy.world/post/43339118",2026-02-19 19:30:38.890000+00:00,0,2,1,1
politics,"@DemocracyMattersALot It's not suprising that “Support for Christian nationalism is positively associated with lower education levels and older age.” IOW,  ""Keep 'em stupid, keep 'em voting Republican.""#Education #MAGA #ChristoFascism #Trump #GOP #usa #politics https://www.usatoday.com/story/news/nation/2026/02/17/americans-tied-to-christian-nationalism-study/88707589007/",2026-02-19 19:19:13+00:00,0,1,0,368
politics,"Red and Blue, Back in the Yard | Via @harvardindependent #TeamPete #PeteButtigieg #Politics 🇺🇸 🗳️Red and Blue, Back in the Yard...",2026-02-19 19:15:12.221000+00:00,0,1,0,79
politics,YOU WANT BETTER DEMOCRATS YOU GET INVOLVED IN THE PRIMARIES AND THE TIME TO DO THAT IS RIGHT NOWHelp primary a PRO-ICE Democrat in Georgia:https://indivisible.actionkit.com/mailings/view/124355Dr. Jasmine Clark is running in the primary against 80-year-old Democratic incumbent David Scott who voted to thank ICE for its actions last year _and_ voted to give ICE more money last _month_.YOU WANT BETTER DEMOCRATS YOU GET INVOLVED IN THE PRIMARIES AND THE TIME IS RIGHT NOW#uspol #uspolitics #politics #primary #primary2026 #election #elections #georgia,2026-02-19 19:14:44+00:00,4,9,1,2253
politics,A Republican voting overhaul is back on Capitol Hill — with an added photo identification provision and an altered name. Opponents say the legislation would disenfranchise millions of voters.https://www.kuow.org/stories/a-republican-plan-to-overhaul-voting-is-back-here-s-what-s-new-in-the-bill#KUOW #News #Elections #Politics,2026-02-19 19:10:01+00:00,0,1,0,230
politics,"🇺🇸 Trump banner raised at Department of JusticeTrump’s effort to detain immigrants who entered the country illegally years ago has tested the courts’ capacity, the Justice Department’s bandwidth — and the administration’s respect for the judicial branch. Appearing before a judge in Minnesota, one federal prosecutor working immigration cases on a temporary basis, said it sometimes took “10 emails” and a “threat that I will walk out” to persuade her clients at the...#Politics #Justice #Trump",2026-02-19 19:05:44.589000+00:00,0,1,0,2
politics,"Ontario government directs schools to let students watch Team Canada matchesDoug Ford announced the idea in a social media post on Wednesday evening, saying he had told Education Minister Paul Calandra to work out how schools could make it possible.#sports #education #Ontario #Canada #Politics https://globalnews.ca/news/11674241/ontario-schools-hockey-direction/",2026-02-19 19:03:04+00:00,0,1,0,15
politics,"What you need to know about Texas ICE detention deaths
https://sh.itjust.works/post/55596225",2026-02-19 19:00:50.124000+00:00,0,2,0,3
politics,"DC declares emergency on Potomac sewage spill, asks Trump for helpWASHINGTON (AP) — W…#NewsBeep #News #Headlines #BetsyNicholas #Climate #Climateandenvironment #DCWire #DistrictofColumbia #DonaldTrump #Generalnews #LindseyAppiah #Maryland #MDStateWire #MurielBowser #Politics #TrumpMediaTechnologyGroupCorp. #U.S.DemocraticParty #U.S.EnvironmentalProtectionAgency #U.S.news #UnitedStates #Us #USA #utilities #Washingtonnews #Wastemanagement #Waterquality #WesMoorehttps://www.newsbeep.com/402051/",2026-02-19 19:00:19+00:00,0,0,0,219
politics,"Five Takeaways From Our Investigation Into Congressman Cory Mills

Over the past few months, I’ve spoken to more than a dozen people who know Rep. Cory Mills, watched hours of court testimony, and reviewed hundreds of pages of public records to piece together the rise of a Florida Republican now plagued by numerous scandals. What I heard and saw was often shocking. To a […]

https://murica.website/2026/02/five-takeaways-from-our-investigation-into-congressman-cory-mills/",2026-02-19 15:11:45+00:00,0,4,0,88
politics,“This was the metric I established for success of the Epstein Files Transparency Act that @RepRoKhanna and I got passed. Now we need JUSTICE in the United States. It’s time for @AGPamBondi and @FBIDirectorKash to act!”Thomas Massie celebrates Andrew's arresthttps://www.newsweek.com/thomas-massie-celebrates-former-prince-andrews-arrest-11550091#Epstein #Trumpstein #Massie #PrinceAndrew #UK #USPol #Republicans #MAGA #GOP #Trump #politics #press #news,2026-02-19 18:58:56.178000+00:00,2,4,0,1703
politics,"Philadelphia restored a historic exhibit on Washington’s slaves after a judge blocked Trump officials’ attempt to alter Independence Mall history.
https://sh.itjust.works/post/55596023",2026-02-19 18:54:48.426000+00:00,0,0,0,3
politics,#gazetadobrasil #jornalismo #noticias #politics Eduardo Paes confirma saída da Prefeitura para disputar o Governo do Rio e anuncia Jane Reis como vice https://gazetabrasil.com.br/brasil/2026/02/19/eduardo-paes-confirma-saida-da-prefeitura-para-disputar-o-governo-do-rio-e-anuncia-jane-reis-como-vice/,2026-02-19 18:54:12.780000+00:00,0,1,0,147
politics,Donald Trump turns against UK Chagos Islands plan again https://www.theguardian.com/world/2026/feb/19/donald-trump-turns-against-uk-chagos-islands-plan-iran #ChagosIslands #DonaldTrump #Iran #UkNews #UsNews #UsMilitary #Military #DefencePolicy #KeirStarmer #MiddleEastAndNorthAfrica #Politics #WorldNews,2026-02-19 18:53:37+00:00,0,1,0,244
politics,"Stephen Colbert says CBS stopped him from airing Senate interview
https://fed.brid.gy/r/https://www.wbur.org/hereandnow/2026/02/19/cbs-colbert-interview",2026-02-19 12:03:28+00:00,0,1,0,38
politics,"The controversial history of presidential pardons
https://fed.brid.gy/r/https://www.wbur.org/hereandnow/2026/02/19/presidential-pardon-history",2026-02-19 18:12:35+00:00,1,1,0,38
politics,"Ick, regardless. So consistently inappropriate.Republican President Donald  Trump Tells Board of Peace He Likes Women, not ‘Young, Handsome’ Menhttps://www.newsweek.com/trump-off-script-board-of-peace-paraguay-president-remark-11550606#TrumpLust #USPol #Republicans #MAGA #GOP #Trump #politics #press",2026-02-19 18:51:17.367000+00:00,1,1,0,1703
politics,Republican Trump Administration Moves to Detain Refugees Awaiting Green Cardshttps://www.newsweek.com/trump-order-refugees-detention-green-cards-judge-ruling-11550919#news #press #USPol #Republicans #MAGA #GOP #Trump #politics #press,2026-02-19 18:46:23.916000+00:00,1,4,0,1703
politics,"""What An Embarrassment!"" While Trump skims money off the top into his own pocket.... Trump’s “Board of Peace” meets in DC, with Trump telling people to smile as Guns N’ Roses plays in the background.#AureFreePress #News #press #headline #GOP #Politics #uspolitics #uspol #Breaking #BreakingNews",2026-02-19 18:40:27+00:00,5,4,0,12846
politics,#gazetadobrasil #jornalismo #noticias #politics MP pede ao TCU investigação sobre presença de autoridades em festas de Daniel Vorcaro https://gazetabrasil.com.br/negocios/2026/02/18/mp-pede-ao-tcu-investigacao-sobre-presenca-de-autoridades-em-festas-de-daniel-vorcaro/,2026-02-19 18:39:14.602000+00:00,0,1,0,147
politics,"Trump hosts 1st Board of Peace meeting, announces pledges for reconstruction-peacekeeper funding for GazaFive countries have committed ‌troops for an international security force for Gaza and U.S. President Donald Trump promised billions of dollars for reconstruction of the war-torn territory, on Thursday during the first meeting of his fledgling Board of Peace.#politics #meeting #reconstruction #Gaza https://www.cbc.ca/news/world/us-washington-trump-board-peace-9.7097481?cmp=rss",2026-02-19 18:39:06+00:00,0,1,0,276
politics,"US enforces anti-trans 'bathroom bounty' law despite governor vetohttps://www.thepinknews.com/2026/02/19/anti-trans-bathroom-bill-kansas/The Human Rights Campaign (HRC) said the “bizarre and cruel” bill would have devastating impacts for all citizens, not just trans and non-binary people.#LGBTQ #transrights #USPol #Republicans #MAGA #GOP #Trump #politics #press",2026-02-19 18:38:03.407000+00:00,0,7,0,1703
politics,"DOJ Scrubs Record of Interviews With Trump Accuser From Epstein Files
https://sh.itjust.works/post/55595363",2026-02-19 18:36:45.846000+00:00,0,0,0,3
politics,"California wants a government killswitch inside every 3D printer sold.AB 2047 could force global manufacturers to comply or lose one of the world's biggest markets.Makers, this one affects you. 🖨️🔒 #3DPrinting #Technology #Politicshttps://geekrealmhub.com/california-wants-to-put-a-government-killswitch-inside-every-3d-printer/",2026-02-19 18:30:08.605000+00:00,0,3,0,7
politics,"ICE in Hessen?""„Weil Ausländerbehörden ihrer Pflicht und Aufgabe nicht nachkommen, soll die Polizei Ausreisepflichtige orten, observieren und festnehmen. Die Polizei soll also jetzt doch die perfide Menschenjagd der amerikanischen ICE-Behörde abgucken und auch so auftreten“, sagte Kopelke.[GdP]""https://www.rnd.de/politik/ice-als-vorbild-polizeigewerkschaft-kritisiert-plaene-von-hessens-innenminister-poseck-45JLZMZDFFDSLDI5B63QQ4EDIE.html#hessen #ice #polizei #migration #sa #politics",2026-02-19 18:27:19+00:00,0,1,0,222
politics,Trump officials warn colleges about low student loan repayment ratesU.S. Education Secretary Linda McMahon speaks during a press briefing at the W…#NewsBeep #News #Topstories #BreakingNews:Politics #businessnews #Careers #CheggInc #DonaldTrump #donald-j-trump #GrandCanyonEducationInc #Headlines #MaximusInc #NavientCorp #NelnetInc #Personalloans #personal-finance #Politics #SLMCorp #SoFiTechnologiesInc #StrategicEducationInc #StrideInc #TopStories #UnitedStateshttps://www.newsbeep.com/402038/,2026-02-19 18:20:21+00:00,0,0,0,219
politics,"Trump’s VA Found a New Way to Cut Disability Compensation for Vets
https://fed.brid.gy/r/https://www.rollingstone.com/politics/political-commentary/trump-va-changes-disability-ratings-rule-veterans-1235519325/",2026-02-19 17:15:00+00:00,0,1,0,1037
politics,"Tennessee Said Yes to ICE—and Turned Into a Deportation State

On a rainy evening in early May, several armed ICE agents in tactical vests closed in on a small red sedan at a gas station in South Nashville. The driver, a frightened 55-year-old Salvadoran man named Edgardo David Campos, gripped the steering wheel while bystanders took out their phones and began recording video. As agents […]

https://murica.website/2026/02/tennessee-said-yes-to-ice-and-turned-into-a-deportation-state/",2026-02-19 17:01:59+00:00,0,1,0,88
politics,"Hype for the Future 111B → A Manifesto about the Lost Opportunities

Preamble

After lacking an inherited national social bubble, novaTopFlex has been forced to live without a longer-distance friend group for an extended period of time. Overall, the lack of longer-distance friendships has ultimately resulted in an increasing sense of urgency, ultimately leading to insecurities about knowing fewer people than everybody else. For the new year of 2026, the goals are to improve the odds of sending and receiving as many invitations to travel and events as humanly […]

https://novatopflex.wordpress.com/2026/02/19/hype-for-the-future-111b-%e2%86%92-a-manifesto-about-the-lost-opportunities/",2026-02-19 18:11:53+00:00,0,2,0,21
politics,"As CBS and Colbert Feud, There’s a Surprising Winner#Business #BusinessNews #Cbs #LateShow #Politicshttps://www.hollywoodreporter.com/business/business-news/cbs-dallas-station-cash-boom-stephen-colbert-james-talarico-1236509676/",2026-02-19 18:10:13.993000+00:00,0,0,0,1130
politics,#NoKINGS ! Not now! Not ever! #Indivisible #Politics,2026-02-19 18:08:44+00:00,0,1,0,204
politics,"#leandroruschel #politicsLula News em pânico, o clima no Supremo e os protetores de Toffoli https://leandroruschel.substack.com/p/lula-news-em-panico-o-clima-no-supremo",2026-02-19 18:08:17.678000+00:00,0,0,0,147
politics,"Cook County State’s Attorney Eileen O’Neill Burke announced changes to allow her office to prosecute ICE agents in cases where felony charges are deemed appropriate, after widespread calls to hold those agents accountable for their alleged misconduct. #news #politics https://news.wttw.com/2026/02/19/cook-county-s-top-prosecutor-unveils-policy-change-aimed-charging-ice-agents-criminal",2026-02-19 18:07:42+00:00,0,1,0,303
politics,Appointment of Antonia Romeo as head of civil service shows ‘poor judgment’ say former colleagues https://www.theguardian.com/politics/2026/feb/19/antonia-romeo-head-of-civil-service-shows-poor-judgment-say-former-colleagues #CivilService #Politics #KeirStarmer #UkNews,2026-02-19 18:04:50+00:00,0,1,0,244
politics,Boost for chancellor as UK public finances see record-breaking surplus of £XXbn https://www.theguardian.com/society/2026/feb/19/boost-for-chancellor-as-uk-public-finances-see-record-breaking-surplus-of-xxbn #PublicFinance #Society #RachelReeves #Politics #UkNews #EconomicPolicy #OfficeForNationalStatistics,2026-02-19 18:04:50+00:00,0,1,0,244
politics,"In Nepal's eastern plains, rival political flags depicting blue bells and red suns flutter over tea farms and brick homes — symbols of a local election campaign shaping landmark nationwide polls. https://www.japantimes.co.jp/news/2026/02/19/asia-pacific/politics/nepal-post-uprising-election/?utm_medium=Social&utm_source=mastodon #asiapacific #politics #nepal #balendrashah #khadgaprasadsharmaoli",2026-02-19 18:02:20.379000+00:00,0,1,0,5873
politics,Dan Bongino & Kash Patel make INSANE mistake on air | Another Day. Via @briantylercohen #Politics 🇺🇸 🗳️    youtu.be/O0KC68c91Iw?...Dan Bongino & Kash Patel make ...,2026-02-19 18:00:27.327000+00:00,0,1,0,79
politics,"What’s at stake in this election? In many ways, it’s the viability of reform-minded prosecutors in a state that’s becoming increasingly hostile to criminal justice reform. https://www.texasobserver.org/bexar-county-district-attorney-dem-primary/ #Texas #midterms #elections #politics #USpol #news #Democrats #SouthTexas",2026-02-19 18:00:13+00:00,0,6,0,19509
politics,These are the countries moving to ban #SocialMedia for childrenhttps://techcrunch.com/2026/02/17/social-media-ban-children-countries-list/#SocialMediaBan #privacy #politics #IdentityVerification #AgeVerification,2026-02-19 18:00:04+00:00,1,0,0,10474
politics,"If the CPC followed the truth in advertising modelled by GreenShield Insurance, they would have their leader Polivierre spouting words that landed on the floor and have the host returning one as the voice over proclaimed how the CPC represents Canada. #politics #honesty #truthinadvertising",2026-02-19 17:53:55+00:00,0,1,0,245
politics,Nancy Mace Flatly Rejects Trump DOJ’s Conclusion That Epstein Died By Suicide: ‘He Was Murdered’https://www.mediaite.com/media/tv/nancy-mace-flatly-rejects-trump-dojs-conclusion-that-epstein-died-by-suicide-he-was-murdered/#Epstein #NancyMace #Trumpstein #USPol #Republicans #MAGA #GOP #Trump #politics #press,2026-02-19 17:53:30.833000+00:00,0,2,1,1703
politics,"DHS Opens a Billion-Dollar Tab With Palantir
https://fed.brid.gy/r/https://www.wired.com/story/department-homeland-security-ice-billion-dollar-agreement-palantir/",2026-02-19 17:00:07+00:00,0,1,0,104
politics,"No evidence of ‘secrecy’ over dog testing at London, Ont. hospital: reportA review into controversial dog testing at a London, Ont., hospital that irked Premier Doug Ford found it was ethical with no evidence of 'secrecy.'#ethics #investigation #LondonOnt #Canada #Health #Politicshttps://globalnews.ca/news/11674065/lawson-dog-testing-ontario-report/",2026-02-19 17:50:03+00:00,0,0,0,11
politics,Olympic gaffes force out Meloni ally at Italy’s Rai Sport https://www.politico.eu/article/giorgia-meloni-ally-resigns-olympic-gaffe-italy-rai-sport/?utm_source=RSS_Feed&utm_medium=RSS&utm_campaign=RSS_Syndication #DemocraticParty #Italianpolitics #Services #Politics #Sport,2026-02-19 17:49:14.966000+00:00,0,0,0,2047
politics,iNFOnews.ca | B.C. health workers breached privacy of injured victims of Vancouver festival attackVICTORIA — British Columbia’s privacy commissioner has found 16 people who were sent to medical facilities after the deadly vehicle-ramming attack at the Lapu Lapu Day festival in Vancouver last year had their privacy breached by health workers. A statement from Michael Harvey’s office says its investigation found 71 incidents of snooping by 36 health […]#iNFOnews #Kamloops #KamloopsBC #BcNews #Health #B.C. #Lifestyles #Politics #TopNews,2026-02-19 17:47:05+00:00,0,0,0,7
politics,"Refugees in the U.S. could be arrested under a new immigration memo
https://sh.itjust.works/post/55593041",2026-02-19 17:44:09.917000+00:00,0,1,1,3
politics,"Some Thoughts, 2026-02-19
Some thoughts I have about recent events and news stories:South Korea sentenced their former leader to life imprisonment for attempting an insurrection. The United Kingdom arrested a former prince for his involvement with Epstein. Meanwhile, there is zero accountability for the rich and powerful in America.Trump will try to rig the midterms. Plans are already forming.Trump signed an executive order to ramp up the production of a cancer-causing agent found in the popular weed killer Roundup. Every action he takes makes America a worse place to live.Tesla’s robotaxis crash at a rate four times higher than humans. I think autonomous vehicles are part of our future, but it’s no surprise Tesla is cutting corners at the risk of everyone’s safety.Some Republicans are considering joining Democrats on a constitutional amendment to give Congress the power to reject Trump’s pardons. The power to pardon is too much for one individual to control. Andrew Johnson abused the power, and so is Trump. Nothing will change on that front any time soon.Ring is building a surveillance dragnet across America. You don’t have to own one yourself to be vulnerable. The United States is increasingly becoming a police state.In 2021, the Pennsylvania legislature passed a tax exemption for data centers. The deal is expected to cost the commonwealth $2 billion in revenue by 2031. There is something wrong with a country that so readily embraces such a resource-depleting, cancer-causing industry.Max Muncy signed another extension with the Dodgers. Max must really love LA. He has repeatedly left money on the table by signing team-friendly contract extensions.The Dodgers traded LHP Anthony Banda to the Twins for international bonus space. A deal of this sort was expected after the Dodgers DFA’d Banda last week.Utility player Kiké Hernández signed a one-year deal to return to LA. No surprise. Kiké is injured, so it’s likely he starts the season on the 60-day IL to open up roster space.",2026-02-19 17:39:57+00:00,0,2,0,18
politics,#politics #epstein #transparency #justice #ReleaseTheEpsteinFiles,2026-02-19 17:40:29+00:00,7,19,2,120
politics,#Paulofigueiredo #direita #politica #noticias #politics Cármen Lúcia determina fim do teletrabalho na Justiça Eleitoral https://paulofigueiredoshow.com/carmen-lucia-determina-fim-do-teletrabalho-na-justica-eleitoral/,2026-02-19 17:40:17.249000+00:00,0,1,0,147
politics,"A day after the Washington state Senate approved an income tax on millionaire earners, Gov. Bob Ferguson said he’s still not satisfied with the bill.https://www.kuow.org/stories/tension-rising-over-how-to-spend-revenue-from-proposed-wa-income-tax#KUOW #News #Politics",2026-02-19 17:40:03+00:00,0,0,0,230
politics,"#ConvictedFelonTrump launches his fake, corrupt ""Bored of Peace"" with a threat of war with Iran. Talk about a hoax, fake news, double think, and don't believe your eyes and ears! #Politics",2026-02-19 17:39:24+00:00,0,0,0,204
politics,Michigan Republican Gubernatorial Candidate Criticized for Remarks Referencing ‘Treason’ and Public Hanging📰 Original title: Michigan Governor Candidate Accused of Promoting Violence With “Treason” Hanging Threat🤖 IA: It's not clickbait ✅👥 Usuarios: It's not clickbait ✅View full AI summary: https://killbait.com/en/michigan-republican-gubernatorial-candidate-criticized-for-remarks-referencing-treason-and-public-hanging/?redirpost=02aca657-c527-42c8-bf42-80f1a872db1a#politics #michigan #politicalviolence #republicanprimary,2026-02-19 17:38:10.014000+00:00,0,0,0,1
politics,Some might find it ironic that Yvette Cooper (as Foreign Secretary) is arguing that a couple who were on a motorbike tour of Iran & have been jailed for spying (for ten years) is'completely appalling and totally unjustifiable'.... when as Home Secretary she proscribed Palestine Action (a decision now in some doubt after judicial review) which involved the prosecution of peaceful protestors under the Terrorism Act.#politics h/t FT,2026-02-19 17:34:28+00:00,21,19,1,7899
politics,"Democrats target bridge owner Moroun in expanding probe of Trump's threatsDemocrats in Washington are expanding their probe into the circumstances around U.S. President Donald Trump's  recent threat to block  the opening of the new Gordie Howe bridge connecting Windsor, Ont., and Detroit. #politics #investigation #Washington #Windsor #Detroit https://www.cbc.ca/news/canada/windsor/trump-moroun-bridge-gordie-howe-ambassador-lutnick-block-9.7096154?cmp=rss",2026-02-19 17:34:10+00:00,0,0,0,40
politics,"Trump-appointed panel approves White House ballroom project
https://sh.itjust.works/post/55592538",2026-02-19 17:33:44.437000+00:00,0,1,1,3
politics,"#Politics #GOP #TrumpIsAFascist #TrumpIsAPedophile#England has a terrible, bloody history. Africa, India, Scotland, Ireland, name a country and England has been oppressive and shitty to it.And yet, English police have arrested #AndrewMountbattenWindsor for his actions in connection with #JeffreyEpstein. First arrest of a royal in 400 years. /1",2026-02-19 17:33:06+00:00,7,13,2,240
politics,"Trump's White House ballroom design approved by panel made up of his appointees
https://web.brid.gy/r/https://www.10tv.com/article/news/nation-world/trump-white-house-ballroom-design-approved-overwhelmingly-negative-public-comment/507-487e8dd3-2957-4715-a08b-b819d70f27f5",2026-02-19 17:31:36+00:00,0,1,0,32
politics,JD Vance HUMILIATES Trump in front of ENTIRE WORLD. Via @adammockler #Politics 🇺🇸 🗳️JD Vance HUMILIATES Trump in f...,2026-02-19 17:30:10.457000+00:00,0,0,0,79
politics,Trump-Appointed Federal Commission Speeds Through Approval Of Massive New White House Ballroom#News #Politics #Comcast #CommissiononFineArts #DonaldTrump #EastWing #ElectionLine #WhiteHouse #WhiteHouseballroomhttps://deadline.com/2026/02/trump-white-house-ballroom-approved-1236729398/,2026-02-19 17:25:05.221000+00:00,0,0,0,931
politics,"Husband of Rep. Tony Gonzales Aide Who Fatally Set Herself on Fire Claims Politician 'Abused His Power' as He Speaks About Alleged Affair
https://fed.brid.gy/r/https://people.com/husband-rep-tony-gonzales-aide-who-fatally-set-herself-on-fire-says-politician-abused-his-power-alleged-affair-11909573",2026-02-19 16:51:51+00:00,0,1,0,322
politics,#Paulofigueiredo #direita #politica #noticias #politics Frentes cristãs no Congresso repudiam ala de desfile em homenagem a Lula https://paulofigueiredoshow.com/frentes-cristas-no-congresso-repudiam-ala-de-desfile-em-homenagem-a-lula/,2026-02-19 17:19:15.531000+00:00,0,1,0,147
politics,Kumba Iron Ore going greener with solar on waste rock dump plus wheeling initiative https://www.polity.org.za/article/kumba-iron-ore-going-greener-with-solar-on-waste-rock-dump-plus-wheeling-initiative-2026-02-19#Polity #News #Policy #Politics #Governance #Africa #SouthAfrica,2026-02-19 17:18:16+00:00,0,0,0,17
politics,"Catalonia lives forever within us
https://piefed.social/c/historymemes/p/1795747/catalonia-lives-forever-within-us",2026-02-19 17:13:41.431000+00:00,0,3,4,56
politics,"'No expense has been spared': Inside a luxury jet DHS wants to buy for deportations
https://lemmy.world/post/43335066",2026-02-19 17:12:39.887000+00:00,0,2,8,1
politics,#gazetadobrasil #jornalismo #noticias #politics Lula prega união global contra ‘dominação tecnológica’ e propõe regulação internacional da IA sob o comando da ONU https://gazetabrasil.com.br/politica/2026/02/19/lula-prega-uniao-global-contra-dominacao-tecnologica-e-propoe-regulacao-internacional-da-ia-sob-o-comando-da-onu/,2026-02-19 17:11:17.014000+00:00,0,0,0,147
politics,Catalonia lives forever within us,2026-02-19 17:10:56.795000+00:00,0,1,0,56
politics,People take for granted that land has to be owned by someone. But it wasn't always like this.#philosophy #politics #Capitalism #Land https://open.substack.com/pub/billhulet/p/land-ownership-part-two?r=4ot1q2&utm_campaign=post&utm_medium=web&showWelcomeOnShare=true,2026-02-19 17:08:15+00:00,0,2,0,125
politics,#news #politics #princeandrew #epstein #epsteinfiles #pedophile #trump #elonmusk,2026-02-19 17:05:03.781000+00:00,15,9,1,10150
politics,"No one is safe from #Trump.  I'd hoped the #ICC would be able to arrest him, but instead, he's attacking its members. #usa #politics #TrumpCrimeSyndicate https://www.theguardian.com/law/2026/feb/18/international-criminal-court-icc-judges-trump-sanctions",2026-02-19 17:02:11+00:00,1,2,0,368
politics,Trump STRUGGLES to read. Via @keithedwards #Politics 🇺🇸 🗳️Trump STRUGGLES to read,2026-02-19 17:00:06.358000+00:00,0,0,0,79
politics,#Paulofigueiredo #direita #politica #noticias #politics Planalto minimiza impacto negativo de desfile com homenagem a Lula https://paulofigueiredoshow.com/planalto-minimiza-impacto-negativo-de-desfile-com-homenagem-a-lula/,2026-02-19 17:00:18.061000+00:00,0,1,0,147
politics,"Ohio lawmakers push tougher penalties after crossing guard hit, driver fined just $48 - David Rees",2026-02-19 17:00:02+00:00,0,0,0,70
politics,I’d like to thank the #Mastodon community for advising me that creating my own website was superior to Substack. #Politics #journalism #gambling,2026-02-19 16:58:38+00:00,2,4,1,117
politics,"USA: Dwa słowa na Facebooku zniszczyły 14-letnią karierę nauczyciela

Nauczyciel z Chicago zwolniony za poparcie dla ICE w sieci

Stracił wszystko: stanowisko, reputację i całe zawodowe życie

⬇️Więcej w artykule⬇️
cynicy.pl/usa-dwa-slow...
#polityka #PoliticsUSA: Dwa słowa na Facebooku zn...",2026-02-19 16:50:02.598000+00:00,0,0,0,8
politics,"New DHS memo outlines plan to detain refugees for further vetting
https://slrpnk.net/post/34317700",2026-02-19 16:49:52.019000+00:00,0,2,0,11
politics,🇺🇸 Who’s really paying for political messages in Alaska? The Supreme Court just drew a hard line and it affects every voter. Don’t miss this: https://tinyurl.com/2t55h8bn#Transparency #AlaskaVotes #RCV #Alaska #Politics #RankedChoiceVoting #AlaskaPolicyForum #Elections #Democracy #Vote,2026-02-19 16:47:04.152000+00:00,0,1,0,65
politics,A Tory giving a lesson to Tories. Who woulda thunk it?Top KC brands Tories 'shameful' over Lord Advocate 'corruption' claimhttps://www.thenational.scot/news/25868083.top-kc-brands-tories-disgraceful-lord-advocate-corruption-dig/#JohnSwinney #LordAdvocate #SNP #PeterMurrell #Scotland #Politics #Tories #Holyrood,2026-02-19 16:46:22+00:00,0,1,0,163
politics,"#Paulofigueiredo #direita #politica #noticias #politics Se você é cristão, você PRECISA assistir a esse vídeo! https://www.youtube.com/watch?v=E4q_kuv3FjU",2026-02-19 16:46:08.581000+00:00,0,1,0,147
politics,"""Suspicion of misconduct in public office"" is a start, but when does the pedophilia enter in to it? #Andrew #Epstein #politics",2026-02-19 16:43:02+00:00,3,1,0,588
politics,Russia Putin says U.S. oil blockade on Cuba is unacceptableRussian President Vladimir Putin greets Cuban Foreign Minister Bruno Rodriguez Parrilla during their meeting at the Senate Palace…#NewsBeep #News #Headlines #businessnews #Cuba #DonaldTrump #donald-j-trump #NicolasMaduro #Politics #Russia #UnitedStates #Venezuela #VladimirPutin #World #worldeconomyhttps://www.newsbeep.com/401989/,2026-02-19 16:40:23+00:00,0,2,0,219
politics,Trump Approval Ratings Reach Record Low in Second Term Amid Decline Among Independents📰 Original title: Trump's Approval Ratings Plummet to Historic Lows🤖 IA: It's clickbait ⚠️👥 Usuarios: It's clickbait ⚠️View full AI summary: https://killbait.com/en/trump-approval-ratings-reach-record-low-in-second-term-amid-decline-among-independents/?redirpost=74660393-d9e2-413a-b818-7907b2af3d6e#politics #trump #approvalratings #polls,2026-02-19 16:36:31.444000+00:00,0,0,0,1
politics,"""Don't blame rich paedophiles for your poverty, blame The Other!"" - Western Politics #EpsteinClass #Politics #ClanOfPaedophiles #NoBillionaires #EatTheRich",2026-02-19 16:33:03.981000+00:00,0,1,0,4236
politics,"Our top story: Protesting, wearing black clothing, owning zines, guns, or first aid kits. Using the encrypted messaging app Signal. The federal government is using all these activities to build a so-called ""antifa"" conspiracy case. https://www.texasobserver.org/antifa-scare-prairieland-19-trial-ice-detention/ #FreeSpeech #activism #politics #USpol #news #Texas #NorthTexas",2026-02-19 16:30:07+00:00,5,27,1,19509
politics,Karoline GIVES UP as her Friend GETS FIRED. Via @adammockler #Politics 🇺🇸 🗳️   youtu.be/RYTvf2GkhGY?...Karoline GIVES UP as her Frien...,2026-02-19 16:20:04.810000+00:00,0,1,0,79
politics,Many Democratitc governors are rising as top contenders for their party’s 2028 presidential nomination. One reason: They found ways to fight back against the Trump administration. #politics #trump #democrats #governors https://www.csmonitor.com/USA/Politics/2026/0219/governors-newsom-pritzker-moore-trump,2026-02-19 16:17:26.155000+00:00,0,2,0,27
politics,"As U.S. governors convene in Washington this week, many Democrats among them will be in the spotlight as top contenders for their party’s 2028 presidential nomination. One reason: They found ways to fight back against the Trump administration. #politics #trump #democrats #governorshttps://www.csmonitor.com/USA/Politics/2026/0219/governors-newsom-pritzker-moore-trump?utm_source=flipboard&utm_medium=activitypub Posted into Now What? @now-what-csmonitor",2026-02-19 16:15:10+00:00,0,4,0,22484
politics,"When a ""workers"" party takes marching orders from foreign autocrats...
https://piefed.social/c/historymemes/p/1795534/when-a-workers-party-takes-marching-orders-from-foreign-autocrats",2026-02-19 16:16:22.631000+00:00,1,3,0,56
politics,"When a ""workers"" party takes marching orders from foreign autocrats...",2026-02-19 16:15:33.293000+00:00,0,2,0,56
politics,"After Colbert-CBS Rift, Interview With Texas Senate Candidate James Talarico Draws 85M Views Across YouTube & Social#News #Politics #CBS #DonaldTrumo #FCC #JamesTalarico #LateNight #StephenColbert #TheLateShowWithStephenColberthttps://deadline.com/2026/02/stephen-colbert-cbs-james-talarico-interview-views-youtube-social-1236729257/",2026-02-19 16:15:16.561000+00:00,0,0,0,931
politics,"Prime Minister Sanae Takaichi plans to eliminate the 8% consumption tax on groceries for two years, fulfilling her campaign pledge, but delivering the cut won’t be so simple. https://www.japantimes.co.jp/news/2026/02/19/japan/politics/takaichi-consumption-tax/?utm_medium=Social&utm_source=mastodon #japan #politics #sanaetakaichi #taxes #consumptiontax #cra #dpp #socialwelfare",2026-02-19 16:15:06.581000+00:00,0,1,0,5873
politics,"#politics #cryptocurrency #IRS #MoneyLaundering 'Even before the recent reductions, the IRS struggled to oversee dirty money in the fast-growing crypto sector, according to experts. 'https://www.icij.org/investigations/coin-laundry/as-crypto-industry-expands-u-s-slashes-office-examining-dirty-money-safeguards-of-cryptocurrency-exchanges/",2026-02-19 16:13:47+00:00,0,3,0,3389
politics,"ICIJ: As crypto industry expands, U.S. slashes office examining dirty money safeguards of cryptocurrency exchanges. “The cuts weaken the anti-money laundering watchdog’s office within the U.S. Internal Revenue Service, which is tasked with overseeing protections against dirty money in crypto exchanges and other firms registered as so-called money service businesses. Even before the recent […]
https://rbfirehose.com/2026/02/19/icij-as-crypto-industry-expands-u-s-slashes-office-examining-dirty-money-safeguards-of-cryptocurrency-exchanges/",2026-02-19 16:13:08+00:00,0,0,0,187
politics,"This mercantile approach carries two critical risks:- First, #RussiaAggression against #Ukraine does not stem from an economic rivalry. Talking business with Russia is not a solution- Second, the suggestion that #business relationships pave the way to better #politics is deeply flawed. It hasn’t worked between the West and Russia over the past thirty years and is even less likely to work today.https://kyivindependent.com/are-dollars-replacing-diplomacy-in-us-russia-talks/#ComradeKrasnov #Trump #traitor #TrumpIsARussianAsset #dictators[2/2]",2026-02-19 16:11:28+00:00,0,1,0,530
politics,Meloni blasts Macron in spat over killing of French far-right activist https://www.politico.eu/article/giorgia-meloni-hits-back-emmanuel-macron-new-spat-killing-of-far-right-activist/?utm_source=RSS_Feed&utm_medium=RSS&utm_campaign=RSS_Syndication #Italianpolitics #Frenchpolitics #ForeignAffairs #Farright #Politics #Farleft,2026-02-19 16:09:11.252000+00:00,0,0,0,2047
politics,"TACO Trump... Trump says Iran has 10 days to make a deal or ""bad things"" will happen.#AureFreePress #News #press #headline #GOP #Politics #uspolitics #uspol",2026-02-19 16:09:02+00:00,1,3,1,12846
politics,"#Palantir, Which Is Powering #ICE, Says Immigration Crackdown May Hurt Hiring In other news, HAHAHAHAHAHAHAHAHAhttps://www.404media.co/palantir-which-is-powering-ice-says-immigration-crackdown-may-hurt-hiring/#news #politics #uspol #uspolitics #GOPCult #trump #ethics #corruption #maga",2026-02-19 16:09:01.119000+00:00,11,11,1,10150
politics,New on Iceman’s #Blog 1.0 ♺07 Violencehttp://icemanfr.sdf.org/2026/07.html#politics #france #fascism,2026-02-19 16:08:22.761000+00:00,0,2,0,277
politics,"""Andrew Mountbatten Windsor, the former UK prince and younger brother of King Charles, has been arrested on suspicion of misconduct in public office as police investigate claims he shared confidential trade secrets with convicted sex-offender Jeffrey Epstein.""[Andrew, If you were to turn state's evidence and help convict Taco, we could get you transferred from The Tower of London to the prison cell next door to Ghislaine Maxwell.]#Mastodon #Thursday #Andrew #EpsteinFiles #sarcasm #politics",2026-02-19 16:08:12+00:00,2,2,0,348
politics,UK blocks Trump from using British bases for strikes on Iran.#AureFreePress #News #press #headline #GOP #Politics #uspolitics #uspol #UK,2026-02-19 16:07:16+00:00,14,9,1,12846
politics,#andrew has finally been arrested! Now we can get justice for #virginia! #uk #news #Politics,2026-02-19 16:06:43+00:00,0,1,0,270
politics,"🇺🇸🇬🇧 Belarus frees opposition leader Mikola Statkevich after 11.5 yearsBialiatski and Kalesnikava were among 123 prisoners released by Lukashenko in December after negotiations with an envoy for U.S. President Donald ⁠Trump. In return, Washington lifted its sanctions on Belarusian potash, a key export, though ... Per Wtaq News Talk.#Belarus #Politics #Economy",2026-02-19 16:05:33.803000+00:00,0,0,0,2
politics,"Facing growing backlash, the Trump administration now says it will NOT release any more Epstein files — even though more than HALF of the 6 million documents remain sealed.Pam Bondi claims the DOJ is “done.” #news #politics #Trump #Epstein",2026-02-19 16:04:28+00:00,0,1,0,474
politics,"Trump Order Aims to Boost Weedkiller Targeted in Health Lawsuits
https://slrpnk.net/post/34316623",2026-02-19 16:02:25.515000+00:00,0,1,0,11
politics,"Don't tell me that Nicuşor Dan is actually thinking of joining Trump's Board of Peace too? 😭😭😭😭😭(I mean he's just observing and apparently giving a speech there, but STILL)https://stirileprotv.ro/stiri/politic/nicusor-dan-participa-azi-la-consiliul-pentru-pace-de-la-washington-romania-merge-ca-observator-la-ini-iativa-lui-trump.html#News #BoardOfPeace #DonaldTrump #NicusorDan #USA #Romania #USpol #ROpol #Politics",2026-02-19 16:00:11+00:00,0,0,0,48
politics,"3rd recall petition against Alberta MLAs comes up short, another withdrawnA third recall petition against a member of Alberta's legislature has failed, while another has been withdrawn.#politics #recall #Alberta https://www.cbc.ca/news/canada/calgary/3rd-recall-petition-against-alberta-mlas-comes-up-short-another-withdrawn-9.7097242?cmp=rss",2026-02-19 15:58:15+00:00,0,0,0,78
politics,This is definitely not something a pedo would say …. …#politics #uspolitics #bbc #news #trump #DonaldTrump #gop #republicans #MAGA #uspol #uspolitics #epstein #epsteinfiles #epsteinlist #releasetheepsteinfiles #ice #TrumpIsAPedo #TrumpIsAPedo #trumpisarapist #DementiaDon #trumpisanonce #ice,2026-02-19 15:56:46+00:00,0,5,2,585
politics,"U2 - American Obituary (Lyric Video)https://www.youtube.com/watch?v=Y3ziTSYyook""America will riseAgainst the people of the lie”""U2 has release[d] a song: American Obituary”, #DailyKos https://www.dailykos.com/stories/2026/2/19/2369411/-U2-has-release-a-song-AmericanObituary#U2 #Protest #Music #AmericanObituary #Politics #ICE #Trump #DefundICE #NoKings",2026-02-19 15:53:14+00:00,0,5,0,335
politics,"NOW ON VERDANT SQUARE RADIO == NOW PLAYING ==  ""Prince Andrew Is A Sweaty Nonce"" (allegedly)https://www.youtube.com/watch?v=DFu8P7teOt8#arts #music #commentary #uk #politics #AndrewMountbattenWindsor #PrinceAndrew #epsteinFiles #epstein #satire #vsn #SupportIndependentMediahttps://mastodon.social/@VerdantSquareRadio/116097835364048591 #news #arts #left #commentary #radio #publicradio #community #progressive #green #kyndmix #vsn #DiverseSpectrumOfTheLeft #SupportIndependentMedia",2026-02-19 15:52:13+00:00,0,2,0,72
politics,"ENOUGH. GENUG! RAUM der RUHE und REFLEXION für FLINTA*
GEDOK Künstlerinnenforum, Monday, March 9 at 01:00 PM GMT+1Feministische Aktionswochen Karlsruhe 2026Montag, 09.03.2026, 13 bis 18 Uhr im GEDOK KünstlerinnenforumENOUGH. GENUG! RAUM der RUHE und REFLEXION für FLINTA*Vernetzungsaktion und interdisziplinäre Installation von und mitUrsula Zetzmann und Ute ReisnerZeitgleich und mit künstlerischem und historischem Bezug zum Globalen Frauen*Generalstreik ENOUGH! am Montag, 9. März 2026 gestalten die Schauspielerin und Theaterpädagogin Ursula Zetzmann und die Klangkünstlerin und Historikerin Ute Reisner die Räume im Stil einer «WWG» (Weiber-WG) aus den 1970er und 1980er Jahren.Es liegen Bücher und Flyer mit damaligen und immer noch aktuellen Forderungen der neuen Frauen- und Lesbenbewegung aus, Musikkassetten und Schallplatten von feministischen Bands und Musikerinnen und politische Plakate regen zum Lesen, Nachdenken und zu Gesprächen am Küchentisch an. Ute Reisner vermittelt Einblicke in den Entstehungsprozess ihres musikalischen Hörspiels, das auf Zeitzeuginneninterviews zur Lesben*geschichte der 1950er bis 1980er Jahre in Baden-Württemberg basiert. Die Hördokumentation entsteht im Rahmen des Forschungsprojekts „Zwischen Unsichtbarkeit, Repression und lesbischer Emanzipation. Frauenliebende* Frauen im deutschen Südwesten 1945 bis 1980er Jahre‟ [BLOG lesbenwelt.hypotheses.org/]Weitere Informationen zur Aktion und zu den Künstlerinnen auf der GEDOK-WebsiteAktuell >> Enough. Genug www.gedok-karlsruhe.de/enough-genug*Willkommen sind alle interessierten Menschen. Wir freuen uns auf Sie und Euch.Eintritt frei, Spenden willkommenFoto: Luzia Frauenbuchladen, Schaufenster 1987, Fotos © SabineZürn, Collage © contentartMit freundlicher Unterstützung der Stadt Karlsruhe.GEDOK Künstlerinnenforum KarlsruheMarkgrafenstr.14 (Ecke Fritz-Erler-Str.), 76131 Karlsruhe, Haltestelle: Kronenplatzwww.gedok-karlsruhe.de / gedok-karlsruhe@online.de / Fon: +49 (0) 721 / 37 41 37
https://keepkarlsruheboring.org/event/enough-genug-raum-der-ruhe-und-reflexion-fur-flinta",2026-02-19 15:51:51+00:00,0,0,0,27
politics,"Time to call our reps and keep calling.  (thanks to https://www.5calls.org/ )* (Federal and State) Publicly investigate the figures in the Epstein files and make sure the despicable Pam Bondi is fired or removed.* Keep ICE out of our DMV data.* (Senate) Oppose the SAVE act.* Defund ICE, take away their Slush fund, stop their assaults.* Impeach Kristi Noem, fire Stephen Miller, shut down ICE, and investigate.Find your rep: https://www.house.gov/representatives/find-your-representativeSenators:Schiff: 202-224-3841Padilla: 202-224-3553 (Fresno 559-497-5109 and Sacramento 916-448-2787)Governor Newsom: 916-445-2841#politics #democrats #democracy #California #santaclara #USPol #CAPol",2026-02-19 15:48:35+00:00,0,6,0,285
politics,"Everybody Hates Cory

Over the past few months, I have spoken to over a dozen people who know Rep. Cory Mills. Nearly everyone, I found, dislikes him. Some outright despise him: “repulsive and vile,” “schmuck,” “little bitch.” Others were more formal. “I have no use for people with no honor,” an Idaho firearms instructor who worked with Mills […]

https://murica.website/2026/02/everybody-hates-cory/",2026-02-19 15:11:36+00:00,0,0,0,88
politics,"5 Takeaways From Our Investigation Into Congressman Cory Mills

Over the past few months, I’ve spoken to more than a dozen people who know Rep. Cory Mills, watched hours of court testimony, and reviewed hundreds of pages of public records to piece together the rise of a Florida Republican now plagued by numerous scandals. What I heard and saw was often shocking. To a […]

https://murica.website/2026/02/5-takeaways-from-our-investigation-into-congressman-cory-mills/",2026-02-19 15:11:45+00:00,0,2,0,88
politics,Buttigieg endorses Jauregui for Lt. Governor. Via @kolo8newsnow #TeamPete #PeteButtigieg #Politics 🇺🇸 🗳️Buttigieg endorses Jauregui fo...,2026-02-19 15:45:10.605000+00:00,0,2,0,79
politics,Is this a nation-state startup seed round? “President Donald Trump announced Thursday at the inaugural Board of Peace meeting that nine members of the body have agreed to pledge $7 billion toward a Gaza relief package and that five countries have agreed to deploy troops to take part in an international stabilization force to the war-battered Palestinian territory.”🤮 😡 #Politics#boardofpeacehttps://apnews.com/article/trump-board-of-peace-first-meeting-22e587df67e27cd1e1d96e446cb88378,2026-02-19 15:43:21+00:00,1,1,0,18
politics,Parly committee flags ARV imports by companies listed as local https://www.polity.org.za/article/parly-committee-flags-arv-imports-by-companies-listed-as-local-2026-02-19#Polity #News #Policy #Politics #Governance #Africa #SouthAfrica,2026-02-19 15:39:49+00:00,0,0,0,17
politics,"Trump Says Climate Repeal Saves $1.3 Trillion. The EPA’s Math Differs | The agency’s own cost-benefit assessment for revoking the endangerment finding points to steep costs that may outweigh savings
https://slrpnk.net/post/34315596",2026-02-19 15:37:41.129000+00:00,0,1,3,11
politics,Kumba Iron Ore investing R11.2-billion in ‘exciting’ waste-to-premium-product project https://www.polity.org.za/article/kumba-iron-ore-investing-r112-billion-in-exciting-waste-to-premium-product-project-2026-02-19#Polity #News #Policy #Politics #Governance #Africa #SouthAfrica,2026-02-19 15:34:39+00:00,0,0,0,17
politics,Independent transmission company ‘one of most important reforms in country’s history’ https://www.polity.org.za/article/independent-transmission-company-one-of-most-important-reforms-in-countrys-history-2026-02-19#Polity #News #Policy #Politics #Governance #Africa #SouthAfrica,2026-02-19 15:29:17+00:00,0,0,0,17
politics,#gazetadobrasil #jornalismo #noticias #politics Greve geral na Argentina paralisa voos em Guarulhos e afeta centenas de passageiros https://gazetabrasil.com.br/brasil/sao-paulo-brasil/2026/02/19/greve-geral-na-argentina-paralisa-voos-em-guarulhos-e-afeta-centenas-de-passageiros/,2026-02-19 15:29:12.312000+00:00,0,1,0,147
politics,"If China were an actual democracy, I don’t think I would mind it becoming the next superpower. But unfortunately, China is very anti-democratic, and any elections it holds are just meant to validate its one-party rule. China is also not great when it comes to freedom of speech.I’m speaking as an American who is watching his own government attempt to imitate China. That is not something we should aspire to be like, and yet, here we are.#China #CCP #Usa #UnitedStates #America #Politics",2026-02-19 15:28:15.623000+00:00,0,1,0,10
politics,https://www.faz.net/aktuell/gesellschaft/kriminalitaet/ex-prinz-andrew-in-verbindung-mit-epstein-akten-festgenommen-accg-200554094.html#Andrew im April 2025#EpsteinKontakte:Hat Andrew #Regierungsinterna verraten?#Abgründe der #globalenElite:Die #EpsteinVerschwörungNach #Epstein-Veröffentlichung:#BillGates sagt Rede bei KI-Gipfel ab #CRISPR_rEvolution #Hanfgeschichten #Cannabis #warondrugs #Trump #Faschismus #Eugenik #Vergewaltigung #Erpressung #Trauma #Vertuschung #verschleierung #Drogenpolitik #Geldwäsche #FinCENFiles #SystemProhibition #politics #SPD #CSU #CDU #DIELINKE #UnrechtimRecht,2026-02-19 15:25:48.638000+00:00,1,0,0,955
politics,Farage’s Fab Four - will Jenrick end Reform’s ‘one man band’ – Politics Weekly https://www.theguardian.com/politics/audio/2026/feb/19/farages-fab-four-will-jenrick-end-reforms-one-man-band-politics-weekly #Politics #UkNews #ReformUk #NigelFarage #RobertJenrick #SuellaBraverman #Labour #KeirStarmer,2026-02-19 15:24:11+00:00,0,1,0,244
politics,"Trump heads to Georgia as Republicans look for midterm boostATLANTA (AP) — He is weighing military action against Iran, leading an aggressive immigration crackdown, and te…#NewsBeep #News #Headlines #2026elections #APTopNews #ClayFuller #DonaldTrump #Elections #GAStateWire #Generalnews #Georgia #Iran #JoeBiden #KarolineLeavitt #MarjorieTaylorGreene #Politics #ShawnHarris #U.S.DemocraticParty #U.S.news #U.S.RepublicanParty #UnitedStates #Us #USA #Washingtonnewshttps://www.newsbeep.com/401900/",2026-02-19 15:20:11+00:00,0,0,0,219
politics,https://www.walknews.com/1211373/ 下院パネルディスカッション：ウェクスナー氏がエプスタイン氏に「約10億ドル」を贈呈 #Politics #U.S.Politics #UnitedStates,2026-02-19 15:16:35+00:00,0,1,0,193
politics,THIS SH*T JUST LEAKED ABOUT LINDSEY GRAHAM! Via @lukebeasleyofficial #Politics 🇺🇸 🗳️   youtu.be/_1vmKtFD264?...THIS SH*T JUST LEAKED ABOUT LI...,2026-02-19 15:15:18.745000+00:00,0,1,0,79
politics,"As ICE Buys Up Warehouses, Even Some Trump Voters Say No
https://slrpnk.net/post/34315079",2026-02-19 15:12:10.193000+00:00,0,1,5,11
politics,https://www.wacoca.com/news/2772227/ 下院パネルディスカッション：ウェクスナー氏がエプスタイン氏に「約10億ドル」を贈呈 #politics #USPolitics #UnitedStates #UnitedStatesPolitics,2026-02-19 15:10:10+00:00,0,1,0,278
politics,"‘One in, one out’: what has happened to asylum seekers forced to return to France? https://www.theguardian.com/uk-news/2026/feb/19/one-in-one-out-what-has-happened-to-asylum-seekers-forced-to-return-to-france #ImmigrationAndAsylum #HomeOffice #France #Migration #UkNews #Politics #WorldNews",2026-02-19 15:09:49+00:00,0,1,0,244
politics,"I'm not going to go so far as to say that everyone who voted for Trump in 2024 knew this and did it anyway, because echo chambers and all that, but certainly every GOP member of Congress knows it at this point, and their failure to impeach and convict Trump is beyond disgusting. In their sycophantic desire to cling to power that have completely rejected both morality and democracy.#politics #USPol",2026-02-19 15:01:55+00:00,6,3,0,3074
politics,"I'm guessing that if the police in the U.K. felt they could justify arresting the king's brother, they've probably seen the videos, and they're not good.This makes it even clearer that when Democratic lawmakers in D.C. say without equivocation that Donald Trump raped girls, they've seen concrete, indisputable evidence of that.#politics #UKPol #USPol",2026-02-19 15:01:31+00:00,4,4,1,3074
politics,"“[GOP] messaging is totally out of sync with people when the main question is: ‘Are you financially better off now than you were before?’ And the answer for almost every single West Texas that’s not an oil billionaire is that, ‘No, we’re not better off.’” https://www.texasobserver.org/texas-labor-candidates-run-for-office/ #unions #labor #politics #USpol #news #Democrats #Texas",2026-02-19 15:00:27+00:00,3,9,0,19509
politics,Vasnic a New Social media site by meWelcome to join and post about anything!https://vasnic.wtnet9.site#art #music #videogames #news #space #religions #science #politics,2026-02-19 14:58:30.997000+00:00,0,3,0,23
politics,Advisory firm co-founded by Peter Mandelson to close after Epstein scandal https://www.politico.eu/article/advisory-firm-global-counsel-co-founded-uk-peter-mandelson-close-after-jeffrey-epstein-scandal/?utm_source=RSS_Feed&utm_medium=RSS&utm_campaign=RSS_Syndication #publicaffairs #Regulatory #Politics,2026-02-19 14:49:10.037000+00:00,0,1,0,2047
politics,"NOW PLAYING ==  ""Prince Andrew Is A Sweaty Nonce"" (allegedly)https://www.youtube.com/watch?v=DFu8P7teOt8#arts #music #commentary #uk #politics #AndrewMountbattenWindsor #PrinceAndrew #epsteinFiles #epstein #satire #vsn #SupportIndependentMedia",2026-02-19 14:46:20.466000+00:00,0,0,0,55
politics,"Newly elected Centrist Reform Alliance chief Junya Ogawa does not see his party as a brake for the ruling coalition of Prime Minister Sanae Takaichi, but as an entirely separate vehicle altogether. https://www.japantimes.co.jp/news/2026/02/19/japan/politics/cra-ogawa-rebuild/?utm_medium=Social&utm_source=mastodon #japan #politics #cra #junyaogawa #2026lowerhouseelection #cdp #komeito",2026-02-19 14:45:04.496000+00:00,1,2,0,5873
politics,"#gazetadopovo #esquerda #direita #politics Moraes, dinheiro e o problema moral do Judiciário / PENSAÍ https://www.youtube.com/watch?v=pJXEhOQ7WQc",2026-02-19 14:42:14.599000+00:00,0,1,0,147
politics,🚨Trump’s HEALTH CRASHES as Files EXPOSE 2019 SICKNESS!! Via @meidastouch #Politics 🇺🇸 🗳️  youtu.be/uv8_JSD_nNw?...🚨Trump’s HEALTH CRASHES as Fil...,2026-02-19 14:40:01.372000+00:00,0,1,0,79
politics,"Dear Kristi Noem: you’re tracking down ICE critics? I’m one of them | Robert Reich
https://beehaw.org/post/24847775",2026-02-19 14:40:10.427000+00:00,0,2,2,1
politics,Christine Lagarde: Is central bank independence at risk?Speculation is mounting over the European Central Bank's leadership after a report suggested Christine Lagarde may step down early.The possibility is already stirring debate about politics and central bank independence.https://mediafaro.org/article/20260219-christine-lagarde-is-central-bank-independence-at-risk?mf_channel=mastodon&action=forward#EuropeanCentralBank #ChristineLagarde #Politics #Economy #CentralBank #France,2026-02-19 14:37:25+00:00,0,1,0,147
politics,"U.S. district judge holds DOJ support-JAGoff in civil contempt at $500/day for failing to follow her orders. Was that so hard? Ctrl-C, Ctrl-V across the country let's gooohttps://bsky.app/profile/reichlinmelnick.bsky.social/post/3mf675wcw3226?utm_source=fark&utm_medium=website&utm_content=link&utm_campaign=fark&ICID=ref_fark#politics #spiffy #USA",2026-02-19 14:32:48+00:00,0,1,0,386
politics,#gazetadobrasil #jornalismo #noticias #politics Risco de temporais e ventos de 50 km/h: saiba como fica o tempo na sua região nesta quinta https://gazetabrasil.com.br/brasil/2026/02/19/risco-de-temporais-e-ventos-de-50-km-h-saiba-como-fica-o-tempo-na-sua-regiao-nesta-quinta/,2026-02-19 14:30:18.594000+00:00,0,1,0,147
politics,"RE: https://mastodon.social/@CampodeJuncos/115949819604364772Bueno, siempre hemos sabido que en el Fin del Mundo había sorpresa.#minneapolis #ice #Gaza #Genocidio #Palestina #Groenlandia #Nuuk #unioneuropea #usa #canada #Venezuela #trump #fediverse #space #science #mathematics #books #music #politica #noticias #capitalismo #estadodederecho #democracia #europa #PeriodismoGonzo #DerechosHumanos #planetatierra #rural #texas #GreatLakes #trans #LGBTQIA+ #transphobia #politics #culture #elections #ElonMusk #UnitedStates #America #USANews #Canada #Green",2026-02-19 14:30:05.365000+00:00,0,2,0,29
politics,"Guess what grifting, right wing lunatic has (as they all Pretend to do) found god !!!!……….#brexit #tory #tories #toryscum #politics #ukpolitics #bbc #news #EU #Labour #keirstarmer #Starmer #labourparty #RejoinEU #ReformUK #farage #nigelfarage #immigration #farageisalyingsackshit #ReformAreUseless #farageisaracist #farageisatraitor #LizTruss",2026-02-19 14:29:18+00:00,6,5,2,585
politics,"Für Nazis aller Länder voll blöd: Da wir definitv wissen, dass Fascho-Kacke prinzipiell unendlich viel Leid erzeugt und immer in Katastrophen endet, können wir jetzt schon mal klarstellen, dass es diesmal hinterher keine ""Persilscheine"" geben wird.Ihr sollt vorher wissen, dass ihr nie wieder hinterher  lügen könnt, ihr hättet vorher nix gewusst.https://sg800.blogspot.com/2026/02/nazis-in-noten-die-persilscheine-fur.html#politik #politics #noafd",2026-02-19 14:25:49+00:00,2,2,0,162
politics,"St. Paul City Council passes ordinance prohibiting law enforcement from wearing masks
https://slrpnk.net/post/34313877",2026-02-19 14:25:21.496000+00:00,0,2,3,11
politics,"Many of the same Americans who used to yell until blue in the face that no one should tell people how to vote are now yelling until blue in the face, telling people how to vote. Do they want democracy or don&#39;t they? Democrats used to be absolutely horrified about taking away people&#39;s rights. But they&#39;re perfectly happy now with the idea of taking away the rights of Republicans. Look, people, if you believe in equal punishment under the law, you must believe in equal protection by the law. Otherwise your messages are as hypocritical as anyone else&#39;s. You can&#39;t just pick and choose which aspects of democracy you&#39;re &quot;okay&quot; with.Such is the plight of those under a two-party system. #Politics",2026-02-19 14:21:38+00:00,0,1,0,173
politics,"IRAN TALKS HAVE FAILED! The US has issued an ultimatum to Iran: either curtail the nuclear program or face ""other options"" — Fox News#AureFreePress #News #press #headline #GOP #Politics #uspolitics #uspol #Breaking #BreakingNews #Iran",2026-02-19 14:16:17+00:00,0,1,0,12846
politics,"U2 joins the growing list of musicians rising to this fraught political and social moment with their new song American Obituary #Music #Politics #U2
music.apple.com/us/album/amer...American Obituary by U2 on App...",2026-02-19 14:09:58.785000+00:00,0,0,0,7
politics,U2 joins the growing list of musicians rising to this fraught political and social moment with their new song American Obituary #Music #Politics #U2https://music.apple.com/us/album/american-obituary/1875348241?i=1875348242,2026-02-19 14:10:01.784000+00:00,4,6,0,3463
politics,Children run after ICE spotted at a apartment complex #news #Trump #politics #ICE,2026-02-19 14:07:27+00:00,0,6,0,474
politics,Trump Sending US To War! Six American Boeing E-3B Sentry airborne control and command aircraft (AWACS) have arrived in the Middle East in the last few days - out of 15-16 the US military has.#AureFreePress #News #press #headline #GOP #Politics #uspolitics #uspol #Breaking #BreakingNews #Iran,2026-02-19 14:06:34+00:00,7,15,2,12846
politics,"‘Made in Europe’ EU industrial strategy could hit supply chains, UK minister warns https://www.theguardian.com/world/2026/feb/19/made-in-europe-eu-industrial-strategy-supply-chains-uk-nick-thomas-symonds #EuropeanUnion #TradePolicy #NickThomassymonds #EuropeanCommission #UkNews #Europe #Business #Politics #EconomicPolicy",2026-02-19 14:06:31+00:00,0,1,0,244
politics,"@SsamanMardiEs gibt einige Bots, die automatisiert die aktivsten Toots von Instanzen retooten. Das gibt (zumindest mir) einen ganz nützlichen zusätzlichen Input. Ich folge dafür @hypebot#Fediverse #Mastodon #news #politics #bluesky",2026-02-19 14:04:28+00:00,2,0,1,145
politics,"When evil-doing comes like falling rain, nobody calls out “stop!” When crimes begin to pile up they become invisible. When sufferings become unendurable the cries are no longer heard. The cries, too, fall like rain in summer.   - Bertolt Brecht #politics",2026-02-19 14:00:09+00:00,0,1,0,138
politics,CENTCOM posted this an hour ago...#AureFreePress #News #press #headline #GOP #Politics #uspolitics #uspol #Iran,2026-02-19 13:58:16+00:00,1,3,2,12846
politics,Do I think Trump would start a war with Iran for primarily self-serving political reasons?Yes.Doing I think the arrest of Andrew Mountbatten Windsor increases the likelihood of war with Iran.Yes.#USPol #Politics,2026-02-19 13:57:41+00:00,1,2,0,676
politics,"In Munich, AOC argued that hypocrisy undermines credibility. Building on that, I believe that justice — deserving of the name — demands accountability for anyone who defies international law, and that the next administration should ruthlessly pursue all wrongdoers. https://www.theredoubt.net/the-next-administration-accountability-must-include-palestine/ #israel #palestine #gaza #news #politics",2026-02-19 13:54:41+00:00,4,11,1,953
politics,#gazetadobrasil #jornalismo #noticias #politics PT estuda ação contra distribuição de adesivos pró-Flávio Bolsonaro em Pernambuco feita por ex-ministro https://gazetabrasil.com.br/politica/2026/02/17/pt-estuda-acao-contra-distribuicao-de-adesivos-pro-flavio-bolsonaro-em-pernambuco-feita-por-ex-ministro/,2026-02-19 13:54:10.978000+00:00,1,1,0,147
politics,NOW ON VERDANT SQUARE RADIO == NOW PLAYING ==  The Remix Morning Show 2/19/26: Beautiful Peoplehttps://www.youtube.com/watch?v=rCZ1oqS5Igo #news #culture #uspol #politics #history #BlackMastodon #BlackLiberationMedia #JacquelineLuqman #BlackHistoryMonth #BlackLivesMatter #radio #vsn #progressive #left #DiverseSpectrumOfTheLeft #SupportIndependentMedia #Resisthttps://mastodon.social/@VerdantSquareRadio/116097424586213419 #news #arts #left #commentary #radio #publicradio,2026-02-19 13:52:13+00:00,0,5,0,72
politics,"Ukrainian soldiers, defending #Ukraine, are shooting Russian soldiers. That is not news. What is news is that Russian soldiers are also shooting Russian soldiers: https://www.nytimes.com/2026/02/19/world/europe/russia-military-corruption.html #military #corruption #politics copy: @renewedresistance",2026-02-19 13:50:03.516000+00:00,1,7,0,674
politics,Rand Water given thumbs up to abstract more water from Vaal to stabilise Gauteng’s water supply https://www.polity.org.za/article/rand-water-given-thumbs-up-to-abstract-more-water-from-vaal-to-stabilise-the-gautengs-water-supply-2026-02-19#Polity #News #Policy #Politics #Governance #Africa #SouthAfrica,2026-02-19 13:49:58+00:00,0,0,0,17
politics,"Prince Andrew arrested for ""Misconduct in Public Office""https://www.theguardian.com/uk-news/live/2026/feb/19/police-arrest-former-prince-andrew-mountbatten-windsor-sandringham-latest-updates#politics #EpsteinFiles #USPol #UKPol",2026-02-19 13:48:43+00:00,14,9,2,3074
politics,"British police arrest Andrew Mountbatten-Windsor for his links to pedophile Epstein https://english.elpais.com/international/2026-02-19/british-police-arrest-andrew-mountbatten-windsor-for-his-links-to-pedophile-epstein.html On his birthday! He was just getting ready to blow out the candles, poor wee man ;-) #politics #politician #news #globalnews #conflict #internationalnews #trump #usa #europe #eu #climate #climatechange #environment #democracy #humanrights #cooperation",2026-02-19 13:48:09.732000+00:00,1,0,0,6
politics,IMF proffers suggestions for South Africa’s economy https://www.polity.org.za/article/imf-proffers-suggestions-for-south-africas-economy-2026-02-19#Polity #News #Policy #Politics #Governance #Africa #SouthAfrica,2026-02-19 13:45:03+00:00,0,0,0,17
politics,"His discriminatory policies prove that Trump is not the president of every American: ""The Trump administration is withholding billions of dollars in federal funds for energy-saving programs in blue states while funding similar projects in red states"":  https://www.sfchronicle.com/politics/article/trump-climate-lawsuit-21361256.php copy: @renewedresistance #politics #lawfare",2026-02-19 13:44:03.878000+00:00,1,5,0,674
politics,"Tucker Carlson detained by Israel after meeting with Netanyahu Former Israeli PM Naftali Bennett says Tucker Carlson is a ""Chickenshit"" who has been ""spouting lies about Israel.""#AureFreePress #News #press #headline #Politics #uspolitics #uspol #Israel",2026-02-19 13:41:39+00:00,4,5,0,12846
politics,"Rep. Jamie Raskin Respectfully Disagrees With Trump’s Springsteen ‘Loser’ Diss: ‘America Has No Kings, But We’ve Got One Boss’
https://fed.brid.gy/r/https://www.billboard.com/music/rock/jamie-raskin-responds-trump-springsteen-loser-diss-no-kings-1236182139/",2026-02-19 13:22:13+00:00,1,1,0,211
politics,"Corruption, crime major deterrents to private investors, DA vows to enforce accountability https://www.polity.org.za/article/corruption-crime-major-deterrents-to-private-investors-da-vows-to-enforce-accountability-2026-02-19#Polity #News #Policy #Politics #Governance #Africa #SouthAfrica",2026-02-19 13:39:22+00:00,0,0,0,17
politics,Von der Leyen to visit Greenland as EU shores up Arctic presence https://www.politico.eu/article/ursula-von-der-leyen-confirms-greenland-trip-as-eu-shores-up-arctic-presence/?utm_source=RSS_Feed&utm_medium=RSS&utm_campaign=RSS_Syndication #Transatlanticrelations #EU-USmilitaryties #ForeignAffairs #Climatechange #Competition #Americas #Missions #Security #Shipping #Politics #Defense #NATO,2026-02-19 13:39:09.612000+00:00,0,0,0,2047
politics,"Rs in #Congress , #IMPEACHMENT time HAS ARRIVED!  #AbuseOfPower #SeditiousConspiracy . Stop being #Quislings ! #Politics",2026-02-19 13:38:03+00:00,0,2,0,204
politics,"One day Trump is threatening military action against Greenland. Another day Trump has aircraft carriers moving towards Venezuela, its leader is then kidnapped by Americans, and then Trump sends aircraft carriers moving towards Iran. It seems like Trump is bored of peace. #BoardOfPeace #military #politics",2026-02-19 13:38:03.328000+00:00,1,1,0,674
politics,"The most criminally corrupt #DHS , #CBP & #ICE in history. #Politics",2026-02-19 13:37:19+00:00,0,1,0,204
technology,"The best cheap drone for beginners is now at its lowest-ever price on Amazon: Save 34% on the Potensic Atom SE
https://fed.brid.gy/r/https://www.space.com/technology/drones/the-best-cheap-drone-for-beginners-is-now-at-its-lowest-ever-price-on-amazon-save-34-percent",2026-02-19 17:33:38+00:00,0,0,0,48
technology,Sony Makes Shocking Decision to Shut Down Bluepoint GamesPlayStation Studio axed.https://www.pushsquare.com/news/2026/02/sony-makes-shocking-decision-to-shut-down-bluepoint-games#Sony #Playstation #BluePoint #PS5 #gaming #gamedev #technology,2026-02-19 19:43:06+00:00,0,2,0,121
technology,এইচ. https://dckim.com/hdub/w_web/bn/articles/এক-অভিযানে.html #opensource #toronto #news #technology #meta #art #FOSS,2026-02-19 19:42:02.276000+00:00,0,0,0,3
technology,"‘It was ready to kill and blackmail’: Anthropic’s Claude AI sparks alarm, says company policy chief
https://lemmy.world/post/43339589",2026-02-19 19:39:44.776000+00:00,0,1,1,3
technology,"Razer unveils$500 flagship gaming keyboard — Huntsman Signature Edition built from CNC-machined aluminum, featuring 8,000 Hz polling and Snap Tap…#technology #thegeektribunehttps://www.tomshardware.com/peripherals/mechanical-keyboards/razer-unveils-usd500-flagship-gaming-keyboard-huntsman-signature-edition-built-from-cnc-machined-aluminum-featuring-8-000-hz-polling-and-snap-tap",2026-02-19 19:36:12.417000+00:00,0,0,0,16
technology,Woody and Buzz Join Forces to Take On a Tablet in New 'Toy Story 5' Trailer…#technology #thegeektribunehttps://www.cnet.com/tech/services-and-software/new-toy-story-5-trailer/,2026-02-19 19:36:10.358000+00:00,0,0,0,16
technology,T-Mobile Introduces Real-Time Live Translation in Its Network for Any Call…#technology #thegeektribunehttps://www.cnet.com/tech/mobile/t-mobile-live-translation-ai-agent/,2026-02-19 19:36:08.806000+00:00,0,0,0,16
technology,These Are the 9 Coolest Large Appliance Features Coming in 2026…#technology #thegeektribunehttps://www.cnet.com/news/9-coolest-high-tech-features-coming-to-large-appliances-in-2026/,2026-02-19 19:36:07.004000+00:00,0,0,0,16
technology,This Smart Fire System Uses Hidden Misters and Thermal Imaging to Protect Your Home…#technology #thegeektribunehttps://www.cnet.com/home/security/smart-fire-system-uses-hidden-misters-and-thermal-imaging-kbis/,2026-02-19 19:36:05.539000+00:00,0,0,0,16
technology,"Dogfirmations with Doofie and Dingus: Broken Wind Doofie's farts are a natural, healthy sign of digestion. View Dogfirmation: https://dogs.blackcatwhitehatsecurity.com/?dogID=62#today #BrokenWind #DogFarts #Technology #Animals #ArtificialIntelligence #Dogs #Nature #Pets",2026-02-19 19:29:31.259000+00:00,0,3,0,57
technology,US builds website that will allow Europeans to view blocked content https://www.theguardian.com/technology/2026/feb/19/us-builds-website-that-will-allow-europeans-to-view-blocked-content #Internet #InternetSafety #UsNews #WorldNews #Technology #TrumpAdministration #UsPolitics #Censorship,2026-02-19 19:25:12+00:00,0,2,0,244
technology,"🚀 I spent months tracking REAL problems people complain about online…
https://lemmy.world/post/43338828",2026-02-19 19:18:01.178000+00:00,0,1,0,0
technology,Meta wins patent for AI that could post for dead social media users https://mashable.com/article/meta-patent-ai-dead-bot-llm #technology,2026-02-19 19:13:02+00:00,0,1,0,24
technology,"As browser wars heat up, Chrome adds new productivity features…#technology #thegeektribunehttps://techcrunch.com/2026/02/19/as-browser-wars-heat-up-chrome-adds-new-productivity-features/",2026-02-19 19:06:08.228000+00:00,0,0,0,16
technology,Reddit is testing a new AI search feature for shopping…#technology #thegeektribunehttps://techcrunch.com/2026/02/19/reddit-is-testing-a-new-ai-search-feature-for-shopping/,2026-02-19 19:06:07.073000+00:00,0,0,0,16
technology,F1: Preseason tests shows how different 2026 will be…#technology #thegeektribunehttps://arstechnica.com/cars/2026/02/f1-preseason-tests-shows-how-different-2026-will-be/,2026-02-19 19:06:04.620000+00:00,0,0,0,16
technology,"As browser wars heat up, Chrome adds new productivity features
https://lemmy.org/post/3998647",2026-02-19 19:04:58.737000+00:00,0,0,0,1
technology,"Reddit is testing an AI search feature that takes community recommendations and shows matching products from its advertisers in the results
https://lemmy.org/post/3998646",2026-02-19 19:04:20.359000+00:00,0,0,0,1
technology,"Fossil discovery reveals specialized fish-eating adaptations in new dinosaur speciesA team of 20 paleontologists has announced the discovery of a new dinosaur species, Spinosaurus...#engineering #technologyhttps://interestingengineering.com/science/fossil-new-dinosaur-species-discovery-sahara",2026-02-19 19:01:08+00:00,0,0,0,70
technology,🤖 [Hugging Face] 「データ不足」の壁を越える:合成ペルソナが日本のAI開発を加速🔗 Więcej: https://huggingface.co/blog/nvidia/nemotron-personas-japan-nttdata-ja#AI #SztucznaInteligencja #TechNews #HuggingFace #ArtificialIntelligence #technology #socialmedia #si #raspberrypi,2026-02-19 19:00:06+00:00,0,0,0,0
technology,🤖 [OpenAI] Postęp w niezależnych badaniach nad dostosowaniem sztucznej inteligencji🔗 Więcej: https://openai.com/index/advancing-independent-research-ai-alignment#AI #SztucznaInteligencja #TechNews #OpenAI #ArtificialIntelligence #technology #socialmedia #si #raspberrypi,2026-02-19 19:00:04+00:00,0,0,0,0
technology,🤖 [TechCrunch] Reddit testuje nową funkcję wyszukiwania AI podczas zakupów🔗 Więcej: https://techcrunch.com/2026/02/19/reddit-is-testing-a-new-ai-search-feature-for-shopping#AI #SztucznaInteligencja #TechNews #TechCrunch #ArtificialIntelligence #technology #socialmedia #si #raspberrypi,2026-02-19 19:00:03+00:00,0,0,0,0
technology,"🖲️ #Cybersecurity #Ciberseguridad #Ciberseguranca #Security #Seguridad #Seguranca #News #Noticia #Noticias #Tecnologia #Technology⚫ Critical Grandstream VoIP Bug Highlights SMB Security Blind Spot 🔗 https://www.darkreading.com/threat-intelligence/grandstream-bug-voip-security-blind-spotCVE-2026-2329 allows unauthenticated root-level access to SMB phone infrastructure, so attackers can intercept calls, commit toll fraud, and impersonate users.",2026-02-19 18:54:10.227000+00:00,0,1,0,608
technology,Here are my favorite things from Toy Fair 2026…#technology #thegeektribunehttps://www.engadget.com/entertainment/here-are-my-favorite-things-from-toy-fair-2026-183356720.html?src=rss,2026-02-19 18:51:17.823000+00:00,0,0,0,16
technology,"Baseus’ retractable, 6-in-1 travel adapter is on sale for its lowest price to date…#technology #thegeektribunehttps://www.theverge.com/gadgets/881424/baseus-enercore-cg11-universal-travel-adapter-deal-sale",2026-02-19 18:51:14.794000+00:00,0,0,0,16
technology,Texas is suing TP-Link over its ties to China…#technology #thegeektribunehttps://www.theverge.com/tech/881500/texas-tp-link-china-lawsuit-anzu-robotics,2026-02-19 18:51:11.902000+00:00,0,0,0,16
technology,Ring could be planning to expand Search Party feature beyond dogs…#technology #thegeektribunehttps://www.engadget.com/big-tech/ring-could-be-planning-to-expand-search-party-feature-beyond-dogs-175805706.html?src=rss,2026-02-19 18:51:09.722000+00:00,0,0,0,16
technology,Apple TV’s The Hunt finally has a premiere date…#technology #thegeektribunehttps://www.theverge.com/tech/881386/apple-tv-the-hunt-premiere-date,2026-02-19 18:51:06.615000+00:00,0,0,0,16
technology,Ferrari Luce: A First Look at Jony Ive’s Interior for Ferrari https://theinspirationgrid.com/ferrari-luce-a-first-look-at-jony-ives-interior-for-ferrari/ #ProductDesign #product #IndustrialDesign #technology #tech,2026-02-19 18:35:04+00:00,0,1,0,1551
technology,"🖲️ #Cybersecurity #Ciberseguridad #Ciberseguranca #Security #Seguridad #Seguranca #News #Noticia #Noticias #Tecnologia #Technology⚫ Singapore & Its 4 Major Telcos Fend Off Chinese Hackers 🔗 https://www.darkreading.com/cyberattacks-data-breaches/singapore-major-telcos-fend-chinese-hackersAfter detecting a zero-day attack, the country's effective response was attributed to the tight relationship between its government and private industry.",2026-02-19 18:32:17.162000+00:00,0,1,0,608
technology,"Acer and Asus shut down support for PC and laptops in wake of patent dispute ruling, drivers and updates inaccessible to existing customers — German website finds a workaround…#technology #thegeektribunehttps://www.tomshardware.com/pc-components/acer-and-asus-shut-down-support-for-pc-and-laptops-in-wake-of-patent-dispute-ruling-drivers-and-updates-inaccessible-to-existing-customers-german-website-finds-a-workaround",2026-02-19 18:31:12.939000+00:00,0,0,0,16
technology,"No, Apple won’t drop USB-C from the iPhone 18…#technology #thegeektribunehttps://www.macworld.com/article/3066138/no-apple-wont-drop-usb-c-from-the-iphone-18.html",2026-02-19 18:31:11.030000+00:00,0,0,0,16
technology,Get 5 2nd-gen AirTags for the price of 4 with this rare Costco deal…#technology #thegeektribunehttps://www.macworld.com/article/3066031/get-5-2nd-gen-airtags-for-the-price-of-4-with-this-rare-costco-deal.html,2026-02-19 18:31:08.672000+00:00,0,0,0,16
technology,Microsoft's new Windows 11 speed test is just a link to Ookla's Speedtest via Bing —  button housed in the taskbar in latest Insider Preview build…#technology #thegeektribunehttps://www.tomshardware.com/software/windows/microsofts-new-windows-11-speed-test-is-just-a-link-to-ooklas-speedtest-via-bing-button-housed-in-the-taskbar-in-latest-insider-preview-build,2026-02-19 18:31:06.082000+00:00,1,0,0,16
technology,"🤖🥌 #Curling is often called ""chess on ice,"" but for a #robot, the #ice is the hardest part. While #AI can easily calculate the strategy, executing a physical throw on a surface that changes with every slide is a massive challenge.👉 https://spectrum.ieee.org/olympics-curling-robot-ai#robotics #engineering #olympics #physics #tech #technology #innovation",2026-02-19 18:30:02+00:00,0,0,0,1033
technology,"Meta is shutting down Messenger's standalone website
https://lemmy.org/post/3998040",2026-02-19 18:25:17.716000+00:00,0,0,0,1
technology,"Meta is shutting down Messenger's standalone website
https://lemmy.org/post/3998039",2026-02-19 18:25:10.142000+00:00,0,0,0,1
technology,PS Store 2026年1月DLランキングを発表。PS5部門は「CODE VEIN II」，PS4部門は「ドラゴンクエストX　オンライン」が1位に https://www.yayafa.com/2728171/ #PlayStationStore #PlayStationStore #PS4:PlayStationStore #PS5:PlayStationStore #SCIENCE #Science&Technology #Technology #ジャンル:ノージャンル #テクノロジー #プラットフォーム:PS4 #プラットフォーム:PS5 #プレイステーションストア #プレイステーションストア #掲載日:2026/02/1919:13 #科学 #科学＆テクノロジー #編集部:簗島 #記事種別:ニュース,2026-02-19 18:18:08+00:00,0,0,0,90
technology,"Oh no, Intel is moving customer support to AI
https://lemmy.world/post/43337473",2026-02-19 18:13:51.324000+00:00,0,1,5,0
technology,DOGE Bro’s Grant Review Process Was Literally Just Asking ChatGPT ‘Is This DEI?’ https://www.techdirt.com/2026/02/19/doge-bros-grant-review-process-was-literally-just-asking-chatgpt-is-this-dei/ #technology,2026-02-19 18:13:01+00:00,0,0,0,24
technology,🤖🤸‍♀️ It took hundreds of millions of simulation tests for these humanoid #robots to master 3-meter aerial flips and parkour. Watch 24 autonomous Unitree robots perform a synchronized martial arts routine for the 2026 #LunarNewYear.👉 Learn more: https://thekidshouldseethis.com/post/martial-arts-robots-viral-video-2026-spring-festival-gala?utm_source=mastodon&utm_medium=social&utm_campaign=new_content&utm_content=unitree_robots_gala#china #kids #music #technology #tech #tv #tksst #video,2026-02-19 18:11:27+00:00,0,2,0,1033
technology,"In a slow-motion race of two retail behemoths, Amazon's trump card was its lucrative cloud-computing business.https://www.kuow.org/stories/amazon-dethrones-walmart-as-the-world-s-biggest-company-by-sales#KUOW #News #Technology #Economy #Business",2026-02-19 18:10:03+00:00,0,0,0,230
technology,"My New Favorite Toy
https://tube.blueben.net/w/e8Psj9Qht3bTuu9sA1H9m4",2026-02-19 18:08:13.639000+00:00,0,1,0,8
technology,"""The AI Tax | Weekly News Roundup"" 👀👏STREAMING at 8:00 PM EASTERN!!! ALL HAIL THE VAN PANTHER !!!Click on, ""Show More"" or ""Read More"" to get the links!!!! NOTE !!! This post is best viewed on a PC. Switched To Linux is, “written by a broad spectrum computer consultant to help people learn more about the Linux platform.” This account is a supporter of Switched To Linux and provides convenience posts of thumbnails art, videos and streams.#SwitchedToLinux #Linux #Windows #Mac #Technology #Tech #AltTech #Privacy #Private #Security #Secure #FOSS #FreeAndOpenSource #FreeAndOpenSourceSoftware #FreeOpenSourceSoftware #YouTube #Odysee #Rumble #BitChute #Locals #Patreon #DLive #Twitch #AltTech #FactCheckTrue #Fediverse #weeklynewsroundup #SocialMedia #ai #taxes!!! Tell us what you think by filling out a ""SATISFACTION SURVEY or ABUSE/SPAM REPORT"" form from Teh AnKorage !!!https://cryptpad.disroot.org/form/#/2/form/view/elsOVQUrXAmGuer4kd75JhA3mNELuCj8cTjEUynrZZo/#YouTube:https://www.youtube.com/@SwitchedtoLinux/streams#Odysee:https://odysee.com/@switchedtolinux:0#Rumble:https://rumble.com/c/SwitchedToLinux/livestreamsFor folks on DLive and Twitch, you may also watch the stream, there...#DLive - https://dlive.tv/switchedtolinux#Twitch - https://twitch.tv/search?term=switchedtolinux",2026-02-19 18:01:34.350000+00:00,0,2,0,94
technology,"Google announces Gemini 3.1 Pro, says it's better at complex problem-solving…#technology #thegeektribunehttps://arstechnica.com/google/2026/02/google-announces-gemini-3-1-pro-says-its-better-at-complex-problem-solving/",2026-02-19 18:01:07.380000+00:00,0,0,0,16
technology,Meta is shutting down Messenger’s standalone website…#technology #thegeektribunehttps://techcrunch.com/2026/02/19/meta-is-shutting-down-messengers-standalone-website/,2026-02-19 18:01:04.657000+00:00,0,0,0,16
technology,YouTube is bringing the Gemini-powered 'Ask' button to TVs…#technology #thegeektribunehttps://www.engadget.com/ai/youtube-is-bringing-the-gemini-powered-ask-button-to-tvs-173900295.html?src=rss,2026-02-19 17:46:16.705000+00:00,0,0,0,16
technology,Rivian rolls out an Apple Watch app with vehicle controls and digital key support…#technology #thegeektribunehttps://www.engadget.com/transportation/evs/rivian-rolls-out-an-apple-watch-app-with-vehicle-controls-and-digital-key-support-172642545.html?src=rss,2026-02-19 17:46:14.242000+00:00,0,0,0,16
technology,West Virginia sues Apple for allegedly letting child abuse spread in iCloud…#technology #thegeektribunehttps://www.theverge.com/tech/881433/apple-west-virginia-lawsuit-icloud-csam,2026-02-19 17:46:12.367000+00:00,0,0,0,16
technology,"Orbital AI data centers could work, but they might ruin Earth in the process…#technology #thegeektribunehttps://www.engadget.com/ai/orbital-ai-data-centers-could-work-but-they-might-ruin-earth-in-the-process-170000099.html?src=rss",2026-02-19 17:46:10.802000+00:00,0,0,0,16
technology,New York drops plan to legalize robotaxis in setback for Waymo…#technology #thegeektribunehttps://www.theverge.com/transportation/881354/new-york-drops-plan-to-legalize-robotaxis-waymo,2026-02-19 17:46:09.533000+00:00,0,0,0,16
technology,West Virginia is suing Apple alleging negligence over CSAM materials…#technology #thegeektribunehttps://www.engadget.com/big-tech/west-virginia-is-suing-apple-alleging-negligence-over-csam-materials-164647648.html?src=rss,2026-02-19 17:46:07.059000+00:00,0,0,0,16
technology,Turtle Beach’s new PC controller with swiveling sticks is 30 percent off…#technology #thegeektribunehttps://www.theverge.com/gadgets/881030/turtle-beach-stealth-pivot-controller-lego-mario-yoshi-deal-sale,2026-02-19 17:46:04.958000+00:00,0,0,0,16
technology,Video: New control system makes bipedal robots 81% more stable on uneven groundHumanoid robots are getting better at catching themselves before they fall. Researchers at Georgia Tech...#engineering #technologyhttps://interestingengineering.com/ai-robotics/humanoid-robot-recovery-framework-georgia-tech,2026-02-19 17:43:04+00:00,0,0,0,70
technology,Apple’s budget MacBook coming soon: What to expect…#technology #thegeektribunehttps://www.macworld.com/article/2854313/a18-pro-macbook-design-processor-specs-release-rumors.html,2026-02-19 17:26:28.664000+00:00,0,0,0,16
technology,The HackerNoon Newsletter: A Guide on How to Rewire Self-Doubt (2/19/2026)…#technology #thegeektribunehttps://hackernoon.com/2-19-2026-newsletter?source=rss,2026-02-19 17:26:27.253000+00:00,0,0,0,16
technology,Why Layered MAPF Algorithms Win on Speed but Lose on Optimality…#technology #thegeektribunehttps://hackernoon.com/why-layered-mapf-algorithms-win-on-speed-but-lose-on-optimality?source=rss,2026-02-19 17:26:25.678000+00:00,0,0,0,16
technology,"The Missing Layer in AI Security: Why ""Data-in-Use"" Is the Next Battleground…#technology #thegeektribunehttps://hackernoon.com/the-missing-layer-in-ai-security-why-data-in-use-is-the-next-battleground?source=rss",2026-02-19 17:26:22.898000+00:00,0,0,0,16
technology,The Ghost in the Statistical Machine: A Search for the Source of Will…#technology #thegeektribunehttps://hackernoon.com/the-ghost-in-the-statistical-machine-a-search-for-the-source-of-will?source=rss,2026-02-19 17:26:20.899000+00:00,0,0,0,16
technology,Study Finds MAPF Decomposition Efficient Under Low Agent Density…#technology #thegeektribunehttps://hackernoon.com/study-finds-mapf-decomposition-efficient-under-low-agent-density?source=rss,2026-02-19 17:26:18.852000+00:00,0,0,0,16
technology,Kindness Transforms a Lonely Childhood…#technology #thegeektribunehttps://hackernoon.com/kindness-transforms-a-lonely-childhood?source=rss,2026-02-19 17:26:17.098000+00:00,0,0,0,16
technology,Family Feuds and Life’s Tough Choices in the Moors…#technology #thegeektribunehttps://hackernoon.com/family-feuds-and-lifes-tough-choices-in-the-moors?source=rss,2026-02-19 17:26:15.708000+00:00,0,0,0,16
technology,How Crypto Expo Europe Is Bridging Web3 Founders and EU Regulators in the MiCA Era…#technology #thegeektribunehttps://hackernoon.com/how-crypto-expo-europe-is-bridging-web3-founders-and-eu-regulators-in-the-mica-era?source=rss,2026-02-19 17:26:14.261000+00:00,0,0,0,16
technology,5 Free Tools to Monitor Your VPS (Terminal)…#technology #thegeektribunehttps://hackernoon.com/5-free-tools-to-monitor-your-vps-terminal?source=rss,2026-02-19 17:26:11.903000+00:00,0,0,0,16
technology,A New Method for Decomposing MAPF Problems Into Solvable Subproblems…#technology #thegeektribunehttps://hackernoon.com/a-new-method-for-decomposing-mapf-problems-into-solvable-subproblems?source=rss,2026-02-19 17:26:09.463000+00:00,0,0,0,16
technology,"Love, Long Distance, and Linux: Building a VPN Blind to Bridge the Gap…#technology #thegeektribunehttps://hackernoon.com/love-long-distance-and-linux-building-a-vpn-blind-to-bridge-the-gap?source=rss",2026-02-19 17:26:07.758000+00:00,0,0,0,16
technology,Meet the Contest Winner: Eduardo Próspero on Rewriting 2013 and 2017 Bitcoin Forecasts…#technology #thegeektribunehttps://hackernoon.com/meet-the-contest-winner-eduardo-prospero-on-rewriting-2013-and-2017-bitcoin-forecasts?source=rss,2026-02-19 17:26:06.580000+00:00,0,0,0,16
technology,A snapshot of my JOYO {and Behringer} pedals while I do my Bass playing sessions#music #JOYO #pedals #effects #Bass #Guitar #Ibanez #Japón #technology #Audio #music #signal #flow #technology,2026-02-19 17:22:16+00:00,12,13,0,3
technology,"Talents leave AI companies: ""They are putting profits over sanity and safety""
https://feddit.org/post/26045254",2026-02-19 17:14:10.233000+00:00,0,1,10,0
technology,Social Media Addiction: Facebook Whistleblower Says Big Tech Has Known & Ignored Problem for Years https://www.democracynow.org/2026/2/19/social_media #technology,2026-02-19 17:13:01+00:00,0,0,0,24
technology,🤖 [Hugging Face] Trenuj modele AI za pomocą Unsloth i Hugging Face Jobs ZA DARMO🔗 Więcej: https://huggingface.co/blog/unsloth-jobs#AI #SztucznaInteligencja #TechNews #HuggingFace #ArtificialIntelligence #technology #socialmedia #si #raspberrypi,2026-02-19 17:00:05+00:00,1,1,0,0
technology,🤖 [DeepMind] Gemini 3.1 Pro: inteligentniejszy model do najbardziej złożonych zadań🔗 Więcej: https://deepmind.google/blog/gemini-3-1-pro-a-smarter-model-for-your-most-complex-tasks#AI #SztucznaInteligencja #TechNews #DeepMind #ArtificialIntelligence #technology #socialmedia #si #raspberrypi,2026-02-19 17:00:04+00:00,0,0,0,0
technology,🤖 [TechCrunch] Według doniesień OpenAI finalizuje transakcję o wartości 100 miliardów dolarów przy wycenie przekraczającej 850 miliardów dolarów🔗 Więcej: https://techcrunch.com/2026/02/19/openai-reportedly-finalizing-100b-deal-at-more-than-850b-valuation#AI #SztucznaInteligencja #TechNews #TechCrunch #ArtificialIntelligence #technology #socialmedia #si #raspberrypi,2026-02-19 17:00:02+00:00,0,0,0,0
technology,New York hits the brakes on robotaxi expansion plan…#technology #thegeektribunehttps://techcrunch.com/2026/02/19/new-york-hits-the-brakes-on-robotaxi-expansion-plan/,2026-02-19 16:56:09.256000+00:00,0,0,0,16
technology,Zuckerberg grilled in court over social media harms on teens…#technology #thegeektribunehttps://techcrunch.com/2026/02/19/zuckerberg-grilled-in-court-over-social-media-harms-on-teens/,2026-02-19 16:56:07.779000+00:00,0,0,0,16
technology,SoftBank to spend an eye-popping $33B to build huge U.S. gas power plant…#technology #thegeektribunehttps://techcrunch.com/2026/02/19/softbank-to-spend-an-eye-popping-33b-to-build-huge-u-s-gas-power-plant/,2026-02-19 16:56:06.650000+00:00,0,0,0,16
technology,"Zero grip, maximum fun: A practical guide to getting into amateur ice racing…#technology #thegeektribunehttps://arstechnica.com/cars/2026/02/zero-grip-maximum-fun-a-practical-guide-to-getting-into-amateur-ice-racing/",2026-02-19 16:56:04.769000+00:00,0,0,0,16
technology,Why AI is altering planning for 6G mobile networks https://www.telecomstechnews.com/news/why-ai-is-altering-planning-for-6g-mobile-networks/ #telecoms #6g #networks #connectivity #ai #technology,2026-02-19 16:53:44+00:00,0,1,0,279
technology,The next iTunes may be vibe-coded…#technology #thegeektribunehttps://www.theverge.com/column/881256/parachord-vibe-coded-music-streaming-app,2026-02-19 16:41:11.822000+00:00,0,0,0,16
technology,GE made a smaller version of its nugget ice maker that needs less counter space…#technology #thegeektribunehttps://www.theverge.com/tech/881365/ge-profile-opal-mini-nugget-ice-maker-pro-chewable-appliance,2026-02-19 16:41:09.795000+00:00,0,0,0,16
technology,Mastodon is testing easier ways to get you started in the fediverse…#technology #thegeektribunehttps://www.theverge.com/tech/881352/mastodon-default-server-recommendations-experiment,2026-02-19 16:41:08.335000+00:00,0,0,0,16
technology,Xenoblade Chronicles X is $20 off in time for its Switch 2 upgrade…#technology #thegeektribunehttps://www.theverge.com/gadgets/881331/xenoblade-chronicles-x-switch-2-upgrade-deal-sale,2026-02-19 16:41:06.839000+00:00,0,0,0,16
technology,Nintendo announces surprise Switch 2 version of sci-fi RPG Xenoblade Chronicles X: Definitive Edition…#technology #thegeektribunehttps://www.engadget.com/gaming/nintendo/nintendo-announces-surprise-switch-2-version-of-sci-fi-rpg-xenoblade-chronicles-x-definitive-edition-153121689.html?src=rss,2026-02-19 16:41:04.378000+00:00,0,0,0,16
technology,"[#TRADESHOW] 2026 #Shenzhen #International #Industrial #Manufacturing #Technology and #Equipment #Exhibition (#ITES) from March 31 to April 3, 2026, at SZ #World Exhibition & #Convention #Center, #China. The #event brings together full-chain #manufacturing #solutions, highlighting #robotics, embodied #intelligence, #smart #factories, and high-end #equipment, and serves as a strategic #sourcing and #matchmaking #business #platform for #global #buyers and #manufacturers. https://cnbusinessforum.com/event/2026-shenzhen-international-industrial-manufacturing-technology-and-equipment-exhibition-ites-2026/",2026-02-19 16:35:01+00:00,0,3,0,238
technology,"Diffusion of Responsibility in a world with LLMs
https://reddthat.com/post/60559759",2026-02-19 16:34:51.350000+00:00,0,1,0,0
technology,"Google rolls out Gemini 3.1 Pro, which it says is “a step forward in core reasoning”, for AI Pro and Ultra subscribers; the .1 increment is a first for Google
https://lemmy.org/post/3995820",2026-02-19 16:31:18.413000+00:00,0,0,1,1
technology,"On Monday, I was invited to film a 25-minute-long panel discussion episode of Your Voice with @BBCNews live in the studio, answering questions viewers had sent in on the UK government's plans to update the Online Safety Act with further protections for children online, together with presenter Matthew Amroliwala, Ellen Roome MBE, Christopher Vallance and Jack Fenwick.View the full video with everyone's contributions here:https://www.youtube.com/watch?v=GivApfv13aY#AI #generativeAI #LLM #UKlaw #OnlineSafetyAct #Grok #XAI #Claude #Gemini#ChatGPT #technology #technews",2026-02-19 16:24:56+00:00,0,1,0,79
technology,"Get Tom's Hardware Premium for less than $3 a month  —  access our hardware roadmaps, deeper analysis, exclusive features, and unlock the Bench database…#technology #thegeektribunehttps://www.tomshardware.com/tech-industry/toms-hardware-premium-3-month",2026-02-19 16:21:09.334000+00:00,0,0,0,16
technology,"The Best of KBIS 2026: Hidden Cooktops, Ice Makers and More Industry Firsts…#technology #thegeektribunehttps://www.cnet.com/news/the-best-of-kbis-2026/",2026-02-19 16:21:07.156000+00:00,0,0,0,16
technology,Protect Your Heart With These Expert-Approved Workouts…#technology #thegeektribunehttps://www.cnet.com/health/fitness/head-off-heart-disease-with-these-5-expert-approved-workouts/,2026-02-19 16:21:04.855000+00:00,0,0,0,16
technology,"Firefox is ending support for Windows 7, 8 and 8.1; Mozilla recommend switching to Linux, for people who can't run Windows 10 or 11
https://lemmus.org/post/20295930",2026-02-19 16:20:02.987000+00:00,0,1,3,2
technology,「Xross Stars」，第3弾「Broken Neonlights」の先行予約受付を開始。柊ツルギさん，猫麦とろろさん，夜絆 ニウさんら，16名がカードになって登場 https://www.yayafa.com/2728088/ #ANALOG:XrossStars #SCIENCE #Science&Technology #Technology #ジャンル:カードゲーム #テクノロジー #プラットフォーム:ANALOG #掲載日:2026/02/1920:55 #科学 #科学＆テクノロジー #編集部:杉浦諒 #記事種別:ニュース,2026-02-19 16:17:46+00:00,0,0,0,90
technology,"A human software engineer rejected an AI agent's code change request, only for the AI agent to retaliate by publishing an 'angry' blog about him https://www.pcgamer.com/software/ai/a-human-software-engineer-rejected-an-ai-agents-code-change-request-only-for-the-ai-agent-to-retaliate-by-publishing-an-angry-blog-about-him/ #technology",2026-02-19 16:13:02+00:00,0,0,0,24
technology,Digital blackface flourishes under Trump and AI: ‘The state is bending reality’ https://www.theguardian.com/technology/ng-interactive/2026/feb/19/ai-digital-blackface #AiArtificialIntelligence #Race #WorldNews #UsNews #Technology #Computing #Media #SocialMedia #TrumpAdministration,2026-02-19 16:10:01+00:00,0,0,0,158
technology,"Meta patents AI that could continue posting on social media on behalf of deceased users the LLM can create a ""digital clone"" of social media users to simulate their online activity, posting messages, photos, and videos on their behalf if they die or take an extended break from social media. It can even interact with other users#meta #death #socialmedia #artificialintelligence #AI #LLM #technology #tech #creepyhttps://www.techspot.com/news/111352-meta-patents-ai-could-continue-posting-social-media.html",2026-02-19 16:05:59.213000+00:00,0,2,0,261
technology,"And finally, a 3D-printed remote control designed to be easier to operate with visual impairment - running for years from two AA batteries thanks to an ATtiny84 in sleep mode.https://www.hackster.io/news/this-microchip-attiny84-powered-3d-printed-remote-improves-accessibility-for-the-visually-impaired-839ed9d52047#Technology #News #Hackster #3DPrinting #Accessibility #Microcontroller",2026-02-19 16:04:27.143000+00:00,2,1,1,1481
technology,"A wooden lockbox with a difference: there's a gyroscope inside, and unless you twist and turn it in exactly the right pattern it simply won't open.https://www.hackster.io/news/this-clever-lockbox-only-opens-if-you-solve-its-twisty-turny-puzzle-7183ba4d7b25#Technology #News #Hackster #Microcontroller #Woodworking",2026-02-19 16:03:47.776000+00:00,7,5,1,1481
technology,"Then Microsoft says it's completed research on a data storage technology which encodes voxels into glass sheets to store terabytes for tens of thousands of years....but, at the moment, requires a room-filling femtosecond laser setup and a stupidly high-resolution camera to read the data back, so don't expect it in a laptop any time soon.https://www.hackster.io/news/microsoft-researchers-blast-glass-with-lasers-to-encode-terabytes-of-data-for-millennia-24f2b4962ff0#Technology #News #Science #Lasers #Hackster",2026-02-19 16:02:37.790000+00:00,0,0,1,1481
technology,"It's #Hackster round-up time again! Up first today we've got a bit of #science: a smart insole with a couple of hundred pressure sensors, feeding data into a custom-built low-power chip to track the wearer's gait.https://www.hackster.io/news/ultra-low-power-chip-monitors-hundreds-of-pressure-points-to-drive-a-smart-gait-tracking-shoe-03734c23f2e2#Technology #News #Wearables",2026-02-19 16:01:29.429000+00:00,3,2,2,1481
technology,"US: New gel-based electrolyte boosts anode-free EV batteries, retains 80% capacityResearchers at the Columbia University School of Engineering and Applied Science have developed a new...#engineering #technologyhttps://interestingengineering.com/energy/gel-based-electrolyte-lithium-batteries-stronger-safer",2026-02-19 16:01:09+00:00,0,0,0,70
technology,"Microsoft is bringing a built-in network speed test to Windows 11
https://lemmy.dbzer0.com/post/64049880",2026-02-19 15:59:04.253000+00:00,0,1,5,0
technology,"Fairphone 5 bricked by faulty Android 15 update
https://lemmus.org/post/20295714",2026-02-19 15:52:55.132000+00:00,0,1,4,2
technology,"Race for AI is making Hindenburg-style disaster ‘a real risk’, says leading expert
https://lemmy.dbzer0.com/post/64049499",2026-02-19 15:52:29.148000+00:00,0,1,9,0
technology,OpenAI reportedly finalizing $100B deal at more than $850B valuation…#technology #thegeektribunehttps://techcrunch.com/2026/02/19/openai-reportedly-finalizing-100b-deal-at-more-than-850b-valuation/,2026-02-19 15:51:16.178000+00:00,0,0,0,16
technology,Current is a new RSS reader that’s more like a river than an inbox…#technology #thegeektribunehttps://techcrunch.com/2026/02/19/current-is-a-new-rss-reader-thats-more-like-a-river-than-an-inbox/,2026-02-19 15:51:14.628000+00:00,0,0,0,16
technology,Bug in student admissions website exposed children’s personal information…#technology #thegeektribunehttps://techcrunch.com/2026/02/19/bug-in-student-admissions-website-exposed-childrens-personal-information/,2026-02-19 15:51:12.342000+00:00,0,0,0,16
technology,Reload wants to give your AI agents a shared memory…#technology #thegeektribunehttps://techcrunch.com/2026/02/19/reload-an-ai-employee-agent-management-platform-raises-2-275m-and-launches-an-ai-employee/,2026-02-19 15:51:10.759000+00:00,0,0,0,16
technology,Rivian owners will soon be able to access vehicle controls using their Apple Watch…#technology #thegeektribunehttps://techcrunch.com/2026/02/19/rivian-owners-will-be-able-to-access-vehicle-controls-through-their-apple-watch/,2026-02-19 15:51:08.587000+00:00,0,0,0,16
technology,"OpenAI, Reliance partner to add AI search to JioHotstar…#technology #thegeektribunehttps://techcrunch.com/2026/02/19/openai-reliance-partner-to-add-ai-search-to-jiohotstar/",2026-02-19 15:51:06.855000+00:00,0,0,0,16
technology,"How to erase your Apple silicon Mac
https://fed.brid.gy/r/https://eclecticlight.co/2026/02/19/how-to-erase-your-apple-silicon-mac/",2026-02-19 07:30:00+00:00,0,0,0,21
technology,"End of data decay? Microsoft’s ‘glass plates’ can store data for 10,000 yearsResearchers at Microsoft have developed a method to store massive amounts of digital information inside...#engineering #technologyhttps://interestingengineering.com/science/microsoft-project-silica-glass-data-storage",2026-02-19 15:50:34+00:00,0,0,0,70
technology,"🖲️ #Cybersecurity #Ciberseguridad #Ciberseguranca #Security #Seguridad #Seguranca #News #Noticia #Noticias #Tecnologia #Technology⚫ More Than 40% of South Africans Were Scammed in 2025 🔗 https://www.darkreading.com/cybersecurity-analytics/south-africans-scammed-2025Survey underscores the reality that scammers follow ""scalable opportunities and low friction,"" rather than rich targets that tend to be better protected.",2026-02-19 15:45:08.940000+00:00,0,1,0,608
technology,"Ένα σύντομο ευχαριστήριο γράμμα στην πόλη του Τορόντο, στην οδό Γιονγκ στη Βόρεια Υόρκη, που μου επέτρεψε να διαφημίσω https://dckim.com/hdub/w_web/el/articles/Αγαπητέ-Yonge-Street.html #opensource #toronto #news #technology #meta #art #FOSS",2026-02-19 15:42:02.503000+00:00,0,0,0,3
technology,"Microsoft is withdrawing support for older printers' drivers
https://lemmus.org/post/20295311",2026-02-19 15:40:54.347000+00:00,0,1,9,2
technology,The speech police came for Colbert…#technology #thegeektribunehttps://www.theverge.com/podcast/881222/fcc-colbert-talarico-brendan-carr-vergecast,2026-02-19 15:36:07.205000+00:00,0,0,0,16
technology,Money no longer matters to AI’s top talent…#technology #thegeektribunehttps://www.theverge.com/podcast/880778/ai-talent-war-hiring-frenzy-openai-anthropic-ipo,2026-02-19 15:36:04.651000+00:00,0,0,0,16
technology,"An Open Access article in Nature details how data can now be written in borosilicate glass hard drives so it can last 10,000 years.https://www.nature.com/articles/s41586-025-10042-wNow, scientists are figuring out which memes and cat pictures to keep that long.#Science #Computers #LongTerm #Technology",2026-02-19 15:35:39+00:00,0,1,1,968
technology,"OH NOS, our chirren are not larning. Uh, no. ""Your inability to focus isn't a failing. It's a design problem, and the answer isn't getting rid of our screen time."" https://aeon.co/essays/what-we-think-is-a-decline-in-literacy-is-a-design-problem?utm_source=fark&utm_medium=website&utm_content=link&utm_campaign=fark&ICID=ref_fark#stem #technology #knowledge #spiffy",2026-02-19 15:33:23+00:00,0,0,0,386
technology,"US particle accelerators turn nuclear waste into electricity, cut radioactive life by 99.7%Researchers at the DOE’s Thomas Jefferson National Accelerator Facility are advancing two high-stakes projects aimed...#engineering #technologyhttps://interestingengineering.com/energy/us-tech-nuclear-waste-into-power",2026-02-19 15:29:03+00:00,0,0,0,70
technology,"Indian Prime Minister Narendra Modi on Thursday pitched India as a central player in the global artificial intelligence ecosystem, saying the country aims to build technology at home while deploying it worldwide.@AssociatedPress reports: https://flip.it/bsZS9x#AI #India #Modi #ArtificialIntelligence #Technology",2026-02-19 15:25:53+00:00,0,3,0,12148
technology,Dogfirmations with Doofie and Dingus: Gaze Friends: Loki's vision is clear and sharp. View Dogfirmation: https://dogs.blackcatwhitehatsecurity.com/?dogID=106#today #Gaze #Technology #Animals #ArtificialIntelligence #Dogs #Nature #Pets,2026-02-19 15:25:39.557000+00:00,2,4,0,57
technology,Socket security analysis on npm: A shield for supply chains https://www.developer-tech.com/news/socket-security-analysis-on-npm-shield-for-supply-chains/ #npm #devsecops #opensource #cybersecurity #infosec #developers #appsec #technology,2026-02-19 15:25:16+00:00,1,1,0,279
technology,Germany's Merz calls for real names on the internethttps://www.yahoo.com/news/articles/germanys-merz-calls-real-names-211340863.html#Germany #dystopia #privacy #surveillance #technology #socialmedia,2026-02-19 15:20:14+00:00,3,3,0,121
technology,Dell launches new budget 1080p gaming monitor with an ultra-fast 240Hz refresh rate for less than $130 — new 27-inch IPS display includes AMD FreeSync support and 0.5ms response time…#technology #thegeektribunehttps://www.tomshardware.com/monitors/gaming-monitors/dell-launches-new-budget-1080p-gaming-monitor-with-an-ultra-fast-240hz-refresh-rate-for-less-than-usd130-new-27-inch-ips-display-includes-amd-freesync-support-and-0-5ms-response-time,2026-02-19 15:16:07.533000+00:00,0,0,0,16
technology,Sharp Invented a New High-Speed Cooking Technology Called the 'Golden Heater'…#technology #thegeektribunehttps://www.cnet.com/news/sharp-unveils-the-golden-heater-a-new-high-speed-cooking-technology/,2026-02-19 15:16:04.347000+00:00,0,0,0,16
technology,The People vs. AI https://time.com/7377579/ai-data-centers-people-movement-cover/?utm_source=reddit&utm_medium=social&utm_campaign=editorial #technology,2026-02-19 15:13:01+00:00,0,0,0,24
technology,"French firm’s sodium test rig to replicate nuclear reactor’s temperatures reaching 1,382°FA French company is taking a key step in the development of its sodium-cooled, high-temperature...#engineering #technologyhttps://interestingengineering.com/energy/french-firms-sodium-test-rig-replicate-reactors-temp",2026-02-19 15:08:03+00:00,0,0,0,70
technology,"Microsoft’s Copilot spills the beans, summarising emails it’s not supposed to read“The bot couldn’t keep its prying eyes away. Microsoft 365 Copilot Chat has been summarising emails labelled “confidential” even when data loss prevention policies were configured to prevent it.”Given that this is Microsoft, it is difficult to d ...continuesSee https://gadgeteer.co.za/microsofts-copilot-spills-the-beans-summarising-emails-its-not-supposed-to-read/#AI #microsoft #privacy #technology",2026-02-19 15:01:51.744000+00:00,10,9,0,1623
technology,🤖 [Hugging Face] Od niedoboru do skali: jak syntetyczne persony mogą przyspieszyć rozwój japońskiej sztucznej inteligencji🔗 Więcej: https://huggingface.co/blog/nvidia/nemotron-personas-japan-nttdata#AI #SztucznaInteligencja #TechNews #HuggingFace #ArtificialIntelligence #technology #socialmedia #si #raspberrypi,2026-02-19 15:00:08+00:00,0,0,0,0
technology,"🤖 [TechCrunch] OpenAI, partner Reliance, aby dodać wyszukiwanie AI do JioHotstar🔗 Więcej: https://techcrunch.com/2026/02/19/openai-reliance-partner-to-add-ai-search-to-jiohotstar#AI #SztucznaInteligencja #TechNews #TechCrunch #ArtificialIntelligence #technology #socialmedia #si #raspberrypi",2026-02-19 15:00:02+00:00,0,0,0,0
technology,"Humans Aren’t Out of the Loop YetFrom self-driving cars to AI systems expanding every year — technology keeps advancing. But human behavior, judgment, and social intelligence still shape outcomes in ways machines can’t fully replicate.Dr. Mohammad Hossein Jarrahi joins the show to explore the real question: not whether AI will stop, but how humans and AI can evolve together.Watch the full episode here: https://youtu.be/bPLfEpJxbrs#AI #AIEthics #Podcast #technology",2026-02-19 14:53:43.095000+00:00,0,0,0,124
technology,Co-founders behind Reface and Prisma join hands to improve on-device model inference with Mirai…#technology #thegeektribunehttps://techcrunch.com/2026/02/19/co-founders-behind-reface-and-prisma-join-hands-to-improve-on-device-model-inference-with-mirai/,2026-02-19 14:46:12.496000+00:00,0,0,0,16
technology,"OpenClaw security fears lead Meta, other AI firms to restrict its use…#technology #thegeektribunehttps://arstechnica.com/ai/2026/02/openclaw-security-fears-lead-meta-other-ai-firms-to-restrict-its-use/",2026-02-19 14:46:10.979000+00:00,0,0,0,16
technology,This former Big Tech engineers are using AI to navigate Trump’s trade chaos…#technology #thegeektribunehttps://techcrunch.com/2026/02/19/this-former-big-tech-engineers-are-using-ai-to-navigate-trumps-trade-chaos/,2026-02-19 14:46:09.435000+00:00,0,0,0,16
technology,"For open-source programs, AI coding tools are a mixed blessing…#technology #thegeektribunehttps://techcrunch.com/2026/02/19/for-open-source-programs-ai-coding-tools-are-a-mixed-blessing/",2026-02-19 14:46:07.421000+00:00,0,0,0,16
technology,Altman and Amodei share a moment of awkwardness at India’s big AI summit…#technology #thegeektribunehttps://techcrunch.com/2026/02/19/altman-and-amodei-share-a-moment-of-awkwardness-at-indias-big-ai-summit/,2026-02-19 14:46:04.592000+00:00,0,0,0,16
technology,Wild breakdown of an emerging source of human health impact. https://youtu.be/_bP80DEAbuo #technology #tech #innovation #engineering #business #technews #gadgets,2026-02-19 14:44:05.732000+00:00,0,4,0,1877
technology,"The air loom (1810) by James Tilly Matthews, from Illustrations of Madness.Source: Wellcome Collectionhttps://pdimagearchive.org/images/8a1a9586-7062-4d3f-ac14-e41b99950f59#technology #machinery #windmills #art #publicdomain",2026-02-19 14:33:27.748000+00:00,1,0,0,731
technology,Abxylute’s new Switch 2 controller prototype has one big problem…#technology #thegeektribunehttps://www.theverge.com/tech/880971/abxylute-n6-switch-2-hands-on-controller,2026-02-19 14:31:13.357000+00:00,0,0,0,16
technology,Russia's recent blocking of Telegram is reportedly disrupting its military operations in Ukraine…#technology #thegeektribunehttps://www.engadget.com/social-media/russias-recent-blocking-of-telegram-is-reportedly-disrupting-its-military-operations-in-ukraine-135250159.html?src=rss,2026-02-19 14:31:09.739000+00:00,0,0,0,16
technology,It’s MAGA v Broligarch in the battle over prediction markets…#technology #thegeektribunehttps://www.theverge.com/policy/881139/broligarch-prediction-markets,2026-02-19 14:31:08.399000+00:00,0,0,0,16
technology,Google adds a camera to Snapseed on iOS…#technology #thegeektribunehttps://www.theverge.com/tech/881260/google-snapseed-ios-camera-manual-controls-film-filters,2026-02-19 14:31:05.121000+00:00,0,0,0,16
technology,"Over 80% of companies report no productivity gains from AI so far despite billions in investment, survey suggests — 6,000 executives also reveal 1/3 of leaders use AI, but only for 90 minutes a weekhttps://www.tomshardware.com/tech-industry/artificial-intelligence/over-80-percent-of-companies-report-no-productivity-gains-from-ai-so-far-despite-billions-in-investment-survey-suggests-6-000-executives-also-reveal-1-3-of-leaders-use-ai-but-only-for-90-minutes-a-week#AI #AIbubble #technology #layoffs #investing",2026-02-19 14:24:10+00:00,2,1,0,121
technology,『五星戦隊ダイレンジャー』放送開始日に“天火星・亮”和田圭市が秘蔵の5ショット公開　ファン感激「一生色褪せることのないヒーロー」 | ORICON NEWS | 国内海外のニュース https://www.yayafa.com/2728003/ #ORICONNEWS #SCIENCE #Science&Technology #Technology #テクノロジー #ニュース #全国 #南日本新聞 #南日本新聞デジタル #国内 #海外 #科学 #科学＆テクノロジー #芸能 #記事 #鹿児島,2026-02-19 14:20:11+00:00,0,0,0,90
technology,Judge warns smart glasses wearers of contempt charges as Zuckerberg testifies in Meta trial https://www.techspot.com/news/111388-judge-warns-smart-glasses-wearers-contempt-charges-zuckerberg.html #technology,2026-02-19 14:13:01+00:00,0,0,0,24
technology,"Discord is trying to defend its ridiculous age verification rollout, but it's too little too late, as users flock to Nitro cancellations https://www.techradar.com/computing/social-media/discord-tries-to-share-clarity-on-disastrous-age-verification-plans-amid-mass-cancellations-but-safe-to-say-its-not-helping-its-getting-thoroughly-community-noted#tech #technology #news #technews #security #privacy #discord #ageverification",2026-02-19 14:12:01.939000+00:00,12,12,1,10150
technology,be quiet! Power Zone 2 1200W power supply review:…#technology #thegeektribunehttps://www.tomshardware.com/pc-components/power-supplies/be-quiet-power-zone-2-1200w-power-supply-review,2026-02-19 14:11:14.580000+00:00,0,0,0,16
technology,"Apple iPhone 17e: Release date, specs, features & price – what to expect…#technology #thegeektribunehttps://www.macworld.com/article/2881175/iphone-17e-release-date-specs-features-price.html",2026-02-19 14:11:11.724000+00:00,0,0,0,16
technology,Flying Without a Real ID? You May Owe an Additional $45 Fee…#technology #thegeektribunehttps://www.cnet.com/news/privacy/flying-without-a-real-id-you-may-soon-have-to-pay-18-at-the-airport/,2026-02-19 14:11:09.425000+00:00,0,0,0,16
technology,"Samsung Galaxy Z TriFold Review: A Pocket-Sized Powerhouse, but It's Not for Everyone…#technology #thegeektribunehttps://www.cnet.com/tech/mobile/samsung-galaxy-z-trifold-review/",2026-02-19 14:11:07.477000+00:00,0,0,0,16
technology,"AI-generated deepfakes, memes and misinformation are infiltrating our online community spaces, eroding an internet built by humans for humans. CNET’s Katelyn Chedraoui talks to the people fighting to save it and writes: “AI slop is an oil spill in our digital oceans. The cleanup depends on all of us doing our part.”https://flip.it/aRIH4E#AI #Technology #OpenAI #SocialMedia",2026-02-19 14:09:06+00:00,0,9,0,12148
technology,Canada’s silicon drone battery doubles flight time with 50% faster charging to rival ChinaA Canadian battery materials company has just demonstrated that its new silicon-boosted drone battery can...#engineering #technologyhttps://interestingengineering.com/energy/silicon-drone-battery-flight-time,2026-02-19 14:08:04+00:00,0,0,0,70
technology,"Have we entered a new age of AI-enabled scientific discovery?From Science News: ""Cutting through the hype reveals what’s actually possible.""https://flip.it/-L9dZJ#AI #Science #ArtificialIntelligence #Technology",2026-02-19 14:07:51+00:00,1,2,2,11739
technology,"US firms’ ‘wall of steel’ to provide high-tech shield for shipping and oil, Navy missionsTwo US defense firms are teaming up to build a high-tech “wall of steel” in...#engineering #technologyhttps://interestingengineering.com/military/us-wall-of-steel-to-provide-high-tech-shield",2026-02-19 14:01:08+00:00,0,0,0,70
technology,"🤖 Altman and Amodei share a moment of awkwardness at India’s big AI summitWhen Prime Minister Narendra Modi prompted speakers at the event to join hands and raise them in a show of unity, all executives on stage obliged, except OpenAI's Sam Altman and Anthropic's Dario Amodei, who held their hands conspicuously apart.🔗 Source: TechCrunch#Technology #Science #Innovation #AI",2026-02-19 14:00:33.987000+00:00,0,0,0,8
technology,"Why can’t I archive my story on Instagram?Instagram automatically archives your stories after 24 hours, so you don’t have to save them manually. If you notice a story isn’t archived, make sure Settings → Privacy → Story → Save to Archive is turned on. Keep in mind that drafts, stories older than the retention period, or temporary app glitches can prevent archiving. Updating the app or restarting it usually fixes the issue.Source: https://linkdownloader.net/blog/can-you-unarchive-a-story-on-instagram-without-deleting/#blogpost #socialmedia #technology",2026-02-19 13:58:52.054000+00:00,1,2,0,0
technology,How AI upgrades enterprise treasury management https://www.artificialintelligence-news.com/news/how-ai-upgrades-enterprise-treasury-management/ #ai #fintech #cfo #finance #automation #digitaltransformation #technology,2026-02-19 13:55:29+00:00,0,3,0,279
technology,"Microsoft guide to pirating Harry Potter for LLM training
https://lemmus.org/post/20293431",2026-02-19 13:52:48.986000+00:00,0,1,4,2
technology,"China claims lead with world’s first land-based scramjet hypersonic missileChina has surpassed the US in the race to develop practical scramjet-powered land-based systems, according...#engineering #technologyhttps://interestingengineering.com/military/land-based-scramjet-hypersonic-missile",2026-02-19 13:50:04+00:00,0,0,0,70
technology,"Quantum teleportation demonstrated over existing fiber networks — Deutsche Telekom’s T‑Labs used commercially available Qunnect hardware for the demo, claims 90% average accuracy
https://reddthat.com/post/60550628",2026-02-19 13:47:57.934000+00:00,0,1,3,1
technology,Rare gifted word-learner dogs like to share their toys…#technology #thegeektribunehttps://arstechnica.com/science/2026/02/rare-gifted-word-learner-dogs-like-to-share-their-toys/,2026-02-19 13:41:07.551000+00:00,0,0,0,16
technology,Freeform raises $67M Series B to scale up laser AI manufacturing…#technology #thegeektribunehttps://techcrunch.com/2026/02/19/freeform-raises-67m-series-b-to-scale-up-laser-ai-manufacturing/,2026-02-19 13:41:05.838000+00:00,0,0,0,16
technology,"How plant-based marketing took over everything — even diapers
https://fed.brid.gy/r/https://www.vox.com/life/479565/plant-based-diapers-bioplastics-vegan-leather",2026-02-19 11:30:00+00:00,0,1,0,23
technology,Horror ‘Demon’ Appears in DC Real Estate Listing Photo https://petapixel.com/2026/02/19/horror-demon-appears-in-dc-real-estate-listing-photo/ #artificialintelligence #realestatephotos #Technology #realestate #aiimagery #aiimage #horror #error #News,2026-02-19 13:30:02+00:00,0,0,0,260
technology,The RAM shortage is coming for everything you care about…#technology #thegeektribunehttps://www.theverge.com/tech/880812/ramageddon-ram-shortage-memory-crisis-price-2026-phones-laptops,2026-02-19 13:26:04.739000+00:00,0,0,0,16
technology,"X’s Algorithm Pushes Users to Lean More Conservative
https://lemmus.org/post/20292904",2026-02-19 13:22:50.185000+00:00,0,1,10,2
technology,anyone building or thinking of building a fediverse equivalent of linkedin?#technology #bigtech #work #linkedin #software #fediverse,2026-02-19 13:21:31+00:00,0,0,4,10
technology,"@rl_dane Thank youI'm testing whether certain servers I'm on, have been defederated from others#FediVerse #Mastodon #networking #social #socialmedia #federated #network #protocol #technology",2026-02-19 13:21:21+00:00,2,5,0,6
technology,The rise of AI is making the future of work look bleak – but it could be an opportunity https://www.theguardian.com/technology/ng-interactive/2026/feb/19/ai-work-future #AiArtificialIntelligence #Technology #UsNews,2026-02-19 13:14:39+00:00,0,0,0,158
technology,"OpenAI and Anthropic CEOs refuse to hold hands at India AI summit
https://lemmy.world/post/43327014",2026-02-19 13:14:12.668000+00:00,0,1,1,0
technology,"Over 80% of companies report no productivity gains from AI so far despite billions in investment, survey suggests — 6,000 executives also reveal 1/3 of leaders use AI, but only for 90 minutes a week https://www.tomshardware.com/tech-industry/artificial-intelligence/over-80-percent-of-companies-report-no-productivity-gains-from-ai-so-far-despite-billions-in-investment-survey-suggests-6-000-executives-also-reveal-1-3-of-leaders-use-ai-but-only-for-90-minutes-a-week #technology",2026-02-19 13:13:01+00:00,0,0,0,24
technology,CEO im Staatsdienst: Wildberger auf KI-Mission in Indien https://www.politico.eu/podcast/power-and-policy/ceo-im-staatsdienst-wildberger-auf-ki-mission-in-indien/?utm_source=RSS_Feed&utm_medium=RSS&utm_campaign=RSS_Syndication #ArtificialIntelligence #DigitalMarkets #Germanpolitics #Regulation #Technology #Technology #Economics #Playbook #Politics #Policy #Cloud #Trade,2026-02-19 13:09:08.737000+00:00,0,0,0,2047
technology,Thermalright Wonder Vision 360 UB ARGB Black Review: Detachable 6.7-inch screen makes for unique possibilities…#technology #thegeektribunehttps://www.tomshardware.com/pc-components/liquid-cooling/thermalright-wonder-vision-360-ub-argb-black-review,2026-02-19 13:06:22.002000+00:00,0,0,0,16
technology,"Quantum teleportation demonstrated over existing fiber networks — Deutsche Telekom’s T‑Labs used commercially available Qunnect hardware for the demo, claims 90% average accuracy…#technology #thegeektribunehttps://www.tomshardware.com/networking/quantum-teleportation-demonstrated-over-existing-fiber-networks-deutsche-telekoms-t-labs-used-commercially-available-qunnect-hardware-for-the-demo-claims-90-percent-average-accuracy",2026-02-19 13:06:19.488000+00:00,0,0,0,16
technology,"OpenAI aims to secure $100 Billion in latest funding round, reportedly aiming for an $800 billion valuation — Parties offering up cash include Nvidia, Microsoft, SoftBank, and more…#technology #thegeektribunehttps://www.tomshardware.com/tech-industry/openai-aims-to-secure-usd100-billion-in-latest-funding-round-reportedly-aiming-for-an-usd800-billion-valuation-parties-offering-up-cash-include-nvidia-microsoft-softbank-and-more",2026-02-19 13:06:17.004000+00:00,0,0,0,16
technology,China’s AI build-out forces a rapid shift to liquid cooling — massive clusters put pressure on domestic suppliers to shift cooling methods…#technology #thegeektribunehttps://www.tomshardware.com/tech-industry/chinas-ai-build-out-forces-a-rapid-shift-to-liquid-cooling,2026-02-19 13:06:14.699000+00:00,0,0,0,16
technology,"Save $110 on this Asus ROG Xbox Ally handheld, back at a record-low price — just $489.99 for this entry-level Steam Deck rival with 7-inch touchscreen, AMD Ryzen Z2 A CPU and 16GB RAM…#technology #thegeektribunehttps://www.tomshardware.com/video-games/handheld-gaming/save-usd110-on-this-asus-rog-xbox-ally-handheld-back-at-a-record-low-price-just-usd489-99-for-this-entry-level-steam-deck-rival-with-7-inch-touchscreen-amd-ryzen-z2-a-cpu-and-16gb-ram",2026-02-19 13:06:13.089000+00:00,0,0,0,16
technology,Pocket $510 in savings as Lenovo's Legion Pro 5 with RTX 5060 and 32GB of memory is slashed in price to just $1149.99 — a superb value gaming laptop…#technology #thegeektribunehttps://www.tomshardware.com/laptops/gaming-laptops/pocket-usd510-in-savings-as-lenovos-legion-pro-5-with-rtx-5060-and-32gb-of-memory-is-slashed-in-price-to-just-usd1149-99-a-superb-value-gaming-laptop,2026-02-19 13:06:12.001000+00:00,0,0,0,16
technology,ChatGPT is your iPhone’s secret superpower…#technology #thegeektribunehttps://www.macworld.com/article/3026151/chatgpt-is-your-iphones-secret-superpower.html,2026-02-19 13:06:10.592000+00:00,0,0,0,16
technology,Starforge Explorer III Pro Review: A Worthy Rival to DIY in Performance and Value…#technology #thegeektribunehttps://www.cnet.com/tech/gaming/starforge-explorer-iii-pro-desktop-review-gaming-content-creation/,2026-02-19 13:06:08.293000+00:00,0,0,0,16
technology,Prime Video: 24 of the Best Sci-Fi TV Shows You Should Stream Now…#technology #thegeektribunehttps://www.cnet.com/tech/services-and-software/prime-video-best-sci-fi-tv-shows/,2026-02-19 13:06:06.919000+00:00,0,0,0,16
technology,Google plans $15B subsea cable to boost AI infrastructure https://www.telecomstechnews.com/news/google-plans-15b-subsea-cable-boost-ai-infrastructure/ #google #telecoms #networks #infrastructure #connectivity #ai #technology,2026-02-19 13:03:56+00:00,0,1,0,279
technology,🤖 [TechCrunch] Reliance przedstawia plan inwestycyjny w zakresie sztucznej inteligencji o wartości 110 miliardów dolarów w związku ze zwiększaniem ambicji technologicznych Indii🔗 Więcej: https://techcrunch.com/2026/02/19/reliance-unveils-110b-ai-investment-plan-as-india-ramps-up-tech-ambitions#AI #SztucznaInteligencja #TechNews #TechCrunch #ArtificialIntelligence #technology #socialmedia #si #raspberrypi,2026-02-19 13:00:03+00:00,0,0,0,0
technology,Pong me#FediVerse #Mastodon #networking #social #socialmedia #federated #network #protocol #technology,2026-02-19 12:54:52+00:00,3,7,1,6
technology,"This is Probably the Best Video Downloader App (And it is Free and Open Source)
https://squeet.me/display/962c3e10-0392aed2-c7f35451cb48e942",2026-02-19 10:22:38+00:00,1,2,0,510
technology,"This is a important part of my PPE set which I use when cycling on my racing machines. You will know how important it is to be protected  when your hands need to hit the pavement at speeds of 20 to 50 km an hour while you have to break a fall, because you're tire gave out, and lost its grip, on sand in a corner. Without high quality gloves like this you will have severe injuries on your fingers.The gloves I wear are rated to be used by truck drivers, truck mechanics & welders These gloves are rated to be used even in cold environments, which means that they are thick, absorb heavy shocks, keep the hands warm and give you Total Protection🚳🚲#cycling🚴#training #PPE 🌦️⛈️#sunset🌃 #night🚴‍♂️#racebikes 🚴‍♀️#roadbikes ⚕️#health #technology",2026-02-19 12:50:59+00:00,13,11,0,3
technology,New sodium ion #battery stores twice the energy and desalinates seawater  https://www.sciencedaily.com/releases/2026/02/260218031603.htm#RenewableEnergy #Science #Technology,2026-02-19 12:45:46.757000+00:00,0,1,0,489
technology,How Everyday Smart Devices Collect and Share Personal Data📰 Original title: Los cachivaches domésticos que te espían🤖 IA: It's clickbait ⚠️👥 Usuarios: It's clickbait ⚠️View full AI summary: https://killbait.com/en/how-everyday-smart-devices-collect-and-share-personal-data/?redirpost=70114379-fad9-4f0d-ab6b-6607208f92f1#technology #surveillance #smartdevices #privacy,2026-02-19 12:41:03.514000+00:00,0,0,0,1
technology,"Massive 13-foot shark found patrolling freezing Antarctic seabed for the first timeAntarctica has always been the ultimate gatekeeper. Its waters are famously shark-free, or so the...#engineering #technologyhttps://interestingengineering.com/science/13-foot-shark-in-antarcticas-ocean",2026-02-19 12:36:06+00:00,0,0,0,70
technology,This VC’s best advice for building a founding team…#technology #thegeektribunehttps://techcrunch.com/2026/02/19/this-vcs-best-advice-for-building-a-founding-team/,2026-02-19 12:36:06.642000+00:00,0,0,0,16
technology,Reliance unveils $110B AI investment plan as India ramps up tech ambitions…#technology #thegeektribunehttps://techcrunch.com/2026/02/19/reliance-unveils-110b-ai-investment-plan-as-india-ramps-up-tech-ambitions/,2026-02-19 12:36:04.743000+00:00,0,0,0,16
technology,ジャレコの名作RPGをリメイクした「ワイズマンズワールド リトライ」，PC/Xbox版を本日発売。モンスター辞典からの再戦機能などを追加 https://www.yayafa.com/2727905/ #:ワイズマンズワールドリトライ #PC:ワイズマンズワールドリトライ #SCIENCE #Science&Technology #Technology #WizmansWorld #XboxOne:ワイズマンズワールドリトライ #ジャンル:RPG #テーマ:ファンタジー #テクノロジー #プラットフォーム:PC #プラットフォーム:XboxOne #掲載日:2026/02/1919:58 #科学 #科学＆テクノロジー #編集部:maru #記事種別:ニュース,2026-02-19 12:28:59+00:00,0,0,0,90
technology,"Microsoft AI chief gives it 18 months—for all white-collar work to be automated by AI | Fortune
https://lemmy.ca/post/60664254",2026-02-19 12:25:21.577000+00:00,0,1,21,0
technology,"Algorithms at war: 5 ways to protect your data from AI-powered malware in 2026AI-powered malware in 2026 has evolved far beyond traditional viruses. Instead of static code, these...#engineering #technologyhttps://interestingengineering.com/ai-robotics/5-ways-to-protect-data-from-malware",2026-02-19 12:22:03+00:00,0,0,0,70
technology,Meta reportedly plans to release a smartwatch this year…#technology #thegeektribunehttps://www.engadget.com/wearables/meta-reportedly-plans-to-release-a-smartwatch-this-year-121247838.html?src=rss,2026-02-19 12:21:04.659000+00:00,0,0,0,16
technology,"Apple II series, computer series by Apple, 1977–1993. https://en.wikipedia.org/wiki/Apple_II#computers #tech #technology",2026-02-19 12:15:26+00:00,0,0,0,141
technology,"US: High-temperature nuclear fission chamber passes extreme heat stress test at 1,472°FA testing campaign led by the Department of Energy’s Oak Ridge National Laboratory (ORNL) has...#engineering #technologyhttps://interestingengineering.com/energy/fission-chamber-passes-extreme-heat-stress-test",2026-02-19 12:15:06+00:00,0,0,0,70
technology,Now We Know Why Tesla Killed Autopilot https://insideevs.com/news/787656/tesla-autopilot-california-dmv-marketing/ #technology,2026-02-19 12:13:02+00:00,0,0,0,24
climate,"The reckless repeal of the US Endangerment Finding
https://slrpnk.net/post/34321426",2026-02-19 19:51:52.717000+00:00,0,2,0,11
climate,"News about skiers hit by avalanche is really sad. But, I have to say, having lived & skiied backcountry at Tahoe early 90s, news prior about rain in the Sierra Mtns, not snow as usual, had me thinking I wouldn't ski this year if I were there & able. www.kcra.com/article/taho... #climate #wx Alerts 👀Skiers with roots in Lake Taho...",2026-02-19 19:23:45.001000+00:00,0,1,1,42
climate,"With little progress to report on the $70-billion Wonder Valley artificial intelligence data centre project promised for northern Alberta, Kevin O’Leary has announced he’s developing a twin AI data centre project in Utah, also named Wonder Valley.💣 💣 The projects require 15 GW of power (7.5 gigawatts each), to be deployed in phases. Both are close to methane gas infrastructure, and both involve land purchases of up to 13,000 acres.No one is willing to answer my questions or provide details on either project. For projects of this scale and impact on local communities and the environment, you’d think some transparency and accountability would be part of the plan.#ableg #cdnpoli #AIDataCentres #AIDataCenters #utahpolitics #Emissions #water #Climatehttps://www.theenergymix.com/second-wonder-valley-emerges-in-utah-as-alberta-project-stalls/",2026-02-19 18:58:50+00:00,3,2,3,580
climate,"CNN Espanol #ClimateEl presidente de Colombia, Gus...",2026-02-19 18:51:51.696000+00:00,0,1,0,59
climate,The Fifth Estate #Climate - YouTube,2026-02-19 18:46:50.592000+00:00,0,1,0,59
climate,TRT World #Climate - YouTube,2026-02-19 18:41:50.218000+00:00,0,1,0,59
climate,Will the US government ever again allow public posting of updated GRACE-FO data (the data showing melting of Greenland and Antarctic ice cap)? https://www.bocvip.com/1212557/will-the-us-government-ever-again-allow-public-posting-of-updated-grace-fo-data-the-data-showing-melting-of-greenland-and-antarctic-ice-cap/ #CLIMATE,2026-02-19 18:40:05+00:00,0,0,0,160
climate,"ADWEEK #ClimateAfter Ditching Havas, Group Ch...",2026-02-19 18:36:49.473000+00:00,0,2,0,59
climate,Citizen Digital #ClimateClimate experts: Fossil fuels ...,2026-02-19 18:31:45.778000+00:00,0,1,0,59
climate,Portland Press Herald #ClimateMaine lawmakers call for globa...,2026-02-19 18:26:45.116000+00:00,1,1,0,59
climate,The Hindu #ClimateEquity concerns in banning fos...,2026-02-19 18:22:26.958000+00:00,0,1,0,59
climate,The Guardian #ClimateColombia vows to put nature at...,2026-02-19 18:18:41.629000+00:00,0,1,0,59
climate,Dhaka Tribune #ClimateCOP28: The scientific basis fo...,2026-02-19 18:15:21.268000+00:00,1,1,0,59
climate,"Observatório do Clima #ClimateApós prometer ""transição"" em D...",2026-02-19 18:12:20.930000+00:00,0,1,0,59
climate,"Global Warming’s Six Americas, Fall 2025https://climatecommunication.yale.edu/publications/global-warmings-six-americas-fall-2025/#Climate, #ClimateChange",2026-02-19 18:11:38+00:00,0,0,0,31
climate,"The Verge #ClimateAn oil exec, a climate crisis,...",2026-02-19 18:09:36.583000+00:00,0,1,0,59
climate,The Atlantic #Climate​​A Radical Idea to Break the ...,2026-02-19 18:07:01.590000+00:00,0,1,0,59
climate,"Independent Australia IA #ClimateDespite poor COP results, hope...",2026-02-19 18:04:41.690000+00:00,0,1,0,59
climate,El País El Pais #ClimateLula y Petro: lo que en políti...,2026-02-19 18:02:31.695000+00:00,0,1,0,59
climate,Trump Says Climate Repeal Saves $1.3 Trillion. The EPA’s Math Differs | The agency’s own cost-benefit assessment for revoking the endangerment finding points to steep costs that may outweigh the savings. https://www.bocvip.com/1212503/trump-says-climate-repeal-saves-1-3-trillion-the-epas-math-differs-the-agencys-own-cost-benefit-assessment-for-revoking-the-endangerment-finding-points-to-steep-costs-that-may-ou/ #CLIMATE,2026-02-19 18:01:05+00:00,0,0,0,160
climate,The Straits Times #ClimateThe secret to a successful ene...,2026-02-19 18:00:30.666000+00:00,0,1,0,59
climate,New York Spectrum One 1 #ClimateAzerbaijan names a former oil ...,2026-02-19 17:58:37.479000+00:00,0,1,0,59
climate,The New York Times #ClimateThe New York Times,2026-02-19 17:56:50.535000+00:00,0,1,0,59
climate,Campaign #ClimateCampaign,2026-02-19 17:53:35.128000+00:00,0,1,0,59
climate,World Wildlife Fund WWF #ClimateWorld Wildlife Fund WWF,2026-02-19 17:52:02.615000+00:00,0,1,0,59
climate,"Drought alone didn’t undo the Classic Maya 🌵Elite refusal to structurally adapt compounded environmental stress. When leadership prioritizes image over reform, vulnerability deepens.Collapse is rarely sudden. It’s cumulative denial.#History #Climate #AncientWorld #Brewminatehttps://brewminate.com/ritual-drought-and-decline-elite-climate-denial-and-the-classic-maya-collapse/",2026-02-19 17:36:09.696000+00:00,0,1,0,30
climate,"The world’s rainforests are vanishing. In this one country, they’re growing back. https://www.bocvip.com/1212453/the-worlds-rainforests-are-vanishing-in-this-one-country-theyre-growing-back/ #CLIMATE",2026-02-19 17:22:09+00:00,0,0,0,160
climate,"The world’s rainforests are vanishing. In this one country, they’re growing back. How Costa Rica beat back deforestation and bucked the global trend
https://slrpnk.net/post/34318140",2026-02-19 17:17:32.593000+00:00,0,2,2,11
climate,"Accordingly, the EU could e.g. support protein diversification thru increased CAP funding and support for farmers engaged in growing plant-based foods for direct human consumption, next to other policy recommendations made in the report. 

#Agriculture #CAP #Meat #Dairy #Subsidies #Climate #Health",2026-02-19 17:14:55.567000+00:00,0,0,0,27
climate,"Trump is funding climate projects in red states but canceling them in California, lawsuit charges
https://slrpnk.net/post/34317946",2026-02-19 17:14:26.897000+00:00,0,2,0,11
climate,Study finds warming world increases days when weather is prone to fires around the globe https://www.bocvip.com/1212391/study-finds-warming-world-increases-days-when-weather-is-prone-to-fires-around-the-globe/ #CLIMATE,2026-02-19 16:43:06+00:00,0,0,0,160
climate,"“reliable weather is long gone” “much more widespread than just 1 or 2 bad years temporarily hitting #coffee production in certain areas”“increasing variability in weather could lead to increasingly unstable prices” A new #climate analysis suggests #coffee-growing regions worldwide face, on average, 47 extra days of crop-damaging #heat per year because of #climatechange. Smallholder #coffee farms, which form most of the industry, may not be able to survive https://www.cbc.ca/news/science/coffee-climate-change-heat-rain-9.7094800",2026-02-19 16:32:36+00:00,0,0,0,305
climate,"Is klimaatvriendelijk gedrag stimuleren betutteling? ‘Echt niet. De overheid grijpt voortdurend in’
https://slrpnk.net/post/34317072",2026-02-19 16:22:26.337000+00:00,0,2,0,11
climate,"Two months after being arrested, this Indigenous climate leader remains imprisoned in Russia | The U.N. and dozens of Indigenous organizations are demanding Daria Egereva’s release, but a Moscow court just extended her detention until at least March. https://www.bocvip.com/1212332/two-months-after-being-arrested-this-indigenous-climate-leader-remains-imprisoned-in-russia-the-u-n-and-dozens-of-indigenous-organizations-are-demanding-daria-egerevas-release-but-a-moscow-court/ #CLIMATE",2026-02-19 16:04:05+00:00,0,0,0,160
climate,"NOW ON VERDANT SQUARE RADIO == NOW PLAYING == The BradCast with Brad Friedman 2/18/2026 - #Antisemitism Rising Inside #MAGA, with investigative journalist Art Levinehttps://bradblog.com/audio/bradcast_bradfriedman-colbertcbs-fcc_artlevine-gopantisemitismrising_021826.mp3#news #uspol #commentary #progressive #left #BradFriedman #TheBradBlog #electionintegrity #climate #greennews #DesiDoyen #Democrats #vsn #radio #activismhttps://mastodon.social/@VerdantSquareRadio/116097744661146907",2026-02-19 15:47:22+00:00,0,3,0,72
climate,"Trump Says Climate Repeal Saves $1.3 Trillion. The EPA’s Math Differs | The agency’s own cost-benefit assessment for revoking the endangerment finding points to steep costs that may outweigh savings
https://slrpnk.net/post/34315595",2026-02-19 15:37:27.221000+00:00,0,2,0,11
climate,"@primonatura They (& all others) ought to eat less #meat, for the good of both the #climate & their #health - but EU countries subsidise meat #production heavily, see: https://www.theguardian.com/environment/2026/feb/19/beef-lamb-legumes-eu-subsidies-study.",2026-02-19 15:28:40.875000+00:00,0,0,0,471
climate,"Dirtier air, higher prices: Colorado groups decry Trump administration’s decision to limit climate regulations https://www.bocvip.com/1212278/dirtier-air-higher-prices-colorado-groups-decry-trump-administrations-decision-to-limit-climate-regulations/ #CLIMATE",2026-02-19 15:25:05+00:00,0,0,0,160
climate,"""The complaint has it all: corporate malfeasance, bribery, off-the-books recordkeeping, surveilling journalists, creating ‘ghost’ candidates, corrupting independent media outlets, and a failed acquisition that spiraled into two federal indictments..""#EnergyMastodon #FPL #Corruption #EnergyTransition #Climate https://floridatrib.org/2025/11/28/resurrected-lawsuit-puts-fpls-past-controversies-back-in-the-spotlight/",2026-02-19 15:02:17+00:00,1,3,0,844
climate,"""French government urges citizens to ‘limit’ meat consumption to fight climate change""#France #Food #Climate #ClimateChangehttps://www.euronews.com/green/2026/02/16/french-government-urges-citizens-to-limit-meat-consumption-to-fight-climate-change",2026-02-19 15:00:37+00:00,1,5,3,1432
climate,"Study finds warming world increases days when weather is prone to fires around the globe
https://slrpnk.net/post/34314694",2026-02-19 14:56:01.001000+00:00,0,2,0,11
climate,"Silicon Valley is building a shadow power grid for data centers across the U.S. | Tech companies are building data centers with their own private power plants, a risky bet that will increase carbon emissions and other pollution. https://www.bocvip.com/1212220/silicon-valley-is-building-a-shadow-power-grid-for-data-centers-across-the-u-s-tech-companies-are-building-data-centers-with-their-own-private-power-plants-a-risky-bet-that-will-increase-carbon-em/ #CLIMATE",2026-02-19 14:46:10+00:00,0,0,0,160
climate,"> GAO: Millions of people can’t understand life-or-death weather alerts https://federalnewsnetwork.com/artificial-intelligence/2026/02/millions-of-people-cant-understand-life-or-death-weather-alerts-gao/#USGovernment response? #ThisIsAmerica people need to fucking learn English. (Yes, the issue is alerts, like ones you get on your phone, are only in English.) #weather #climate #GovDocs #GAO #GovernmentAccountabilityOffice",2026-02-19 14:44:52+00:00,0,0,0,984
climate,"Update. The litigation to restore the endangerment finding has begun. https://www.edf.org/media/epa-sued-over-illegal-repeal-climate-protections""A broad coalition of health and environmental groups sued the U.S. Environmental Protection Agency (#EPA) today [Feb 18] over its illegal determination that it is not responsible for protecting us from climate pollution.""Here's the official complaint:https://library.edf.org/AssetLink/h3f286t8xt043h8k2404vfvva3866bh5.pdfHere's the impressive list of plaintiff orgs:American Public Health Association, Alliance of Nurses for Healthy Environments, American Lung Association, Center for Biological Diversity, Center for Community Action and Environmental Justice, Clean Air Council, Clean Wisconsin, Conservation Law Foundation, Environmental Defense Fund, Environmental Law & Policy Center, Friends of the Earth, Natural Resources Defense Council, Physicians for Social Responsibility, Public Citizen, Rio Grande International Study Center, Sierra Club, and Union of Concerned Scientists.#Climate #Environment #DefendResearch #Trump #TrumpVResearch #USLaw #USPol #USPolitics",2026-02-19 14:40:00+00:00,2,7,1,7641
climate,#US #Environmental #Protection #Agency #EPA #lawsuit #climate #dangerhttps://insideclimatenews.org/news/18022026/epa-sued-for-backtracking-endangerment-finding/,2026-02-19 14:33:16.349000+00:00,0,1,0,69
climate,China Briefing 19 February 2026: CO2 emissions ‘flat or falling’ | First tariff lifted | Ma Jun on carbon dataclimate,2026-02-19 14:32:04.718000+00:00,0,0,0,5
climate,China Briefing 19 February 2026: CO2 emissions ‘flat or falling’ | First tariff lifted | Ma Jun on carbon data #ClimateChina Briefing 19 February 202...,2026-02-19 14:31:52.310000+00:00,0,1,0,59
climate,"Dirtier air, higher prices: Colorado groups decry Trump administration’s decision to limit climate regulations
https://slrpnk.net/post/34313945",2026-02-19 14:31:17.066000+00:00,0,2,0,11
climate,"Climate Matters: Climate change denial: Past, present, future
https://slrpnk.net/post/34313927",2026-02-19 14:29:04.183000+00:00,0,2,0,11
climate,"(7/7)-> #science : les molécules des colorants directs et de la plupart des fibres naturelles se repoussent mutuellement, car porteuses de charges électriques négatives.#year1863 #climat #climate #anthropocene #climatechange",2026-02-19 14:28:26.983000+00:00,0,0,0,286
climate,"NOW PLAYING == The BradCast with Brad Friedman 2/18/2026 - #Antisemitism Rising Inside #MAGA, with investigative journalist Art Levinehttps://bradblog.com/audio/bradcast_bradfriedman-colbertcbs-fcc_artlevine-gopantisemitismrising_021826.mp3#news #uspol #commentary #progressive #left #BradFriedman #TheBradBlog #electionintegrity #climate #greennews #DesiDoyen #Democrats #vsn #radio #activism #DiverseSpectrumOfTheLeft #SupportIndependentMedia #Resist",2026-02-19 14:23:16.422000+00:00,1,3,0,55
climate,#ClimateChange #Climate #maga,2026-02-19 14:19:47.288000+00:00,5,5,0,193
climate,"Two months after being arrested, this Indigenous climate leader remains imprisoned in Russia
https://slrpnk.net/post/34313512",2026-02-19 14:18:36.964000+00:00,0,2,0,11
climate,"A Perplexing Ohio Bill Would Ban Wind, Solar … and Coal?
https://slrpnk.net/post/34313510",2026-02-19 14:17:48.037000+00:00,0,2,2,11
climate,"The building legal case for global climate justice | How to get the biggest emitters to pay for their climate offenses.
https://slrpnk.net/post/34313473",2026-02-19 14:16:34.506000+00:00,1,3,0,11
climate,"Global Warming’s Six Americas, Fall 2025 - updated survey
https://slrpnk.net/post/34313422",2026-02-19 14:12:38.448000+00:00,0,2,0,11
climate,"Tech companies are building data centers with their own private power plants, a risky bet that will increase carbon emissions and other pollution.
https://slrpnk.net/post/34313420",2026-02-19 14:11:23.316000+00:00,0,2,3,11
climate,Heat poses additional risks post-hurricane: Researchers urge adoption of official fifth hurricane hazard https://www.bocvip.com/1212172/heat-poses-additional-risks-post-hurricane-researchers-urge-adoption-of-official-fifth-hurricane-hazard/ #CLIMATE,2026-02-19 14:07:06+00:00,0,0,0,160
climate,"If you care about who breathes clean air and who doesn’t, read this carefully. This isn’t just deregulation. It’s about shifting the cost of industrial pollution onto our children and our frontline communities. #trump #zeldin #epa #corruption #climate
open.substack.com/pub/bomdia/p...M&A Alert: Trump/Zeldin Comple...",2026-02-19 14:01:53.417000+00:00,0,3,0,2
climate,"""Despite Rollbacks, U.S. Fossil Fuels Face Tough Road Ahead""#US #USA #America #FossilFuels #Climate #ClimateChangehttps://e360.yale.edu/digest/endangerment-coal-oil-demand",2026-02-19 14:00:41+00:00,0,2,0,1432
climate,"UK MPs in call to halt Drax’s £2m-a-day subsidy over sustainability doubts | Cross-party group ‘deeply concerned’ power plant may have misled ministers and regulators over source of wood pellets
https://slrpnk.net/post/34312813",2026-02-19 13:41:54.914000+00:00,1,2,0,11
climate,"Claims that #AI can help fix #climate dismissed as #greenwashing#Tech companies are conflating traditional artificial intelligence with generative AI when claiming the energy-hungry technology could help avert climate breakdown.Most claims that AI can help avert climate breakdown refer to #machinelearning and not the energy-hungry chatbots and image generation tools driving the sector’s explosive growth of gas-guzzling #datacenters, the analysis of 154 statements found.https://www.theguardian.com/technology/2026/feb/17/tech-companies-traditional-ai-generative-climate-breakdown-report",2026-02-19 13:39:01+00:00,10,19,3,2148
climate,"https://www.theguardian.com/environment/2026/feb/19/beef-lamb-legumes-eu-subsidies-study. This at a time when, for the sake of the #climate, not to mention their #health, people need to eat far less #meat, & far more in the way of #vegetables. See: https://www.researchsquare.com/article/rs-7543469/v1.",2026-02-19 13:37:56.817000+00:00,0,4,0,471
climate,"The world’s rainforests are vanishing. In this one country, they’re growing back.
https://fed.brid.gy/r/https://www.vox.com/climate/479573/costa-rica-forest-ecosystem-services",2026-02-19 11:00:00+00:00,0,1,0,23
climate,"The hottest new winter sport is about to get even hotter
https://fed.brid.gy/r/https://www.vox.com/climate/479574/milan-cortina-winter-olympics-skimountaineering-skimo",2026-02-19 12:30:00+00:00,0,2,0,23
climate,The Energy Transition Won’t Work Without Coal Towns #ClimateThe Energy Transition Won’t Wo...,2026-02-19 13:31:49.193000+00:00,0,2,0,59
climate,Ma Jun: ‘No business interest’ in Chinese coal power due to cheaper renewables https://www.bocvip.com/1212119/ma-jun-no-business-interest-in-chinese-coal-power-due-to-cheaper-renewables/ #CLIMATE,2026-02-19 13:28:04+00:00,0,0,0,160
climate,"Ma Jun: ‘No business interest’ in Chinese coal power due to cheaper renewables
https://slrpnk.net/post/34312512",2026-02-19 13:26:18.966000+00:00,0,2,0,11
climate,#theBeeAt3Basic bee facts every day at 3pm.# 268# 267 contd.#Alaska has a relatively low diversity of #bees but quite a high proportion of #bumblebees which are suited more to cooler than warmer climes and in Alaska may not face many of the pressures they do elsewhere.🐝🌍#nature#wildlife#biodiversity#environment #trump #insects #epstein #climate #worldbeesanctuary,2026-02-19 13:22:40+00:00,9,11,1,4038
climate,https://www.theguardian.com/business/2026/feb/10/europeans-us-emirates-asia-travel-tui-trump-immigration-crackdown?CMP=Share_iOSApp_Other politics #politics #politician #news #globalnews #conflict #internationalnews #trump #usa #europe #eu #climate #climatechange #environment #democracy #humanrights #cooperation #travel #tourism #france,2026-02-19 13:21:48.651000+00:00,2,5,1,6
climate,Ma Jun: ‘No business interest’ in Chinese coal power due to cheaper renewables #ClimateMa Jun: ‘No business interest’...,2026-02-19 13:11:48.659000+00:00,0,1,0,59
climate,Antarctic warming is altering atmospheric stability: New evidence from the 1950s to the present. https://www.bocvip.com/1212067/antarctic-warming-is-altering-atmospheric-stability-new-evidence-from-the-1950s-to-the-present/ #CLIMATE,2026-02-19 12:49:05+00:00,0,0,0,160
climate,Ma Jun: ‘No business interest’ in Chinese coal power due to cheaper renewables climate,2026-02-19 12:48:21.773000+00:00,0,0,0,5
climate,"#feministLeaving fossil fuels in the ground (including Venezuelan oil) is fundamental to climate mitigation efforts. But phasing out fossil fuels would take away wealth and power from global elites (many of whom appear in the Epstein files). In a reinforcing loop, controlling oil and gas production requires militarisation & war, which then increases demand for fossil fuelshttps://www.irishtimes.com/environment/climate-crisis/2026/02/19/feminist-climate-justice-offers-antidote-to-petro-masculinity/https://archive.ph/pdx6T#ClimateChange #GlobalWarming #pollution #ecology #environment #climate",2026-02-19 12:03:26.418000+00:00,5,6,0,3448
climate,"#Russia Two months after being arrested, this Indigenous climate leader remains imprisoned in RussiaThe U.N. and dozens of Indigenous organizations are demanding Daria Egereva's release, but a Moscow court just extended her detention until at least Marchhttps://grist.org/indigenous/two-months-after-being-arrested-this-indigenous-climate-leader-remains-imprisoned-in-russia/#ClimateChange #GlobalWarming #UpheavalClimate #ClimateInstability #MassAtrocity #pollution #ecology #environment #climate #ClimateStrike",2026-02-19 11:40:58.857000+00:00,0,5,0,3448
climate,How a citizen movement is making cities more heat resilient https://www.bocvip.com/1211978/how-a-citizen-movement-is-making-cities-more-heat-resilient/ #CLIMATE,2026-02-19 11:31:04+00:00,0,0,0,160
climate,"Climate feedback of forest fires amplified by atmospheric chemistryClimate-driven intensification of forest wildfires releases reactive gases that reduce the atmosphere’s oxidation capacity, thereby increasing methane concentrations and amplifying warminghttps://www.nature.com/articles/s41561-026-01926-1#ClimateChange #GlobalWarming #UpheavalClimate #ClimateInstability #MassAtrocity #pollution #ecology #environment #climate",2026-02-19 11:25:25.925000+00:00,0,4,0,3448
climate,Geothermal energy could replace 42% of EU's fossil electricity. Which nation has the most potential? #Climate Change :climate-change: #EUNewshttps://www.euronews.com/green/2026/02/19/geothermal-energy-could-replace-42-of-eus-fossil-electricity-which-nation-has-the-most-pot,2026-02-19 11:10:03+00:00,0,2,0,294
climate,"""That threatens everyone - but especially those who can't afford to bankroll their own personal energy transition. It also risks political backlash.""
Yeah, hi @thebaffler.com@bsky.brid.gy @daveadenison.bsky.social@bsky.brid.gy .
As you were saying...
#climate fyi @amywestervelt.bsky.social@bsky.brid.gyRE: https://bsky.app/profile/did:plc:fo53ocjdxlastd7cmg7rjkfi/post/3mdljf6ozo32cGreen Raw Deals | Dave Denison...",2026-02-19 11:06:34.435000+00:00,0,0,1,6
climate,"📢 The final episode of #AIUnplugged is here!The series explores how #AI is already being used across industries globally – in business, research, humanitarian action, government, and planning.In this last video, we sit down with Angela Meyer, assistant professor at TU Delft and BFH, to explore how  #AI is being harnessed for #energy #weather and #climate applications; and what role it can play in accelerating the #EnergyTransition  ⚡️🌍https://www.youtube.com/watch?v=YB4yN8gSsiY&list=PL5SjTss6DdQIGHZ8iCWEiSaB1ubMgX0Fk&index=2",2026-02-19 10:52:38+00:00,0,0,0,30
climate,More lost ‘horizons’: how New Mexico’s climate plan flamed out again. Republicans didn’t fight the bill because “they didn’t need to. They could just wait for the seven Democrats that voted with them.” https://www.bocvip.com/1211935/more-lost-horizons-how-new-mexicos-climate-plan-flamed-out-again-republicans-didnt-fight-the-bill-because-they-didnt-need-to-they-could-just-wa/ #CLIMATE,2026-02-19 10:52:07+00:00,0,0,0,160
climate,"Fossil fuelled climate change made the deadly 2024 Valencia floods significantly more intense and widespread.Not “natural cycles.” Not “secret geoengineering.” Not “government controlled weather.”It’s fossil fuels, deforestation and corporate greed driving these escalating climate disasters.#extremeweather #climate #climatechange #climatecrisis #floods https://www.scientificamerican.com/article/how-climate-change-made-deadly-floods-in-spain-even-worse/",2026-02-19 10:49:02.484000+00:00,23,22,1,23240
climate,"Wednesday for Human Rights, Week 91

Q&A about climate change.

More information and sources: 
nebriefing.org
scientistrebellion.org
theguardian.com/environment/climate-crisis

Translation of subtitles:
Climate change? No problem.
I can just adapt.
And if I survive the heat,
then my house will
stop burning
and won't be flooded, right?
No.
But food will magically
continue to appear in the supermarket, right?
No, again.
At least I'll survive
when the insects die, right?
No, not even that.
Okay, that's pretty bad.
But local elections are coming up soon.
If I just vote the right way,
then I'm doing enough, right?
Believe it or not
No

#climatecrisis #climatejustice #climate #activism #humanrights",2026-02-19 10:28:49+00:00,1,7,0,14
climate,"AI will fix the climate? 😼 According to a report analyzing 154 statements, most of the climate-saver hype is about machine learning—not the energy-hungry chatbots fueling datacenter expansion. It found not a single “material, verifiable, and substantial” emissions cut led by tools like Google’s Gemini or Microsoft’s Copilot. So… greenwashing, but louder?https://news.slashdot.org/story/26/02/19/0113210/claims-that-ai-can-help-fix-climate-dismissed-as-greenwashing#AI #Climate #Gemini",2026-02-19 10:12:41+00:00,0,1,0,190
climate,The cowboy who got rich selling veggie burgers #ClimateThe cowboy who got rich sellin...,2026-02-19 09:56:39.097000+00:00,0,1,0,59
climate,The nation’s largest public utility is going back to coal — with almost no input from the public #ClimateThe nation's largest public ut...,2026-02-19 09:51:38.029000+00:00,0,2,0,59
climate,"Scientists have found another alarming pattern in wildfires
https://fed.brid.gy/r/https://www.vox.com/climate/479563/wildfire-science-climate-extreme-heat-weather-australia-smoke",2026-02-18 21:55:00+00:00,0,2,0,23
climate,"Two months after being arrested, this Indigenous climate leader remains imprisoned in Russia #ClimateTwo months after being arreste...",2026-02-19 09:31:37.522000+00:00,0,1,0,59
climate,https://ard.social/@tagesschau/116095950734775994#climate #environment #trump,2026-02-19 08:03:19.182000+00:00,0,2,0,34
climate,A new #climate dashboard. Showing global average air temp vs pre-industrial. https://dashboard.theclimatebrink.com/Info. https://climate.copernicus.eu/c3s-data-powers-new-global-temperature-dashboard,2026-02-19 07:54:02.941000+00:00,3,4,0,1491
climate,"Changing how we grow food is urgent if we are to solve our climate crisis. 🌍🍅Join longtime eco-farmer Helen Atthowe *this Sunday* to learn how we can transition away from industrial and animal agriculture, and grow resilience on the farm and beyond. This is vital information for farmers, gardeners, and everyone advocating for a sustainable food system.REGISTER: https://us06web.zoom.us/webinar/register/5917707753017/WN_aea1QaYWRD2ULly5eoUdvQ#vegan #climate #agriculture #gardening",2026-02-19 07:24:37.669000+00:00,5,6,0,331
climate,Introducing the Climate Brink Dashboard #ClimateIntroducing the Climate Brink ...,2026-02-19 07:06:31.140000+00:00,0,1,0,59
climate,Skeptical Science New Research for Week #8 2026 #ClimateSkeptical Science New Research...,2026-02-19 07:01:29.724000+00:00,0,1,0,59
climate,This isn’t about foreign relationships; it is fodder for the MAGA back home https://www.theguardian.com/world/2026/feb/18/belgium-investigation-jewish-men-diplomatic-row-us-ambassador?CMP=Share_iOSApp_Other politics #politics #politician #news #globalnews #conflict #internationalnews #trump #usa #europe #eu #climate #climatechange #environment #democracy #humanrights #cooperation,2026-02-19 06:27:53.573000+00:00,2,0,0,6
climate,Experts say NZ should be taking inspiration from Africa’s rapid move to renewables.Sub-Saharan Africa has one of the highest global growth rates in renewables and North Africa is building the capability to sell energy to other countrieshttps://newsroom.co.nz/2026/02/19/nz-should-learn-from-africa-on-dynamic-renewables-led-development/?utm_source=nickofnz&utm_medium=nickofnz #renewables #solar #nzpol #climate #ClimateChange #resilience,2026-02-19 06:26:42+00:00,1,6,0,897
climate,Environmental protest group Extinction Rebellion says FBI is investigating it for terrorism | Extinction Rebellion says some members have been visited by agents claiming to be FBI amid Trump’s threats toward liberal groups https://www.bocvip.com/1211683/environmental-protest-group-extinction-rebellion-says-fbi-is-investigating-it-for-terrorism-extinction-rebellion-says-some-members-have-been-visited-by-agents-claiming-to-be-fbi-amid-trumps/ #CLIMATE,2026-02-19 06:19:04+00:00,0,0,0,160
climate,"Good morning. It's 6AM, Thursday, 19th February. The headlines: The 'Board of Peace' aims to raise $5bn for #Gaza. Talks involving #Russia, #Ukraine and the US have ended in Geneva. Mark Zuckerberg has given evidence in a trial on social media addiction. Environmental organisations are taking legal action against #Trump for scrapping a #climate rule. London Fashion Week begins. There are reports from CBS that the US could act against Iran by Saturday. #BBC #News",2026-02-19 06:15:06+00:00,0,3,0,2636
climate,"Environmental protest group Extinction Rebellion says FBI is investigating it for terrorism
https://slrpnk.net/post/34301559",2026-02-19 06:06:58.183000+00:00,0,2,4,11
climate,Extinction Rebellion #USNew #Activist Open HouseDate: February 21Time: 1pm CST / 11am PST / 2pm ESTLocation: #Virtual / #onlineScan QR code or click https://actionnetwork.org/events/xrus-open-house-for-new-activists-saturday-february-21-2026 to #register. #climate #ClimateAction #action,2026-02-19 05:46:45+00:00,0,2,0,1
climate,Trump’s One Big Beautiful Blow to the EV Supply Chain #ClimateTrump’s One Big Beautiful Blow...,2026-02-19 05:06:24.673000+00:00,0,1,0,59
climate,"Intense heat waves directly threaten crops and native species. In late January, a flying fox colony was all but wiped out in South Australia, while Western Australian mango growers suffered major crop losses as fruit literally boiled. https://www.bocvip.com/1211601/intense-heat-waves-directly-threaten-crops-and-native-species-in-late-january-a-flying-fox-colony-was-all-but-wiped-out-in-south-australia-while-western-australian-mango-growers-suffered-major-crop/ #CLIMATE",2026-02-19 05:01:04+00:00,0,0,0,160
climate,"Study finds global increase in hot, dry days ideal for wildfires | Climate crisis https://www.bocvip.com/1211558/study-finds-global-increase-in-hot-dry-days-ideal-for-wildfires-climate-crisis/ #CLIMATE",2026-02-19 04:22:04+00:00,0,0,0,160
climate,"Planting Billions of Trees Turned Barren Desert into a Carbon Sink That Lowers CO2
https://fed.brid.gy/r/https://www.goodnewsnetwork.org/chinas-tree-planting-turned-a-barren-desert-into-a-carbon-sink-to-help-lower-atmospheric-co2/",2026-02-18 14:00:55+00:00,0,5,0,181
climate,"So we’re doing the un-science thing now? According to the article, six environmental/health groups (via Earthjustice) sued the EPA in the D.C. Circuit after it moved to kill the 2009 endangerment finding—arguments it says the Supreme Court rejected in 2007 (Massachusetts v. EPA). Who’s minding the litter box? 😼https://yro.slashdot.org/story/26/02/19/0034254/epa-faces-first-lawsuit-over-its-killing-of-major-climate-rule#EPA #Climate #CleanAirAct",2026-02-19 03:42:38+00:00,0,1,0,190
climate,"Climate change media coverage fell 14% in 2025https://www.colorado.edu/today/2026/02/16/climate-change-media-coverage-fell-14-2025#Climate, #ClimateChange",2026-02-19 03:41:46+00:00,1,4,0,31
climate,"Stinky fact: Cow farts & burps make up 28% of food system methane emissions superheating our planet. (Click on photo on bottom right for stat.) Adding red seaweed to feed can reduce them by 80-99%, but we need to grow a lot more seaweed....  #Methane #Climate
www.sciencedaily.com/releases/202...RE: https://bsky.app/profile/did:plc:ehnv6xi4qb5nhffmroalveeo/post/3mcx63g46rd2sUnderstanding how a red seawee...",2026-02-19 03:35:07.207000+00:00,1,3,0,1
climate,"Nearly half of Americans think they'll see catastrophic impacts of climate change in their lifetimeshttps://today.yougov.com/politics/articles/54124-nearly-half-americans-think-they-will-see-catastrophic-impacts-climate-change-in-their-lifetimes-february-13-16-2026-economist-yougov-poll#Climate, #ClimateChange",2026-02-19 03:28:44+00:00,0,0,0,31
climate,"""...Rights advocates have raised free speech concerns under Donald Trump’s administration, citing his crackdown on pro-Palestinian protests against Israel’s assault on Gaza, and his threats against liberal non-profits and groups opposed to his agenda, including his immigration and climate policies.The Trump administration has accused groups, often without evidence, of funding and organizing political violence. Climate advocates have criticized Trump’s cuts to domestic climate regulations and the US withdrawal from global environmental accords....""#uspol #climateemergency #climate #fascism #repression #trump",2026-02-19 03:02:09+00:00,1,2,0,8913
climate,The Guardian: Environmental protest group says FBI is investigating it for terrorismhttps://www.theguardian.com/environment/2026/feb/18/extinction-rebellion-fbi-trump-environment#climateemergency #climate #uspol #trump #fascism,2026-02-19 03:00:43+00:00,0,4,3,8913
climate,China’s Carbon Dioxide emissions have now been ‘flat or falling’ for 21 months. #China #climate #ClimateChange #ClimateCrisis #environment https://www.carbonbrief.org/analysis-chinas-co2-emissions-have-now-been-flat-or-falling-for-21-months/,2026-02-19 02:47:16+00:00,2,5,0,1288
climate,What does a California wildfire have to do with Tokyo? Artist Alejandro M. Lopez’s exhibition in Shibuya connects personal survival to a global climate reckoning. https://www.japantimes.co.jp/culture/2026/02/19/art/california-fires-painting-lopez/?utm_medium=Social&utm_source=mastodon #culture #art #wildfires #california #ultrasupernew #exhibitions #climate #painting,2026-02-19 01:48:00.698000+00:00,0,4,0,5873
climate,"Scientists have found another alarming pattern in wildfires | Around the world, the conditions that brew massive blazes are…syncing up? https://www.bocvip.com/1211404/scientists-have-found-another-alarming-pattern-in-wildfires-around-the-world-the-conditions-that-brew-massive-blazes-are-syncing-up/ #CLIMATE",2026-02-19 01:46:05+00:00,0,0,0,160
climate,Part of the entrance laneway here today at World Bee Sanctuary…And this is a good day at the moment.Water literally pouring off the saturated fields around here almost constantly.Does not bode well for food production and food security going forward.Gets worse every year.#climate #rain #food,2026-02-19 01:31:19+00:00,0,10,0,4038
climate,Conversations U.S. #auto makers don't have because they've been co-opted by #climate nihilistshttps://search.app/DNxfQ,2026-02-19 01:13:43+00:00,0,1,0,7
climate,Would abandoning false hope help us to tackle the climate crisis? https://www.bocvip.com/1211353/would-abandoning-false-hope-help-us-to-tackle-the-climate-crisis/ #CLIMATE,2026-02-19 01:07:04+00:00,0,0,0,160
climate,Trump's EPA decides climate change doesn't endanger public health—the evidence says otherwise https://phys.org/news/2026-02-trump-epa-climate-doesnt-endanger.html#UnitedStates #USA #US #environment #health #PublicHealth #climate #ClimateChange #ClimateCrisis #Trump #EPA,2026-02-19 01:05:53+00:00,2,7,0,824
climate,This is the reality: facts about emissions reduction progress. Ignore the gaslighting. #climate #energyWe’re a long way from where we should be but the outlook has improved since the Paris Agreement.https://www.smh.com.au/environment/climate-change/don-t-be-gaslit-on-climate-there-s-no-going-back-on-this-energy-transition-20260217-p5o2za.htmlhttps://archive.md/jNXBm,2026-02-19 01:01:24+00:00,0,1,0,245
climate,‘Daunting but doable’: Europe urged to prepare for 3C of global heating https://www.theguardian.com/environment/2026/feb/16/europe-climate-advisory-board-3c-global-heating#Europe #environment #climate #ClimateChange #ClimateCrisis,2026-02-19 00:51:50+00:00,0,0,0,824
climate,"NOW ON VERDANT SQUARE RADIO == NOW PLAYING == 'BradCast' 2/17/2026 ('SAVE America Act' Designed to Disenfranchise Voters, Undermine Democracy, with election integrity advocate Jennifer Cohn) https://bradblog.com/audio/bradcast_bradfriedman-jessejacksonrip-trumppolls_jennycohn-saveact_021726.mp3#news #uspol #commentary #progressive #left #BradFriedman #TheBradBlog #electionintegrity #climate #greennews #DesiDoyen https://mastodon.social/@VerdantSquareRadio/116094527609709593",2026-02-19 00:48:11+00:00,0,3,0,72
climate,"NOW PLAYING == The BradCast with Brad Friedman 2/17/26 - #SAVEAmericaAct Designed to Save #GOP, Disenfranchise Voters, Undermine Democracy with election integrity advocate Jennifer Cohnhttps://bradblog.com/audio/bradcast_bradfriedman-jessejacksonrip-trumppolls_jennycohn-saveact_021726.mp3#news #uspol #commentary #progressive #left #BradFriedman #TheBradBlog #electionintegrity #climate #greennews #DesiDoyen #Democrats #vsn #radio #activism #DiverseSpectrumOfTheLeft #SupportIndependentMedia #Resist",2026-02-19 00:45:08.114000+00:00,0,6,0,55
climate,"Study finds global increase in hot, dry days ideal for wildfiresDangerous days have nearly tripled in past 45 years – and increase largely driven by human-made warminhttps://www.theguardian.com/environment/2026/feb/18/study-wildfires-danger#ClimateChange #GlobalWarming #UpheavalClimate #ClimateInstability #MassAtrocity #pollution #ecology #environment #climate",2026-02-19 00:31:43.717000+00:00,0,3,0,3448
climate,‘Playing Checkers’: Trump’s Bid to Revive Coal Is Nonsensical | The president last week ordered the Department of Defense to purchase coal energy. Experts say it’s a lost cause https://www.bocvip.com/1211308/playing-checkers-trumps-bid-to-revive-coal-is-nonsensical-the-president-last-week-ordered-the-department-of-defense-to-purchase-coal-energy-experts-say-its-a-lost-cause/ #CLIMATE,2026-02-19 00:28:04+00:00,0,0,0,160
climate,Ambitious climate action could save 1.32 million lives a year by 2040 https://phys.org/news/2026-02-ambitious-climate-action-million-year.html#climate #ClimateChange #ClimateCrisis #ClimateAction #politics #PublicHealth,2026-02-19 00:23:26+00:00,2,1,0,824
climate,"2.15/2... ... Michigan : déclin du grand corégone #poisson et changements dans les récoltes de l’érable à #sucre niinatig + Bayer signe accord à l'amiable 7,25 milliards de $ avec les avocats de 65 000 patients atteints de cancer liées au Roundup glyphosate avant limitation de sa responsabilité sur les étiquetages étudiée par Cour Supreme (cf 2020).#year2026 #climat #climate #anthropocene #climatechange #climatecrisis",2026-02-19 00:19:12.360000+00:00,0,0,0,286
climate,Environmental protest group says FBI is investigating it for terrorism #ClimateEnvironmental protest group sa...,2026-02-19 00:01:09.819000+00:00,0,2,0,59
climate,The West’s Winter Has Been a Slow-Moving Catastrophe https://www.bocvip.com/1211247/the-wests-winter-has-been-a-slow-moving-catastrophe/ #CLIMATE,2026-02-18 23:49:06+00:00,0,0,0,160
climate,"Scientists have found another alarming pattern in wildfires | Around the world, the conditions that brew massive blazes are...syncing up?
https://slrpnk.net/post/34277404",2026-02-18 23:43:54.835000+00:00,0,2,3,11
climate,(10/10)- marée noire Espagne/Portugal/France pétrolier Prestige : environ 125 t. de fioul par jour pendant 4 semaines.- Congo : #pollution #corruption #cobalt (cf 2022) https://mastodon.social/@cobrate/115510759479950849#year2002 #climat #anthropocene #climate #climatechange #climatecrisis,2026-02-18 23:30:59.069000+00:00,0,0,0,286
climate,#year2023 #climat #climate #anthropocene #climatechange #climatecrisis,2026-02-18 23:20:11.039000+00:00,0,0,0,286
climate,Scientists have found another alarming pattern in wildfires https://www.bocvip.com/1211191/scientists-have-found-another-alarming-pattern-in-wildfires/ #CLIMATE,2026-02-18 23:10:04+00:00,0,0,0,160
climate,"‘Playing Checkers’: Trump’s Bid to Revive Coal Is Nonsensical | The president last week ordered the Department of Defense to purchase coal energy. Experts say it's a lost cause
https://slrpnk.net/post/34277064",2026-02-18 23:03:51.807000+00:00,0,2,5,11
climate,"""A coalition of 17 environmental groups have filed suit against the #EPA’s recent illegal attacks on #CleanAir and #climate science, pointing out that the rule will raise American #energy costs by $1.4 trillion by the EPA’s own numbers, in addition to massive health and environmental costs.""https://electrek.co/2026/02/18/epa-sued-for-attacks-on-science-clean-air-which-hike-your-energy-costs-1-4t/",2026-02-18 23:03:09+00:00,3,5,0,2267
climate,"Study finds global increase in hot, dry days ideal for wildfires #ClimateStudy finds global increase in...",2026-02-18 23:01:07.440000+00:00,0,2,0,59
climate,"(13/13)=> Depuis 1950, 70 % des oiseaux marins ont mondialement disparu + prédation naturelle/tempêtes/captures accidentelles/plastique mortel.#year2010 #anthropocene #climat #climate #climatechange #climatecrisis",2026-02-18 22:53:57.743000+00:00,1,0,0,286
climate,"(14/14)""l’ère de la surabondance d’ #information en #temps réel accroît la confusion."" #infobesite- Le Monde Diplomatique#climat #year2008 #climate #anthropocene #climatechange #climatecrisis",2026-02-18 22:41:09.206000+00:00,0,0,0,286
climate,"Nonviolent Climate Activist Group Says It’s Been Targeted by FBI ‘Terrorism’ Task Force | “This is an escalation against the climate movement as a whole, and the next phase of this administration’s crackdown on dissent,” said Extinction Rebellion. https://www.bocvip.com/1211140/nonviolent-climate-activist-group-says-its-been-targeted-by-fbi-terrorism-task-force-this-is-an-escalation-against-the-climate-movement-as-a-whole-and-the-next-phase-of-this-administrat/ #CLIMATE",2026-02-18 22:31:05+00:00,0,0,0,160
climate,"(12/13) ... laboratoires Servier (cf 1976) -> #livre Mediator 150 mg, combien de morts ? de la pneumologue Irène Frachon #science.- météo Bordeaux : 18  août /20 août / 23 août / 25 août : min 17° max 23°/ min 18° max 32° /min 20° max 27° / min 14° max 32° (cf 1975 1995).- fin #Grippe porcine #alimentation #agriculture (cf 2003 2009 2012).#year2010 #anthropocene #climat #climate #climatechange #climatecrisis",2026-02-18 22:24:23.280000+00:00,0,0,1,286
climate,"#EPA Faces First #Lawsuit Over Its Killing of Major #Climate RuleArguing move to eliminate limits on #greenhousegases from vehicles, and potentially other sources, was illegal. Triggered by last week’s decision by the EPA to kill one of its key scientific conclusions, #endangermentfinding, which says greenhouse gases harm public health. The finding had formed the basis for climate regulations in #US. Likely to end up before the #SupremeCourt.https://www.nytimes.com/2026/02/18/climate/epa-endangerment-finding-lawsuit.htmlhttps://archive.ph/oacGt",2026-02-18 22:21:01+00:00,2,7,0,2148
climate,"If the Australia Institute are all about truth, transparency & being progressive, then what is Andrew Forrest getting for his donation to them?That's Andrew Forrest, Australia's 2nd richest polluting miner on Stolen Land, which our ""climate warrior"" refuses to acknowledge. How do you have climate action without human rights?#AusPol #AndrewForrest #Australia #AndrewForrest #climate #humanrights https://www.theguardian.com/australia-news/2025/sep/03/mining-magnate-andrew-forrest-minderoo-charity-makes-undisclosed-donation-to-the-australia-institute",2026-02-18 22:14:54.851000+00:00,2,0,0,48
climate,Floods linked to climate change hit nearly 1 million in Southern Africa https://news.mongabay.com/2026/02/floods-linked-to-climate-change-hit-nearly-1-million-in-southern-africa/#Africa #SouthAfrica #environment #flood #floods #flooding #climate #ClimateChange #ClimateCrisis,2026-02-18 22:14:21+00:00,0,0,0,824
climate,(32/32)-> production mondiale de #plastique = 400 millions de t. (cf 2000 2024).#livres Pesticides : comment ignorer ce que l'on sait de Jean-Noël #Jouzel#year2019 #anthropocene #climat #climate #climatechange #climatecrisis,2026-02-18 22:05:33.440000+00:00,0,0,0,286
climate,"Coffee-growing countries becoming too hot to cultivate beans, analysis finds | Climate crisis | The Guardian https://www.theguardian.com/environment/2026/feb/18/coffee-growing-countries-too-hot-to-cultivate-beans-analysis #Coffee #Climate #OhFuck",2026-02-18 21:57:26+00:00,11,29,2,1067
climate,"US Youth, Climate Coalition Sue to Stop Trump EPA ‘From Torching Our Kids’ Future’ https://www.bocvip.com/1211085/us-youth-climate-coalition-sue-to-stop-trump-epa-from-torching-our-kids-future/ #CLIMATE",2026-02-18 21:52:05+00:00,0,0,0,160
climate,Planting Billions of Trees Turned Barren Desert into a Carbon Sink That Lowers CO2https://www.goodnewsnetwork.org/chinas-tree-planting-turned-a-barren-desert-into-a-carbon-sink-to-help-lower-atmospheric-co2/#goodnews #goodearth #inspiring #trees #science #climate #China,2026-02-18 21:48:24+00:00,1,5,1,386
climate,"Plug-in hybrids use three times more fuel than manufacturers claim, analysis finds | While most hybrids are said to use one to two litres of fuel per 100km, a study claims they need six litres on average https://www.bocvip.com/1211032/plug-in-hybrids-use-three-times-more-fuel-than-manufacturers-claim-analysis-finds-while-most-hybrids-are-said-to-use-one-to-two-litres-of-fuel-per-100km-a-study-claims-they-need-six-litres-on-aver/ #CLIMATE",2026-02-18 21:13:04+00:00,0,0,0,160
climate,A #powerline through the ever #changing #sky clouds are changing #climate #shift #weather effects #photography,2026-02-18 21:11:59.888000+00:00,1,4,0,21
climate,"US Youth, Climate Coalition Sue to Stop Trump EPA ‘From Torching Our Kids’ Future’
https://lemmy.myserv.one/post/26130873",2026-02-18 21:10:03.124000+00:00,0,2,0,1
climate,"#UKThe research shows that prolonged changes in weather linked to climate change, particularly abnormal temperatures, are quietly but significantly undermining people's mental well-being and confidence about their finances, with effects equivalent to losing hundreds of pounds a monthhttps://theconversation.com/trump-claims-his-pollution-rollback-will-save-americans-money-but-climate-change-is-raising-household-costs-276201#ClimateChange #GlobalWarming #UpheavalClimate #ClimateInstability #MassAtrocity #pollution #ecology #environment #climate",2026-02-18 20:41:23.992000+00:00,2,3,0,3448
climate,"US sanctions, power cuts, climate crisis: why Cuba is betting on renewables
https://lemmy.myserv.one/post/26129870",2026-02-18 20:40:54.311000+00:00,0,2,0,1
climate,"#Renewables soar globally despite #US #climate pullbackTrump admin’s reversal of #endangermentfinding was met with dismay by experts; White House argues policy raised energy costs for consumers. Elsewhere in world, green technology is being implemented at pace: Africa’s #solar capacity expanded 17% last year, with 20 nations setting import records, and data this week showed China’s emissions may already be falling thanks in large part to its huge outlay on #cleanpower. https://www.semafor.com/article/02/13/2026/renewables-soar-globally-despite-us-climate-pullback",2026-02-18 20:35:01+00:00,1,3,0,2148
climate,"#sport Olympic Games and climate action: Time for a fundamental shift, say researchersThe carbon footprint of the Olympic Games remains substantial, despite reforms by the International Olympic Committee. A new study by the University of Lausanne shows that the Olympic model needs further reform to comply with the Paris Agreement & outlines possible courses of actionhttps://phys.org/news/2026-02-olympic-games-climate-action-fundamental.html#ClimateChange #GlobalWarming #UpheavalClimate #ClimateInstability #pollution #environment #climate",2026-02-18 20:34:16.390000+00:00,0,2,0,3448
climate,"The president of my university just stated that generative AI ""will be much like the implementation ofelectricity many years ago."" And in the sense that up until very very recently, producing electricity almost exclusively required extracting and burning coal, damming rivers, or generating un-cleanable  and generationally toxic wastes, which were all very early on and overwhelmingly connected to devastating environmental and human health costs, up to, and including the real risk of human extinction, I think he's right.#AI #climate #pollution",2026-02-18 20:30:58+00:00,0,0,0,32
climate,"#FrancePARIS – French President Emmanuel Macron took issue with the Trump administration’s fossil fuel-driven energy agenda on Wednesday, after Washington accused the International Energy Agency (IEA) of having being ‘infected’ by a ‘climate cult’https://www.euractiv.com/news/macron-rebuffs-us-criticism-of-iea-climate-focus/#ClimateChange #GlobalWarming #UpheavalClimate #ClimateInstability #MassAtrocity #pollution #ecology #environment #climate",2026-02-18 20:30:20.682000+00:00,0,3,0,3448
climate,"#USA #USHillary Clinton sharply criticized President Donald Trump’s climate policies, calling them “a political view of a dinosaur” and dangerously out of touch with reality. She warned that climate change affects everyone, not just corporations, framing it as a health crisis rather than merely an energy issuehttps://timesofindia.indiatimes.com/videos/international/hillary-calls-trump-a-dinosaur-warns-climate-change-is-a-health-crisis/videoshow/128520268.cms#ClimateChange #GlobalWarming #UpheavalClimate #ClimateInstability #MassAtrocity #pollution #ecology #environment #climate",2026-02-18 20:28:37.732000+00:00,5,5,0,3448
climate,"#Japan Cyberattacks, supply chain disruption and natural disasters are the most pressing risks facing Japanese organisations, according to Aon’s 2025 Global Risk Management Surveyhttps://www.insurancebusinessmag.com/asia/news/breaking-news/japanese-firms-face-heightened-cyber-and-climate-exposure--aon-565786.aspx#ClimateChange #GlobalWarming #UpheavalClimate #ClimateInstability #MassAtrocity #pollution #ecology #environment #climate",2026-02-18 20:27:13.640000+00:00,0,3,0,3448
climate,"#children #health #WA #USA #USPatel, who also works as a pediatric hospitalist caring for newborns and premature infants, said the medical community views climate change as one of the greatest health threats facing children born todayhttps://mynorthwest.com/mynorthwest-politics/trump-climate-policy/4205038#ClimateChange #GlobalWarming #UpheavalClimate #ClimateInstability #MassAtrocity #pollution #ecology #environment #climate",2026-02-18 20:25:23.475000+00:00,1,7,0,3448
climate,"#Alaska #USA #USOpinion: Trump’s climate rollbacks will create generational consequencesSince 2009, the “endangerment finding” has affirmed what we Alaskans have been seeing with our own eyes — greenhouse gas emissions drive climate changehttps://www.adn.com/opinions/2026/02/18/opinion-trumps-climate-rollbacks-will-create-generational-consequences/#ClimateChange #GlobalWarming #UpheavalClimate #ClimateInstability #MassAtrocity #pollution #ecology #environment #climate",2026-02-18 20:19:18.372000+00:00,0,3,0,3448
climate,"#Inuit #FirstNations #ArcticClimate change and persistent contaminants deliver one‑two punch to Arctic seals, SFU study findsNew research shows a single year of warmer-than-average Arctic temperatures can cause malnutrition in Arctic seals, intensifying risks to Inuit food security and northern ecosystems already under pressure from environmental toxins, warn Simon Fraser University researchershttps://www.sfu.ca/sfunews/stories/2026/02/climate-change-and-persistent-contaminants-deliver-onetwo-punch-.html#ClimateChange #GlobalWarming #pollution #ecology #environment #climate",2026-02-18 20:12:24.220000+00:00,1,2,0,3448
climate,U.S. E.P.A. Faces First Lawsuit Over Its Killing of Major Climate Rule | Environmental and health groups sued the E.P.A. over its elimination of the endangerment finding. The matter is likely to end up before the Supreme Court. https://www.bocvip.com/1210930/u-s-e-p-a-faces-first-lawsuit-over-its-killing-of-major-climate-rule-environmental-and-health-groups-sued-the-e-p-a-over-its-elimination-of-the-endangerment-finding-the-matter-is-likely-to-end-u/ #CLIMATE,2026-02-18 19:55:04+00:00,0,0,0,160
climate,New climate essay posted 😊https://chappyessays.wordpress.com/2026/02/18/land-and-ocean-ecosystems-are-intertwined/#climatechange #climate,2026-02-18 19:49:34.798000+00:00,1,1,0,232
climate,(14/14) ... fracturation hydraulique.- #train fou transportant pétrole extrait du schiste de Bakken (USA) explosion Lac Mégantic au Québec (Canada) -> usage du train car pipelines saturés par production trop importante suite à généralisation fracturation hydraulique qui facilite l'extraction du #petrole - Inondations Danube Hongrie Orban.#year2013 #anthropocene #climat #climate #climatechange #climatecrisis,2026-02-18 19:44:20.253000+00:00,0,0,0,286
climate,"The Telegraph:  Brace for Trump’s brave new world of 1.7°C global warmingScientists predict a record-shattering year for the world’s climate in 2027 as the US keeps drilling (Feb 17, 2026)https://www.telegraph.co.uk/business/2026/02/17/trump-is-pushing-the-world-closer-to-climate-catastrophe/#climateemergency #climate",2026-02-18 19:35:36+00:00,2,4,0,8913
climate,"'... the US energy chief also pressed on with his criticism, telling reporters before the start of Wednesday's meetings: ""The #IEA has been infected with sort of a #climate cult that's about #energy subtraction.""' https://www.lemonde.fr/en/environment/article/2026/02/18/us-energy-chief-urges-iea-to-drop-the-climate_6750623_114.html",2026-02-18 19:35:04+00:00,0,2,1,226
climate,"San Francisco's leaders say we need to act on #climate.  So why does #MayorLurie propose gutting San Francisco Environment's climate team?   Please tell the SF Supervisors  the climate work is URGENT.  Here's an explainer and draft letter to send:
actionnetwork.org/letters/san-...San Francisco could nullify it...",2026-02-18 19:17:04.697000+00:00,0,1,0,1
climate,Connecticut climate superfund bill would make fossil fuel companies pay for projects https://www.bocvip.com/1210871/connecticut-climate-superfund-bill-would-make-fossil-fuel-companies-pay-for-projects/ #CLIMATE,2026-02-18 19:16:06+00:00,0,0,0,160
climate,San Francisco's leaders say we need to act on #climate.  So why does #MayorLurie propose gutting San Francisco Environment's climate team?   Please tell the SF Supervisors not to do foolhardy cost-cutting - the climate work is URGENT.  Here's an explainer and draft letter to send:https://actionnetwork.org/letters/san-francisco-could-nullify-its-own-climate-action-plan?source=direct_link&#ClimateAction,2026-02-18 19:15:06+00:00,0,3,0,433
climate,"We see you in Ōtepoti Dunedin 🚢 Anthem of the Seas📍 Arrive 19 Feb at 07:30, Beach Street, Port Otago👥 6,405 pax🔴🔴🔴🔴🔴 ️🛳️  Poor Environmental Grade🟠🟠🟠ㅤㅤ ♻️  Fair Sewage🔴🔴🔴🔴🔴 💨 Poor Air Quality#CruiseNews #Climate #PortOtago #Dunedin #Ōtepoti",2026-02-18 19:06:48.729000+00:00,0,0,0,3
climate,"We see you in Ōtepoti Dunedin 🚢 Viking Orion📍 Arrive 19 Feb at 07:30, C/T, Port Otago👥 1993 pax🟠🟠🟠🟠ㅤ ️🛳️  Fair Environmental Grade🟠🟠🟠ㅤㅤ ♻️  Fair Sewage🟡🟡ㅤㅤㅤ 💨 Good Air Quality#CruiseNews #Climate #PortOtago #Dunedin #Ōtepoti",2026-02-18 19:06:47.557000+00:00,0,0,0,3
climate,"Plug-in hybrids use three times more fuel than manufacturers claim, analysis finds
https://slrpnk.net/post/34272135",2026-02-18 18:46:44.567000+00:00,0,2,2,11
climate,The DHS Shutdown Will Starve Local Disaster Response #ClimateThe DHS Shutdown Will Starve L...,2026-02-18 18:41:55.003000+00:00,0,1,0,59
climate,Please could you fill in my Climate Questionnaire for my research? https://www.bocvip.com/1210823/please-could-you-fill-in-my-climate-questionnaire-for-my-research/ #CLIMATE,2026-02-18 18:37:02+00:00,0,0,0,160
climate,"In the United Kingdom, greenhouse gas emissions fell 3% in 2024 compared to the year prior as the country got more power from renewables, imported more electricity, & closed its last coal plant #uk #Britain #climate #ClimateChange #renewables #environment
www.independent.co.uk/climate-chan...UK greenhouse gas emissions fe...",2026-02-18 18:22:32.517000+00:00,0,3,0,4
climate,"“A new analysis found that #climatechange has already added weeks of #coffee-harming’ #heat to the world’s main #coffee-producing regions”“Among the top 5 #coffee-producing countries — #Brazil, #Vietnam, #Colombia, #Ethiopia and #Indonesia — #Climate Central calculated an average of 57 additional days per year above the 30°C threshold that would not have occurred without #climatechange. Together, those 5 origins supply roughly three-quarters of the world’s #coffee” https://dailycoffeenews.com/2026/02/18/report-climate-change-adding-weeks-of-coffee-harming-heat-in-major-growing-regions/",2026-02-18 18:21:01+00:00,0,0,1,305
climate,"In the United Kingdom, greenhouse gas emissions fell 3% in 2024 compared to the year prior as the country got more power from renewables, imported more electricity, and closed its last coal power plant #uk #Britain #climate #ClimateChange #renewables #environment #earth #electricity https://www.independent.co.uk/climate-change/news/pollution-government-b2914556.html",2026-02-18 18:20:30+00:00,2,4,0,1288
climate,"HT @rmblaber1956 #EnvironmentalGroups sue #Trump’s #EPA over repeal of landmark #climate findingLawsuit from #health and #EnvironmentalJustice groups challenges the EPA’s rollback of the ‘endangerment finding’Dharna NoorWed 18 Feb 2026 07.10 EST""More than a dozen health and environmental justice non-profits have sued the Environmental Protection Agency over its revocation of the legal determination that underpins US federal climate regulations.""Filed in Washington DC circuit court, the lawsuit challenges the EPA’s rollback of the '#EndangermentFinding', which states that the buildup of heat-trapping #pollution in the atmosphere endangers #PublicHealth and welfare and has allowed the EPA to limit those emissions from #vehicles, #PowerPlants and other #industrial sources since 2009. The rollback was widely seen as a major setback to US efforts to combat the #ClimateCrisis. ""The suit was brought by the American Public Health Association [#APHA], #AmericanLungAssociation, the #CenterForBiologicalDiversity, the #EnvironmentalDefenseFund, the #NaturalResourcesDefenseCouncil [#NRDC], the #SierraClub and 11 other public health and environmental organizations. The lawsuit was filed by green legal organizations #CleanAirTaskForce and #Earthjustice and it names the EPA and the agency’s administrator, #LeeZeldin, as defendants."" 'EPA’s repeal of the endangerment finding and #safeguards to limit vehicle emissions marks a complete dereliction of the agency’s mission to protect people’s health and its legal obligation under the #CleanAirAct,' said #GretchenGoldman, president and CEO at the #UnionOfConcernedScientists, another one of the groups behind the lawsuit. 'This shameful and dangerous action by the Trump administration and EPA Administrator Zeldin is rooted in falsehoods not facts and is at complete odds with the public interest and the best available science.' ""Read more:https://www.theguardian.com/us-news/2026/feb/18/trump-epa-environment-climate-lawsuitArchived version:https://archive.ph/kp4pY#USPol #ClimateChange #EPAFail #ClimateCrisis #GreenhouseGas #FossilFools #FossilFuelIndustry #BigOilAndGas #CorporateColonialism #Oiligarchy #Oligarchy #CorporatePolluters",2026-02-18 18:15:16+00:00,2,2,0,3903
climate,"As Trump Obliterates Climate Efforts, States Try to Fill the Gap | Across the country, Democratic-led states are accelerating their initiatives to cut greenhouse gas emissions. Their role just became much more important. https://www.bocvip.com/1210770/as-trump-obliterates-climate-efforts-states-try-to-fill-the-gap-across-the-country-democratic-led-states-are-accelerating-their-initiatives-to-cut-greenhouse-gas-emissions-their-role-just-became/ #CLIMATE",2026-02-18 17:58:03+00:00,0,0,0,160
climate,"Arrrgh as the miserable Chikungunya virus is arriving in Europe, along with mosquitoes spreading through warmer climateIt will be a problem, especially in the Mediterranean.https://www.theguardian.com/science/2026/feb/18/tropical-disease-chikungunya-transmitted-europe-study#Health #Medicine #Europe #EU #UE #Mediterranean #Climate #ClimateCrisis",2026-02-18 17:30:05+00:00,0,3,0,651
climate,Why #California could be the big winner as #EPA abandons #climate policy - POLITICO https://www.politico.com/news/2026/02/17/epa-abandoning-climate-regulatory-power-california-ev-goals-00785469 #AirPollution #Preemption #USPol #Decarbonization,2026-02-18 17:27:51+00:00,0,0,0,1067
climate,"U.S. E.P.A. Faces First Lawsuit Over Its Killing of Major Climate Rule
https://slrpnk.net/post/34270786",2026-02-18 17:27:19.778000+00:00,0,2,0,11
climate,"“La France fait le pari d’une électrification progressive et massive de l’économie : véhicules électriques, pompes à chaleur, électrification de l’industrie, data centers, etc.”“L’objectif est de passer de 60 % d’énergies fossiles dans la consommation finale française aujourd’hui à 60 % d’énergies décarbonées d’ici 2030.”https://www.info.gouv.fr/actualite/ppe-3-la-nouvelle-feuille-de-route-energetique-de-la-france#France #Climat #Energie #Politique #Climate #Energy #Electricity",2026-02-18 17:26:08+00:00,0,2,0,651
climate,USA wants International Energy Agency on to abandon its work on climate policyhttps://www.france24.com/en/live-news/20260218-us-energy-chief-says-iea-must-drop-focus-on-climate-change#Energy #Climate #USPol #USA #Geopolitics,2026-02-18 17:16:58+00:00,0,5,0,651
climate,Including sociology in climate studies...https://www.mdpi.com/948874#climate #sociology,2026-02-18 17:07:32.313000+00:00,2,0,0,232
climate,Penelope Putz obituary #ClimatePenelope Putz obituary,2026-02-18 17:06:50.229000+00:00,0,1,0,59
climate,"""Recent decades have seen intensified ocean stratification, driven by a more rapid warming of the upper ocean compared to deeper layers due to global climate change (45, 46). This increased stratification is likely weakening vertical nutrient transport and thus limiting nutrient availability for phytoplankton growth in the upper ocean.""https://www.science.org/doi/10.1126/sciadv.adx4857#climate #climatechange",2026-02-18 16:53:17.876000+00:00,0,0,0,232
climate,"Apple Drops ESG Link, including goals tied to climate emissions, From Top Executives’ Pay Packages
https://slrpnk.net/post/34270197",2026-02-18 16:46:21.759000+00:00,0,2,1,11
climate,Big Tech companies say AI will help solve climate change. Environmental groups call that ‘greenwashing’ https://www.bocvip.com/1210664/big-tech-companies-say-ai-will-help-solve-climate-change-environmental-groups-call-that-greenwashing/ #CLIMATE,2026-02-18 16:40:02+00:00,0,0,0,160
climate,"Michigan has filed a “groundbreaking” lawsuit against four major fossil fuel companies and the top U.S. oil lobbying group for its role in fueling both the climate crisis and rising energy costs, saying they acted as a “cartel.”#climate #ClimateChange #environment #earth #michigan https://www.theguardian.com/us-news/2026/feb/05/michigan-oil-climate-crisis-energy-cost",2026-02-18 16:32:24+00:00,3,6,1,1288
climate,"""While rapid reductions in greenhouse gas #emissions are essential, they alone are insufficient to prevent a #climate catastrophe ...Sunlight reflection methods, while not a substitute for reducing atmospheric greenhouse gas concentrations, are the only technologies capable of #cooling the Earth within the next critical decade.""https://www.meer.org/why-meer#MEERorg #climateChange #climateAction",2026-02-18 16:12:40.996000+00:00,0,0,0,0
climate,"Just to make you love & adore #climate deniers even more, they're the reason #coffee and #chocolate will become more rare, more expensive - all to suckle at the feet of oil barons. #ClimateDenial will kill entire island nations, but on a petty note it's the reason #Norwegians will hate you forever for taking our coffee away - you absolute monsters.https://www.theguardian.com/environment/2026/feb/18/coffee-growing-countries-too-hot-to-cultivate-beans-analysis",2026-02-18 16:11:18+00:00,0,4,0,337
climate,Trump rescinding rule incentivizing EV production to meet fuel economy requirements https://www.bocvip.com/1210605/trump-rescinding-rule-incentivizing-ev-production-to-meet-fuel-economy-requirements/ #CLIMATE,2026-02-18 16:01:05+00:00,0,0,0,160
climate,"""Warming Tripled the Odds of Patagonia Wildfires""#US #USA #America #Patagonia #Climate #ClimateChangehttps://e360.yale.edu/digest/2026-patagonia-wildfires-climate",2026-02-18 16:00:16+00:00,0,2,0,1432
climate,Thwaites - its scale and how fragile the release of it is  -  so  very well explained.https://youtu.be/nRUW0pTMrTM#climate #news,2026-02-18 15:51:58.664000+00:00,2,4,0,395
climate,"Big Tech Says Generative AI Will Save the Planet. It Doesn't Offer Much Proof
https://fed.brid.gy/r/https://www.wired.com/story/big-tech-says-generative-ai-will-save-the-planet-it-doesnt-offer-much-proof/",2026-02-18 15:17:31+00:00,0,4,0,104
climate,"Why disabled people are particularly vulnerable during power outages — Yale Climate Connections
https://slrpnk.net/post/34269340",2026-02-18 15:32:30.838000+00:00,0,2,0,0
climate,"#USA #USAs Trump Obliterates Climate Efforts, States Try to Fill the GapAcross the country, Democratic-led states are accelerating their initiatives to cut greenhouse gas emissions. Their role just became much more importanthttps://archive.ph/f5a6t#ClimateChange #GlobalWarming #UpheavalClimate #ClimateInstability #MassAtrocity #pollution #ecology #environment #climate",2026-02-18 15:24:22.096000+00:00,2,3,0,3448
climate,"As Trump Obliterates Climate Efforts, States Try to Fill the Gap
https://slrpnk.net/post/34268912",2026-02-18 15:23:02.664000+00:00,0,2,1,11
climate,Baltic Sea at lowest level since records began – 67cm below norm https://www.bocvip.com/1210547/baltic-sea-at-lowest-level-since-records-began-67cm-below-norm/ #CLIMATE,2026-02-18 15:22:05+00:00,0,0,0,160
climate,"Connecticut climate superfund bill would make fossil fuel companies pay for projects
https://slrpnk.net/post/34268904",2026-02-18 15:21:49.083000+00:00,0,2,1,11
climate,"Trump rescinding rule incentivizing EV production to meet fuel economy requirements
https://slrpnk.net/post/34268769",2026-02-18 15:11:37.592000+00:00,0,2,0,11
health,"#Florida football 2026 roster breakdown, inside linebackershttps://kensbookinfo.blogspot.com/p/sports.html#25#UN envoyhttps://kensbookinfo.blogspot.com/p/world-capitals.html#Beijing#Cancer #Horoscope 19 Feb 2026https://kensbookinfo.blogspot.com/p/interest.html#21One #Nation’s shock success over Laborhttps://kensbookinfo.blogspot.com/p/etc-continents.html#AustraliaHR 7324 (IH) - More Behavioral #Health Providershttps://kensbookinfo.blogspot.com/p/news.html#12Drogheda #United sponsor reviewing partnership in wakehttps://kensbookinfo.blogspot.com/p/ireland.html#The42An unprecedented moment for the #UK - and a former princehttps://kensbookinfo.blogspot.com/p/etc.html#UnitedKingdom",2026-02-19 19:48:41.085000+00:00,0,2,0,27
health,"Australia news live: Dural crime scene believed to be linked to Chris Baghsarian kidnapping, NSW police say; Angus Taylor vows to ‘rid system’ of net zero https://www.theguardian.com/australia-news/live/2026/feb/20/accc-coles-nsw-public-hearing-illegal-tobacco-angus-taylor-liberal-coalition-net-zero-anthony-albanese-labor-ntwnfb #AustraliaNews #AustralianPolitics #AustralianEconomy #Business #Health #AustralianEducation #AustralianImmigrationAndAsylum #AustralianForei...",2026-02-19 19:36:42+00:00,0,1,0,244
health,B.C. government spending $50M to expand availability of nasal naloxone across provinceBritish Columbia Health Minister Josie Osborne says the province is spending $50 million to expand availability of anti-overdose nasal naloxone across the province.#health #government #spending #BritishColumbia #Naloxone #NaloxoneKitshttps://globalnews.ca/news/11674438/bc-government-expand-availability-nasal-naloxone/,2026-02-19 19:26:06+00:00,0,0,0,69
health,https://www.wacoca.com/life/352475/ Femtechが切り拓く未来　～産学官連携でWomen’s Healthの未来を創る～ – 国立大学法人 岡山大学 #health #Kenkō #okadai #okayama #OkayamaUniversity #健康 #国立大学 #岡大 #岡山大学,2026-02-19 19:15:05+00:00,0,0,0,83
health,"@mindingmyblackownbiz, Black Royalty, wrote:Dr. King was 39 when he was assassinated. His autopsy revealed he had the heart of a 60-year-old.Let that sink in.Racism isn’t just a social(1/10)#blackpeople #health #racism #antiblack #mlk #jackierobinson #blacksports #blackmastodon",2026-02-19 19:04:20.324000+00:00,0,2,1,754
health,Should Weight-Loss Drug Users Take Supplements? An Expert Explains. Via @sciencealert #Health ❤️‍🩹 🧑‍⚕️ #Fitness 🏃🏅🏆Should Weight-Loss Drug Users ...,2026-02-19 19:02:23.959000+00:00,0,1,0,79
health,"Rural areas brace for Medicaid cuts, but also influx of temporary funding
https://fed.brid.gy/r/https://www.wbur.org/hereandnow/2026/02/19/medicaid-cuts-rural-funding",2026-02-19 17:58:38+00:00,1,0,0,38
health,"College can be a big life change. How can students navigate mental health challenges?
https://fed.brid.gy/r/https://www.wbur.org/hereandnow/2026/02/19/college-students-mental-health",2026-02-19 12:06:26+00:00,0,0,0,38
health,"iNFOnews.ca | B.C. to spend $50 million expanding access to anti-overdose nasal naloxone kitsVICTORIA — British Columbia Health Minister Josie Osborne says the province is spending $50 million to expand availability of anti-overdose nasal naloxone across the province. She says the expansion is an important response to the overdose crisis, which was declared 10 years ago this April, and it will save lives. Osborne says the funding over […]#iNFOnews #Kamloops #KamloopsBC #BcNews #Health #B.C. #Lifestyles #Social #TopNews",2026-02-19 18:49:36+00:00,1,0,0,7
health,Global News BC | B.C. government spending $50M to expand availability of nasal naloxone across provinceBritish Columbia Health Minister Josie Osborne says the province is spending $50 million to expand availability of anti-overdose nasal naloxone across the province.#GlobalNewsBC #BCNews #Health #Naloxone #NaloxoneKits,2026-02-19 18:43:37+00:00,0,0,0,7
health,NEW: EmblemHealth has agreed to a $2.5 million settlement with the New York attorney general’s office after failing to correct provider directory errors that made it more difficult for customers to get mental health care.https://www.propublica.org/article/emblem-health-ghost-network-settlement-mental-health?utm_source=mastodon&utm_medium=social&utm_campaign=propublica-mastodon-post&utm_content=2-19#news #NewYork #Insurance #Law #health #mentalhealth,2026-02-19 18:30:48+00:00,18,25,2,174296
health,RE: https://mastodon.social/@baraa1998/116096678963445203‼️ PLEASE DON'T LET BARA'A LOSE HER LAST CHILD‼️ #Gaza #Palestine #GazaVerified #child #survival #help #mercy #family #food #medicine #health #boost,2026-02-19 18:19:56.577000+00:00,0,3,0,157
health,"Topic of discussion❤️.The Fear After a Vet VisitWaiting for results feels like holding your breath.anxiety, uncertainty and helpless love.Prompt:Do vet visits make you more nervous than your cat?#cats #health #catlovers #pets #CatsOfMastodon",2026-02-19 18:18:55.649000+00:00,27,7,1,1451
health,Flexibility is not optional. It's a survival skill. Stiff muscles lead to compensations. Compensations lead to injury. Injury leads to inactivity. Inactivity leads to decline. The chain starts with neglected flexibility. Break it early. #fitness #flexibility #health,2026-02-19 18:11:17.785000+00:00,0,1,0,8
health,"""This'd spend more than we spent on #WHO on a replacement🚨unlikely to survive or remotely accomplish what we did before Trump decimated global health asst💔*has cost >750K lives.""-A Gawande""After leaving WHO,🚨Trump ofcls propose more expensive repl to duplicate it. The US-led proposed alt is ~3X what US contributed/yr""“Spending 2-3X the cost to create what we already had access to makes absolutely no sense in terms of fiscal...""#Health #PublicHealth #Eugenics #USPolhttps://www.washingtonpost.com/health/2026/02/19/alternative-world-health-organization-proposal/",2026-02-19 17:43:31+00:00,0,5,0,3030
health,"@BruceMirken Let me just copy-pasta this over here:""“We’re not going to get the same quality or breadth of information we would have by being in the #WHO, or have anywhere the influence we had.”""But the $2B to be spent by the US now will all be funneled through #Trump #Cronies and #BedfellowsAs intended#idiocracy #kakistocracy #law #health #USpol",2026-02-19 17:43:21+00:00,0,0,0,277
health,"@Nonilex ""“We’re not going to get the same quality or breadth of information we would have by being in the #WHO, or have anywhere the influence we had.”""But the $2B to be spent by the US now will all be funneled through #Trump #Cronies and #BedfellowsAs intended#Trump #idiocracy #kakistocracy #law #health #USpol",2026-02-19 17:39:43+00:00,3,0,0,277
health,"POW Bootcamp!Does your body need attention, or did you learn to live around its limitations? If you haven’t gone to the gym in a long time, feel embarrassed about your health, or need help being accountable for your health, watch this! #exercise #health #bishopshammahwomackel #wellness #bootcamp #healthandwellness #healthy #healthylifestyle #healthyliving #life #transformation #holistichealth from Bishop Shammah Womack-Elhttps://bishopshammahwomackel.wordpress.com/2026/02/19/pow-bootcamp/",2026-02-19 17:39:29+00:00,0,0,0,6
health,"Exciting news! 🚀 @careringlife is dedicated to enhancing patient-doctor interactions. We're working on innovative tools to bridge gaps, improve communication, and elevate care. 🌟 #Healthcare #Innovation Follow us: https://carering.life #health #patientsfirst",2026-02-19 17:37:06.524000+00:00,0,0,0,7
health,Should we really all be taking magnesium supplements? – podcast. Via @guardian #Health ❤️‍🩹 🧑‍⚕️Should we really all be taking...,2026-02-19 17:15:12.331000+00:00,0,0,0,79
health,"“#Spending 2 to 3 times the #cost to create what we already had access to makes absolutely no sense in terms of fiscal stewardship,” said Tom Inglesby, director Center for Health Security at the Johns Hopkins Bloomberg School of #PublicHealth, who served as a snr covid19 adviser during the Biden admin. “We’re not going to get the same quality or breadth of information we would have by being in the #WHO, or have anywhere the influence we had.”#Trump #idiocracy #kakistocracy #law #health #USpol",2026-02-19 17:09:49+00:00,11,7,2,9419
health,"While #Trump accused the #WHO of demanding “unfairly onerous payments,” the alternative his administration is considering carries a price tag about three times what the #US contributed annually to the #UN #health agency. The US would build on bilateral agreements with countries & expand the presence of its health agencies to dozens of additional nations [starting from scratch], the officials said.#idiocracy #kakistocracy #law #policy #GovernmentSpending #PublicHealth #USpol",2026-02-19 17:02:40+00:00,11,9,3,9419
health,"The effort to build a #US run alternative would re-create systems such as laboratories, data-sharing networks & rapid-response systems the US abandoned when it announced its withdrawal from the #WHO last year & dismantled the US Agency for International Development [#USAID], according to the officials, who spoke on the condition of anonymity to share internal deliberations.#Trump #idiocracy #kakistocracy #law #policy #GovernmentSpending #PublicHealth #health #USpol",2026-02-19 17:00:01+00:00,3,4,2,9419
health,"After pulling out of the #WorldHealthOrganization, the #Trump administration is proposing spending $2 billion a year to replicate the #global #disease surveillance & outbreak functions the #UnitedStates helped build & accessed at a fraction of the #cost, according to 3 administration officials briefed on the proposal. #idiocracy #kakistocracy #law #policy #GovernmentSpending #PublicHealth #health #WHO #USpol",2026-02-19 16:58:37+00:00,4,8,3,9419
health,"Christy Carlson Romano Shares Positive Cancer Screening Results, Awaits PET Scan Amid Family History📰 Original title: Christy Carlson Romano Breaks Down After Cancer Screening Scare and Says She Is Fighting for a PET Scan🤖 IA: It's clickbait ⚠️👥 Usuarios: It's clickbait ⚠️View full AI summary: https://killbait.com/en/christy-carlson-romano-shares-positive-cancer-screening-results-awaits-pet-scan-amid-family-history/?redirpost=7a5d3219-862b-4d78-9ed6-879067f2d26c#health #cancerscreening #christycarlsonromano #petscan",2026-02-19 16:58:32.892000+00:00,0,0,0,1
health,"Reinventing the wheel — badlyAfter leaving the #WHO, #Trump officials propose a replacement 3 times more expensive to duplicate it. #HHS proposes spending $2 billion a year to re-create systems the #US accessed through the #WorldHealthOrganization at a fraction of the #cost, according to officials briefed on the matter.#idiocracy #kakistocracy #law #policy #GovernmentSpending #PublicHealth #health #USpol #GiftArticle link∶https://wapo.st/4tKRwyM",2026-02-19 16:56:30+00:00,24,50,8,9419
health,"Pneumonia hospitalizations in Canada rose dramatically last respiratory illness season, CIHI saysNewly released data backs up what hospitals were experiencing during the last respiratory illness season: A big rise in the number of people being treated for pneumonia. The Canadian Institute for Health Information says children between five and 17 years old were especially hard hit.#health #illness #Canada https://www.cbc.ca/news/health/pneumonia-cihi-9.7097218?cmp=rss",2026-02-19 16:55:05+00:00,0,0,0,78
health,"Anybody else getting tired of stupid people making stupid decisions, ignoring science and basic facts, and then looking for sympathy and Go Fund Mes?#Stupidity #Health",2026-02-19 16:48:19+00:00,3,1,1,382
health,"'Beef and lamb get 580 times more in EU subsidies than legumes, study finds'""Analysis by the charity Foodrise found the EU’s common agricultural policy (CAP) provides “unfair” levels of support to meat-heavy diets that doctors consider unhealthy and climate scientists consider environmentally destructive.""""It found beef and lamb were subsidised 580 times more than legumes in 2020, while pork was subsidised nearly 240 times more. Dairy, meanwhile, received 554 times more in subsidies than nuts and seeds.""""the analysis showed livestock benefited from disproportionate support even before counting hidden societal costs, such as pollution.""""We now need a common agrifood policy that explicitly integrates environmental and public health goals into how EU farmers are supported.""https://www.theguardian.com/environment/2026/feb/19/beef-lamb-legumes-eu-subsidies-study#food #health #Environment #plantbased #vegan #farming #EU",2026-02-19 16:47:26+00:00,0,3,0,344
health,Pneumonia's unwelcome return: Canadian hospital data points to big jump last respiratory illness seasonNewly released data backs up what hospitals were experiencing during the last respiratory illness season: A big rise in the number of people being treated for pneumonia. The Canadian Institute for Health Information says children between five and 17 years old were especially hard hit.#health #illness #Canada https://www.cbc.ca/news/health/pneumonia-cihi-9.7097218?cmp=rss,2026-02-19 16:42:06+00:00,0,0,0,276
health,https://www.fogolf.com/1170667/tiger-woods-challenging-future-in-golf-at-50-with-health-issues-revealed-amid-son-charlies-pro-move/ Tiger Woods’ ‘challenging’ future in golf at 50 with health issues revealed amid son Charlie’s pro move #AListers #CelebrityChildren #CelebrityDads #CelebrityFamilies #CelebrityHealth #Health&Fitness #sports #TigerWoods #us,2026-02-19 16:34:09+00:00,0,0,0,75
health,https://www.wacoca.com/life/352421/ 日本の女子学生ランナーのトライアド有病率は米国より有意に高く、低BMI・疲労骨折が多い　日米2大学を比較 | スポーツ栄養Web【一般社団法人日本スポーツ栄養協会（SNDJ）公式情報サイト】 #health #Kenkō #健康,2026-02-19 16:26:06+00:00,0,0,0,83
health,"Wastewater testing reveals high levels of cocaine in Nantucket, Massachusetts https://www.theguardian.com/us-news/2026/feb/19/cocaine-nantucket-massachusetts-wastewater #Massachusetts #Drugs #Health #UsNews",2026-02-19 16:24:26+00:00,0,3,0,549
health,"Health care services to humanity involve the prevention, diagnosis, treatment, and management of physical and mental illnesses to improve global well-being and productivity. As a fundamental right, it encompasses primary to tertiary care, focusing on accessibility, quality, and equity to reduce suffering and enhance life expectancy.#health #humanity #pharmacy #therapy 😍",2026-02-19 16:17:14+00:00,2,0,0,24
health,"‘Even Stevens’ star Christy Carlson Romano reveals positive cancer screening'Cancer is everywhere, which is why I got this test. I kind of was like in disbelief about it,' the 'Kim Possible' voice actor said of receiving her results.#health #cancer #Entertainment #ChristyCarlsonRomano https://globalnews.ca/news/11674051/christy-carlson-romano-even-stevens-positive-cancer-screening-video/",2026-02-19 16:08:17+00:00,0,0,0,235
health,"New discovery could help stop banana extinction
https://web.brid.gy/r/https://www.popsci.com/environment/banana-extinction-discovery/",2026-02-19 16:02:59+00:00,0,3,0,4
health,FDA will consider Moderna’s mRNA flu vaccine after allWASHINGTON (AP) — The Food and Drug Administration will consider whether to approve Moderna’s new flu vaccine after…#NewsBeep #News #Topstories #AndrewNixon #Business #flu #Generalnews #Headlines #Health #Immunizations #Inc. #Industryregulation #Medication #Moderna #RobertF.KennedyJr. #TopStories #U.S.FoodandDrugAdministration #VinayPrasad #Washingtonnewshttps://www.newsbeep.com/401923/,2026-02-19 16:00:11+00:00,0,0,0,219
health,Emotional memory region of aged brain is sensitive to processed foods,2026-02-19 16:00:03+00:00,0,0,0,70
health,"> Early prenatal care, considered best for moms and babies, is on the decline in the US https://abcnews.com/Health/wireStory/early-prenatal-care-considered-best-moms-babies-decline-130290211Study authors do not say why this may be ""But the proliferation of maternity care deserts across the nation is a growing concern."" Gee, can't imagine why, especially affecting minority women. #ThisIsAmerica #health #maternity #BadEconomy #racism",2026-02-19 15:08:54+00:00,0,0,0,984
health,I woke up from a knap.I pushed my fist nearest to the edge of the bed into my mattress to push myself up and take all strain off my lower back.Then for the first time I pushed both fists into my mattress either side of me to stand up and felt no back pain at all. :)#health #backpain,2026-02-19 15:06:26.237000+00:00,2,0,0,754
health,#RFK #Maga #Vaccines #antivax #measles #health #science,2026-02-19 14:55:32.159000+00:00,0,1,0,193
health,"""Abused"" Boy Group Suffers Multiple Health Issues Within Months, Sparking Huge Concern #Abused #BOY #Concern #group #Health #Huge #Issues #Months #Multiple #Sparking #Suffers https://kpopnewshub.com/abused-boy-group-suffers-multiple-health-issues-within-months-sparking-huge-concern/?fsp_sid=13736",2026-02-19 14:45:44.008000+00:00,0,0,0,13
health,NAD IVs in Fort LauderdaleRecharge your energy with NAD IVs in Fort Lauderdale at Liquivida Wellness Center—schedule your wellness session today. https://www.liquivida.com/fort-lauderdale/iv-drips#health #fitness,2026-02-19 14:38:07.010000+00:00,0,1,0,0
health,https://www.wacoca.com/life/352370/ 日本生命が日赤県支部に がん検診アンケート回答1件につき10円寄付、県民の健康増進活動を支援【新潟】（UX新潟テレビ21） – Yahoo!ニュース #health #Kenkō #健康,2026-02-19 14:33:06+00:00,0,0,0,83
health,Experts warn NIH director now leading CDC will push ‘RFK Jr’s agenda’ https://www.theguardian.com/us-news/2026/feb/19/jay-bhattacharya-cdc-acting-director #TrumpAdministration #Health #UsNews #UsPolitics #RobertFKennedyJr,2026-02-19 14:06:30+00:00,1,3,0,244
health,"Some #goodnews from all over the world from 2025. Not to say ""everything's fine"", but to show that when we humans really try, we can achieve collective #progress.https://fixthenews.com/p/99-stories-of-progress-from-the-year#health #environment #childwelfare #renewables",2026-02-19 13:32:18+00:00,1,1,0,267
health,https://www.wacoca.com/life/352333/ なぜ女性の健康課題が社会テーマなのか オルガノンが向き合う「日本のアンメットニーズ」 | Forbes JAPAN 公式サイト（フォーブス ジャパン） #health #Kenkō #健康,2026-02-19 13:27:05+00:00,0,0,0,83
health,"Couple with Kidney Tumors Have Their Surgeries on the Same Day: 'Let's Get It Over with in One Shot' (Exclusive)
https://fed.brid.gy/r/https://people.com/couple-kidney-tumors-surgeries-same-day-exclusive-11903705",2026-02-19 13:00:00+00:00,0,0,0,322
health,"Lab services on the move again, this time to Primary Care AlbertaAlberta's lab services are facing yet another move as the provincial government forges ahead with its health system restructuring process.#health #services #move #Alberta https://www.cbc.ca/news/canada/calgary/lab-services-primary-care-alberta-9.7096379?cmp=rss",2026-02-19 13:19:14+00:00,0,0,0,78
health,Mediterranean Diet Associated with Lower Risk of Stroke in Women | Health(CNN) — As stroke risk rises for women as they age — especially after menopause — a new long-term study suggests that what they eat may play a powerful role in lowering that risk. Stroke is a leading cau…#dining #cooking #diet #food #MediterraneanDiet #health #local #Mediterranean #national #state #Topstorieshttps://www.diningandcooking.com/2520874/mediterranean-diet-associated-with-lower-risk-of-stroke-in-women-health/,2026-02-19 13:10:12+00:00,0,1,0,148
health,Mediterranean Diet Associated with Lower Risk of Stroke in Women | Health(CNN) — As stroke risk rises for women as they age — especially after menopause — a new long-term study suggests that what they eat may play a powerful role in lowering …#dining #cooking #diet #food #mediterranean #MediterraneanDiet #MediterraneanFood #health #local #Mediterranean #national #state #Topstorieshttps://www.diningandcooking.com/2520874/mediterranean-diet-associated-with-lower-risk-of-stroke-in-women-health/,2026-02-19 13:06:23+00:00,0,0,0,63
health,"""Men tend to lose the Y chromosome from their cells as they age. But because the Y bears few genes other than for male determination, it was thought this loss would not affect health.But evidence has mounted over the past few years that when people who have a Y chromosome lose it, the loss is associated with serious diseases throughout the body, contributing to a shorter lifespan.""https://theconversation.com/men-lose-their-y-chromosome-as-they-age-scientists-thought-it-didnt-matter-but-now-were-learning-more-275823#Chromosomes #YChromosome #Health #Genetics",2026-02-19 12:53:05+00:00,2,2,0,823
health,"""#Austerity policies resulted in hundreds of thousands of excess deaths in the UK""In the early years of the austerity implemented by David Cameron and George Osborne, #unemployment rose to levels not seen in years""A return to austerity would be a disaster for our #health and #education""Central government #cuts led to a 17% fall in council spending on local services""Ten years of austerity cut #GDP growth in the UK by just over £3,600 per household.""#UKPol https://www.thelondoneconomic.com/politics/the-5-brutal-stats-that-blow-reforms-austerity-plans-out-the-water-399907/",2026-02-19 12:50:19+00:00,0,7,2,840
health,"Ottawa will fund first Inuit-led university as part of major announcement for Inuit communitiesOttawa will provide $50 million to help build the first Inuit-led university in Canada, and more than $170 million for tuberculosis elimination, food security, and child and family supports in Inuit communities, CBC News has learned.#funding #education #health #communities #Ottawa #Canadahttps://www.cbc.ca/news/politics/minister-gull-masty-2026-inuit-communities-funding-9.7096172?cmp=rss",2026-02-19 12:32:23+00:00,0,1,0,44
health,"How do autistic people age — and what does it mean for their health? Most research on autism focuses on younger people, but some studies suggest older adults face increased risks—and perhaps benefits.  https://www.nature.com/articles/d41586-026-00471-6#autism #research #health",2026-02-19 12:31:51+00:00,0,0,0,787
health,"How do autistic people age — and what does it mean for their health? 

Most research on autism focuses on younger people, but some studies suggest older adults face increased risks—and perhaps benefits. 

 
https://www.nature.com/articles/d41586-026-00471-6#autism #research #health
",2026-02-19 12:31:27+00:00,0,1,0,6
health,"I'm 27 and live with a rare chronic UTI-like condition — my bladder makes me feel 87
https://fed.brid.gy/r/https://www.mirror.co.uk/news/health/womens-bladder-health-interstitial-cystitis-36748263",2026-02-19 12:07:20+00:00,0,0,0,42
health,https://www.wacoca.com/life/352301/ 国際女性デー特別企画「Happy Welllness Day」つくばで初開催。ミモザ200本で女性たちの健康と幸福、社会での輝きを祝福！ | 株式会社ＣＲＯＳＳＡＳＩＡのプレスリリース #health #Kenkō #PrTimes #サービス #サイド #ニュースリリース #プレスリリース #代行 #健康 #国際女性デー特別企画「HappyWelllnessDay」つくばで初開催。ミモザ200本で女性たちの健康と幸福、社会での輝きを祝福！ #方法 #配信,2026-02-19 12:22:17+00:00,0,0,0,83
health,"https://www.theguardian.com/education/2026/feb/19/send-special-needs-support-eligibility-review-secondary-school-england. ""The changes [to SEND] will raise the bar at which #children in #England qualify for an #education, #health & #care plan (EHCP), which legally entitles children with #SEND to get support. EHCPs will be reserved for children with the most severe & complex needs, but new plans for children on lower tiers will still confer additional support & legal rights.""  This isn't good enough, & is another attack by #Labour on #disabled people. It's just an excuse for cuts!",2026-02-19 12:21:02.488000+00:00,0,1,0,471
health,"Canada puts $50M behind Inuit-led university, plus long-awaited TB elimination fundingOttawa will provide $50 million to help build the first Inuit-led university in Canada, and more than $170 million for tuberculosis elimination, food security, and child and family supports in Inuit communities, CBC News has learned.#funding #education #health #communities #Ottawa #Canadahttps://www.cbc.ca/news/politics/minister-gull-masty-2026-inuit-communities-funding-9.7096172?cmp=rss",2026-02-19 12:14:18+00:00,1,0,0,199
health,"Best Home Gym Setup (2026): Adjustable Weights, Resistance Bands, and More
https://fed.brid.gy/r/https://www.wired.com/story/the-best-home-gym-setup/",2026-02-19 11:30:00+00:00,0,2,0,104
health,"""The notion that the current director of the #NIH can take on the mantle of another federal agency in his spare time is hard to understand.""""The #CDC has faced significant instability, including budget cuts, staff reductions, and controversies under Secretary of Health and Human Services Robert F. Kennedy Jr, a longtime anti-vaccine activist.""#USPol #Health https://www.reuters.com/business/healthcare-pharmaceuticals/nih-director-temporarily-run-cdc-new-york-times-reports-2026-02-18/",2026-02-19 11:36:45+00:00,0,0,0,840
health,"🐶🩺 We know #pugs and #bulldogs struggle to breathe, but a new study of 900 #dogs shows that breeds like #chihuahuas and #boxers are also at risk.👉 https://www.popsci.com/environment/chihuahua-boxer-and-10-other-dog-breeds-at-risk-of-breathing-troubles/#pets #science #biology #animals #puppies #research #health",2026-02-19 11:30:02+00:00,0,5,0,1033
health,"Health Influencer’s Husband Lost 50 Lbs. in Under 4 Months. When They Discovered the Cause, They Had to Leave Home (Exclusive)
https://fed.brid.gy/r/https://people.com/influencer-husband-lost-50-lbs-in-under-4-months-due-to-black-mold-exclusive-11907370",2026-02-19 11:00:00+00:00,0,0,0,322
health,Bei Schnupfen und Erkältung stellt sich die Frage: Was ist besser - die Nase hochziehen oder putzen? Hier finden Sie die Antwort.#nasehochziehenoderputzen #nasehochziehen #schnupfen #erkältung #gesundheit #health #fluNase hochziehen ungesund?: Was ist besser: Nase hochziehen oder schnäuzen? | BR.de,2026-02-19 10:12:00+00:00,0,0,0,17
health,https://www.wacoca.com/life/352268/ 寿命は遺伝で決まる？3つの研究が示した「これまでを大きく上回る数字」とは | ヘルスデーニュース | ダイヤモンド・オンライン #health #Kenkō #べるず #健康 #双子 #寿命 #死 #研究 #遺伝,2026-02-19 11:15:05+00:00,0,0,0,83
health,"NHS warns UK is facing 'second surge' of contagious winter bug
https://fed.brid.gy/r/https://www.manchestereveningnews.co.uk/news/uk-news/nhs-warns-uk-facing-second-33452266",2026-02-19 10:52:49+00:00,0,0,0,118
health,"Some Brain Cells Resist Dementia, And Scientists Finally Know Why- ciscialhttps://www.sciencealert.com/some-brain-cells-resist-dementia-and-scientists-finally-know-why#Health #MSFTContent",2026-02-19 11:04:40+00:00,0,0,0,313
health,Humans Used to Sleep Twice Each Night. Here's Why It Vanished. Via @sciencealert #Health ❤️‍🩹 🧑‍⚕️ #Science 🔭🔬🧪🥼🧑‍🔬Humans Used to Sleep Twice Eac...,2026-02-19 11:01:16.413000+00:00,1,1,0,79
health,"Verteilte Stabilität – Ein Ich wird zum Feld: Bewertung als Modus, Dummheit als Taktgeber, Schreiben als Systempflege.👉 https://whisper7.substack.com/p/verteilte-stabilitat-wie-ein-system#Philosophie #Gesundheit #WohlbefindenDistributed Stability – The I becomes a field: evaluation as mode, rhythm as signal, writing as system care.👉 https://whisper7.substack.com/p/distributed-stability-how-a-system#Philosophy #Health #Wellness",2026-02-19 10:36:17.947000+00:00,0,1,0,12
health,"New Mpox Strain Combining Two Types Detected in UK and IndiaA new mpox virus that mixes two types has been found in the UK and India. Health experts say the risk to everyone is still the same.#Mpox, #Virus, #UK, #India, #Healthhttps://newsletter.tf/mpox-mix-uk-india-2025/",2026-02-19 10:31:39.669000+00:00,0,0,0,13
health,Nova Scotia woman claims ER failed to do ‘bare minimum’ before father’s deathErika Snelgrove says her 59-year-old father died from septic shock in December just two days after being sent home from the Dartmouth General emergency department.#healthcare #death #NovaScotia #Dartmouth #Canada #Healthhttps://globalnews.ca/news/11672908/nova-scotia-emergency-department-death-father-sepsis/,2026-02-19 10:27:09+00:00,0,0,0,532
health,"Health officials have found a new type of mpox virus that is a mix of two older types. It was found in one person in the UK and one in India. So far, no one else got sick from them. The World Health Organization says the risk to everyone is still the same, but they will keep watching the virus closely.#Mpox, #Virus, #UK, #India, #Healthhttps://newsletter.tf/mpox-mix-uk-india-2025/",2026-02-19 10:19:45.861000+00:00,0,0,0,13
health,https://www.wacoca.com/life/352235/ 辰野町高齢者ふれあいサロン「松本山雅FC健康教室」を開催しました【報告】 | 松本山雅FC オフィシャルサイト｜Matsumoto Yamaga F.C. #health #Kenkō #健康,2026-02-19 10:18:08+00:00,0,0,0,83
health,एवोकाडो खाने के फायदे#short #health #viarl,2026-02-19 10:17:03.241000+00:00,0,0,0,4
health,"📖  New article contributes novel findings on the #spatial and #temporal patterns of #ageing and age mixing in #Scotland, with relevance for broader debates on #health and #socialcare provision, #housing accessibility and equity, and #population sustainability.The Connecting Generations 'Community resilience and social coherence' project team used the #Scottish #Census of 2011 and 2022 to understand patterns and trends in the #geographies of ageing and age mixing: https://onlinelibrary.wiley.com/doi/10.1002/psp.70217",2026-02-19 09:47:23+00:00,0,4,1,372
health,英國男樹葉吹入口不適吐出　被控隨地吐口水罰250鎊#health #law https://www.am730.com.hk/國際/1012354/英國男樹葉吹入口不適吐出-被控隨地吐口水罰250鎊,2026-02-19 09:26:30+00:00,0,0,0,461
health,"New article co-authored by CPC-CG member Ann Berrington on reaching consensus on how we define modifiable determinants of #health is now published in #BMJ #PublicHealth.‘A modifiable #healthdeterminant must be potentially changeable through direct and/or indirect interventions at the individual or #population levels, and it must be possible to quantify or describe such change in some way.'https://bmjpublichealth.bmj.com/content/4/1/e004189",2026-02-19 09:10:56+00:00,0,2,0,372
health,"Woman, 29, given stage 4 cancer diagnosis after 10-month hospital wait
https://fed.brid.gy/r/https://www.manchestereveningnews.co.uk/news/real-life/woman-29-given-stage-4-33450875",2026-02-19 07:46:51+00:00,0,0,0,118
health,"In this city-run seniors' building, Hamilton residents say needles, urine, feces are only steps awayConditions in the building have been deteriorating steadily since the fall, says resident Rose Hamilton. In the stairwells especially, she’s seen it all — needles, pipes, blood, vomit, spilled food and drinks, garbage and the remnants of fires, many of which CBC Hamilton also encount...#conditions #building #health #Hamilton https://www.cbc.ca/news/canada/hamilton/first-place-9.7095170?cmp=rss",2026-02-19 09:05:08+00:00,0,0,0,11
health,"The crisis in the NHS is taking a toll on NHS staff; health service staff have a 24% higher risk of suicide than the general population, meaning that 4 NHS staff are taking their own lives each week (on average).As NHS workforce planning involves major shifts, and job losses, as well as continued stresses of over-work & lack of budgetary support, we can safely say that when you workforce is choosing suicide something is very wrong!#NHS #Health #suicide h/t Roy Lilley/NHSMangers.net",2026-02-19 08:59:05+00:00,15,27,2,7899
health,https://www.wacoca.com/life/352167/ 笹賀地区福祉ひろば「2025年度 第18回松本山雅FC元気育成・健康増進プログラム スマイル山雅健康運動教室」を開催しました【報告】 | 松本山雅FC オフィシャルサイト｜Matsumoto Yamaga F.C. #health #Kenkō #健康,2026-02-19 08:34:16+00:00,0,0,0,83
health,🔬 Are you going to the Successful R&I Days today?🔥IHI will be onsite to answer all of your burning questions about IHI's #HealthResearch #FundingOpportunities for public-private collaborative projects.💡Find out about our current open call!👉 More info: https://lnkd.in/edrarkrw#successfulri2026 #HorizonEU #Health #Research #Science #EU #Europe,2026-02-19 08:23:17.775000+00:00,0,4,0,1065
health,"Latest AI tech is revolutionizing patient care! From personalized treatment plans to predictive analytics, AI enhances diagnosis, monitors health, and improves outcomes. Here's to smarter healthcare! 🌟🤖 #AI #HealthTech Follow us: https://carering.life #health #patientsfirst",2026-02-19 08:18:04.831000+00:00,0,0,0,7
health,"I rebuilt my relationship with my dad – then he was diagnosed with dementia
https://fed.brid.gy/r/https://metro.co.uk/2026/02/19/rebuilt-relationship-dad-diagnosed-dementia-26816627/",2026-02-19 07:00:00+00:00,0,0,0,55
health,"超加工食品の食べ過ぎが、心臓病のリスクを大幅に高める可能性
https://web.brid.gy/r/https://wired.jp/article/ultra-processed-foods-increase-heart-disease-risk/",2026-02-19 08:00:00+00:00,0,1,0,16
health,#science #health Psychologists have been investing the 'doorway effect' We have all succumbed to this at some point- where you walk into a room and forget what you had gone in there for.  Apparently the brain divides memories into episodes and when we enter a room it creates a new episode. But the impact is greater if you are distracted or the change of environment. Their advice is to stay focused or write a note on the back of your hand. 😀 https://www.sciencefocus.com/science/psychology-doorway-effect-memory,2026-02-19 07:51:56+00:00,1,4,0,83
health,https://www.wacoca.com/life/352133/ 本学教員がWHO公式ジャーナルに気候と健康正義に関する論文を掲載 | ニュース | 静岡県公立大学法人 静岡県立大学 #health #Kenkō #健康 #入学案内 #国際関係 #大学 #環境科学 #看護 #経営情報 #薬 #静岡 #静岡県立大学 #食品栄養科学,2026-02-19 07:30:13+00:00,0,0,0,83
health,"oh noooooo! in another weird #psoriasis  anomaly even though this drug should make it impossible to get new patches, i have a super itchy plaque patch on both feet! annoying but survivable. #health",2026-02-19 07:28:37.950000+00:00,0,0,0,377
health,"‘The system is broken’: tragedies involving escaped patients expose NSW’s mental health crisis, hospital workers say https://www.theguardian.com/australia-news/2026/feb/19/nsw-mental-health-system-broken-tragedies-escaped-patients-crisis-hospital-cumberland-ntwnfb #NewSouthWales #Health #Hospitals #MentalHealth #ChrisMinns #AustraliaNews",2026-02-19 07:16:00+00:00,0,1,0,244
health,CLOSE YOUR EYES' Jang Yeojun To Take Break From Activities Due To Health Issues #Activities #Break #CLOSE #due #EYES #Health #Issues #Jang #Yeojun https://kpopnewshub.com/close-your-eyes-jang-yeojun-to-take-break-from-activities-due-to-health-issues/?fsp_sid=13628,2026-02-19 07:15:58.285000+00:00,0,0,0,13
health,Packing light doesn't mean skipping skincare 🧴✨ Your skin deserves TLC on vacation too! Read more: https://flip.it/rw_Q3z#travel #lifestyleTrends #traveltips #travelhacks #beauty #beautytips #skincare #healthyskin #health #wellness #wanderlust,2026-02-19 06:38:27+00:00,0,0,0,18
health,https://www.wacoca.com/life/352100/ CLOSE YOUR EYES チャン・ヨジュン、健康上の問題により入院治療へ…今週のスケジュールに不参加（Kstyle） – Yahoo!ニュース #health #Kenkō #健康,2026-02-19 06:32:05+00:00,0,0,0,83
health,"How many cups of tea you should really drink per day, according to a doctor
https://fed.brid.gy/r/https://metro.co.uk/2026/02/19/many-cups-tea-really-drink-per-day-according-a-doctor-26975949/",2026-02-19 06:00:00+00:00,0,0,0,55
health,"WA aged care residents to get free RSV vaccine after worst ever flu seasonBy Pip WallerAfter a horror flu season last year, free RSV vaccinations are being rolled out for the first time for older Western Australians living in residential aged care.https://www.abc.net.au/news/2026-02-19/free-rsv-flu-vaccine-for-wa-aged-care-residents/106363530#RespiratoryDiseases #CoughsandColds #Influenza #Health #AgedCare #PipWaller",2026-02-19 06:00:07+00:00,0,1,0,519
health,Життя має для тебе ...Кріс КаррLife has a much bigger ...Kris Carrhttps://buymeacoffee.com/valdeloir/yuyejeluse#життя #щастя #здоровя #баланс #мотивація#life #happiness #health #balance #motivation,2026-02-19 05:53:11.552000+00:00,0,0,0,6
health,https://www.wacoca.com/life/352064/ 【2月25日（水）〜27日（金）「健康博覧会」に出展】「SDGsラウンジ」で途上国の子どもの健康と命を守る「子どもワクチン支援」活動をご案内 | 認定NPO法人 世界の子どもにワクチンを 日本委員会(JCV)のプレスリリース #【2月25日（水）〜27日（金）「健康博覧会」に出展】「SDGsラウンジ」で途上国の子どもの健康と命を守る「子どもワクチン支援」活動をご案内 #health #Kenkō #PrTimes #サービス #サイド #ニュースリリース #プレスリリース #代行 #健康 #方法 #配信,2026-02-19 05:42:22+00:00,0,0,0,83
health,"Psychedelics for depression, dart frog poison and why do we have chins? – podcast https://www.theguardian.com/science/audio/2026/feb/19/psychedelics-depression-dart-frog-poison-humans-chins-podcast #Science #Evolution #MentalHealth #Drugs #Depression #Biology #Health #Russia",2026-02-19 05:15:11+00:00,0,0,0,349
health,"Beef and lamb get 580 times more in EU subsidies than legumes, study finds https://www.theguardian.com/environment/2026/feb/19/beef-lamb-legumes-eu-subsidies-study #Farming #EuropeanUnion #MeatIndustry #Food #Meat #Environment #Europe #Health #Food #Society",2026-02-19 05:09:40+00:00,0,2,0,244
health,"Hip Replacement Causes: Key Factors Behind Joint DamageStruggling with hip pain? Understanding the hip replacement causes is crucial to making informed decisions about your treatment. From osteoarthritis to past injuries and lifestyle factors, learn what leads to joint damage. Click here to know more -https://glyraorthopaedics.com/2026/01/10/hip-replacement-causes-and-risk/Get in touch -https://glyraorthopaedics.com/#health #medical #healthcare #clinic #Orthopaedic",2026-02-19 04:41:40.186000+00:00,0,1,0,0
health,https://www.wacoca.com/life/352027/ 【3/12(木)参加者募集＠SDF静岡】SDGｓ健康増進プログラム　ヤクルト PRESENTS 「親子でチャレンジ運動教室」Supported by 静岡市 #health #Jリーグ #Kenkō #SPULSE #SHIMIZU SPULSE #エスパルス #サッカー #サッカースクール #健康 #清水 #清水エスパルス #静岡,2026-02-19 04:33:04+00:00,0,0,0,83
health,10 minutes. That's 1.4% of your entire day. Less time than scrolling. Less time than a Netflix episode. Enough to reduce early death risk by 23%. No more excuses. 365 workouts mapped out. $17. FL10 — link in bio. #fitness #health #workout,2026-02-19 04:27:52.293000+00:00,0,1,0,8
health,"'I was clinically dead for 45 minutes and when I woke up my entire way of thinking changed'
https://fed.brid.gy/r/https://www.mirror.co.uk/news/health/i-clinically-dead-45-minutes-36735129",2026-02-19 04:00:00+00:00,0,0,0,42
health,"""Ozempic Mental Health Effects, Explained for Beginners""https://youtu.be/6ZlVOnjN8J8#health",2026-02-19 04:15:02.497000+00:00,0,0,1,24
health,"New publication - Matthew Rimmer, ‘Bioprinting Regulation: Intellectual Property, Health Law, and Biomedical Innovation’, in Andy Choi (ed.) Handbook in Tissue Reconstruction and Regeneration, Singapore: Springer, 2026, pp 1-50, https://link.springer.com/rwe/10.1007/978-981-96-7448-0_9-1 The Chapter is part of a Handbook of Tissue Reconstruction and Regeneration https://link.springer.com/referencework/10.1007/978-981-96-7448-0 Having performed this paper a number of times over the years, I am happy to publish a final, long version of this work. It is also good to acknowledge the many scholars and researchers working in this burgeoning field of bioprinting regulation. #additivemanufacturing #3dprinting #bioprinting #health #publichealth #IP #innovation #productliability #consumerrights #dataprotection #privacy",2026-02-19 04:01:42+00:00,2,5,0,1794
health,"Premier weighs in after two hospital escapees allegedly kill three peopleBy Ethan RixNSW Premier Chris Minns says it is ""deeply distressing"" after two mental health patients who escaped from the same Sydney hospital within 24 hours went on to allegedly kill three people between them.https://www.abc.net.au/news/2026-02-19/nsw-premier-chris-minns-concerned-by-cumberland-hospital-escapes/106362938#MentalHealth #Health #StateandTerritoryGovernment #PublicHealth #EthanRix",2026-02-19 04:00:13+00:00,0,0,0,519
health,https://www.wacoca.com/life/351987/ 大塚製薬 東京マラソン2026に協賛”人の可能性を信じる。”をテーマに国内外ランナーのコンディショニングをサポート｜2026年2月19日｜ニュースリリース｜大塚製薬 #health #Kenkō #ニュースリリース #企業情報 #健康 #大塚製薬,2026-02-19 03:38:29+00:00,0,0,0,83
health,‘The Arrow’s David Ramsey Opens Up About Past Testicular Cancer Treatment#News #Cancer #DavidRamsey #Health #Prostatecancerhttps://deadline.com/2026/02/david-ramsey-past-testicular-cancer-treatment-1236729048/,2026-02-19 03:25:05.519000+00:00,0,0,0,931
health,https://www.wacoca.com/life/351952/ 奈良県 性と健康の相談センター事業の一環として、高校生・大学生向けに、プレコンセプションケアに関する無料オンラインセミナーを３月８日(日)に開催します | 株式会社ファミワンのプレスリリース #health #Kenkō #PrTimes #サービス #サイド #ニュースリリース #プレスリリース #代行 #健康 #奈良県性と健康の相談センター事業の一環として、高校生・大学生向けに、プレコンセプションケアに関する無料オンラインセミナーを３月８日(日)に開催します #方法 #配信,2026-02-19 02:36:12+00:00,0,0,0,83
health,"After tragedy, Lapu Lapu victims were victims of ‘snooping’ at hospitals: reportIn the aftermath of the deadly Lapu Lapu tragedy last April, dozens of people were rushed to hospitals to receive care, but some were victims of snooping.#tragedy #hospital #victims #LapuLapu #Health #LapuLapufestivalhttps://globalnews.ca/news/11673674/victims-lapu-lapu-tragedy-snooping-hospitals-report/",2026-02-19 02:28:10+00:00,0,0,0,532
health,Fact check: A remedy for pancreatic cancer? Not really// Article in French //- - -Vérification des faits: un remède contre le cancer du pancréas? Pas tout à faithttps://www.sciencepresse.qc.ca/actualites-scientifiques/detecteur-rumeurs/2026/02/16/verification-eclair-remede-contre-cancer#Cancer #Health #Santé,2026-02-19 02:26:56+00:00,0,0,0,501
health,Scientists Want to Intercept Cancer Decades Before It Develops. Here's How.- ciscialhttps://www.sciencealert.com/scientists-want-to-intercept-cancer-decades-before-it-develops-heres-how#Health,2026-02-19 02:16:52+00:00,0,0,0,313
health,"Global News BC | After tragedy, Lapu Lapu victims were victims of ‘snooping’ at hospitals: reportIn the aftermath of the deadly Lapu Lapu tragedy last April, dozens of people were rushed to hospitals to receive care, but some were victims of snooping.#GlobalNewsBC #BCNews #Health #LapuLapuFestival #LapuLapuTragedy",2026-02-19 02:14:04+00:00,0,0,0,7
health,https://www.wacoca.com/life/351928/ だから老後の健康寿命に差が出る…医師が明言する｢がんを寄せつけない人｣が食べない食材･飲まない飲み物 | PRESIDENT Online（プレジデントオンライン） #health #Kenkō #PRESIDENTOnline #がん #プレジデントオンライン #健康 #書籍抜粋,2026-02-19 01:33:05+00:00,0,0,0,83
health,"Alterations in gut bacteria have been associated with a variety of adverse health conditions.  A new paper finds differences in gut fungal communities between patients who have suffered an acute ischemic stroke and those who have not.https://www.cell.com/iscience/fulltext/S2589-0042(26)00447-5?rss=yesNote that the fungal communities were assessed post-stroke, so prediction, as stated in the title, is not actually demonstrated.#Science #Health #Stroke #GutMicrobiome",2026-02-19 01:23:13+00:00,0,0,0,223
health,"Fran Drescher Says Trauma ‘Manifested in Me’ as Illness: ‘It Created a Cancer'
https://fed.brid.gy/r/https://people.com/fran-drescher-says-trauma-manifested-in-me-as-illness-it-created-a-cancer-11908921",2026-02-19 00:25:49+00:00,0,0,0,322
health,"“The Blind Side” Star Quinton Aaron Is 'Fully Alert' After Spinal Stroke, He Says 'I Went Through A Lot' (Exclusive)
https://fed.brid.gy/r/https://people.com/the-blind-side-star-quinton-aaron-says-i-went-through-a-lot-following-spinal-stroke-exclusive-11909363",2026-02-19 00:59:20+00:00,0,1,0,322
health,"Add your name to sign onto #RashidaTlaib’s recent congressional letter calling for investigations into institutional failures of care for #Black #mothers, and demanding improvements in Black #women’s #health. https://click.actionnetwork.org/ss/c/u001.qUXRBnqZ7T8nxbpAcIVwoUsWLkUMWlo_0JmZttSlm3-ZhvTufKh4XryH9-SKBKqmGZ5Oum88MN4t5zwHWSIic13WyCikXTbN_7eo5GoxObtwWXZrUUJngZpIyaF63nvmTrrDW39-acs3Oz3m5o_Br2u-wUzEgxqV22ytr_XTseqPB909iUXs8k_1QPEy_W0TJ1Nj6LCUIKXyCzAaN6LRUzqbw8GhGECeTpaWEUkli-XxRhxk2_Y3okt3NPvd8GkaVLkbIn7PaXyP_ZB0qn11XvQJz_ev9q0Z1KRmgJv0xZIo763tBfPcbU6sxiEkt65k6-OVXI2NUZUjp6sAuAxn54cHeJU9g2G9WLgfnB7jnzU1crVTNeljC3h-l4GVyjFxlMoLRCS2GMzHrJQXkeOfOpAhdcw7LAkIOru4ZoEOAb8/4o9/Oql2XqHPTxqujkzq5YjJlw/h5/h001.iA7hqQ2JO7o-XoqAUWuoWkuAmTtufkJGsVhE2J7Hv3s",2026-02-19 01:16:42+00:00,1,1,0,576
health,"Ontarians without a family doctor at higher risk of death, study findsResearchers say Ontario should work to increase access to a family doctor for people with chronic conditions due to the added risk they face.#health #access #Ontario #Canada #DoctorShortage #FamilyDoctorhttps://globalnews.ca/news/11673207/ontario-no-family-doctor-risk-of-death/",2026-02-19 00:57:03+00:00,0,0,0,33
health,"Manitobans may have been exposed to measles at Neepawa medical clinic, public health officials warnManitoba health officials are warning that people may have been exposed to measles at a medical clinic in Neepawa last week.  #health #warning #Neepawa #Manitoba https://www.cbc.ca/news/canada/manitoba/neepawa-measles-exposure-9.7096528?cmp=rss",2026-02-19 00:47:05+00:00,0,0,0,44
health,https://www.wacoca.com/life/351912/ だから老後の健康寿命に差が出る…医師が明言する｢がんを寄せつけない人｣が食べない食材･飲まない飲み物 | PRESIDENT Online（プレジデントオンライン） #health #Kenkō #PRESIDENTOnline #がん #プレジデントオンライン #健康 #書籍抜粋,2026-02-19 00:37:06+00:00,0,0,0,83
health,"#Auspol #Healthjust voted in the New Daily poll about #PrivateHealthCover, and the option i chose was instantly converted to another option. 🙄prolly won’t place a lot of stock in the overall results when they come outalso wondering why vaccination rates have fallen?is it because decision-making adults have never seen what things like whooping cough can do? as an old fart i have checked my immunity to several infectious diseases has  not diminished, and am still ok for things like measles, but will prolly start wearing a mask again when i go out",2026-02-18 23:35:52+00:00,0,4,1,1121
health,https://www.wacoca.com/life/351892/ 【医者が教える】「健康」に気を使っても無意味…60年の統計が突き止めた「病気になりにくい人」がやっている1つのこと【書籍オンライン編集部セレクション】 | 10000人を60年間追跡調査してわかった健康な人の小さな習慣 | ダイヤモンド・オンライン #health #Kenkō #健康,2026-02-18 23:32:05+00:00,0,0,0,83
health,"This Diet Change Cuts Over 300 Calories a Day, Without Decreasing Meal Size. Via @sciencealert #Health ❤️‍🩹 🧑‍⚕️ #Fitness 🏃🏅🏆This Diet Change Cuts Over 300...",2026-02-18 23:30:13.493000+00:00,0,1,0,79
health,"I think my grip strength has improved recently, just as my back pain seems to be diminishing. I started static stretching in the morning, which has helped me with back pain in the past (sciatica).A couple of years ago I noticed that when I drink home-made kefir my strength overall seems improved.  I can't say for sure if my grip strength has improved - it just seems easier to crush empty milk cartons before putting them into the recycle bin.I discarded my kefir grains before I moved and have only recently found a store-bought brand (Rolling Meadow) I could tolerate. All other dairy causes painful swallowing.  Unfortunately it is not always in stock, so I tried making kefir using Yogourmet starter and Rolling Meadow milk, which is grass-fed. It turned out to be better tasting and cheaper, and also I wasn't getting a noticeable effect on strength from the RM kefir - so I'll keep making the Yogourmet plus RM milk kefir.I wondered if any studies had been done on grip strength and kefir consumption and I found this:Kefir Supplementation Modifies Gut Microbiota Composition, Reduces Physical Fatigue, and Improves Exercise Performance in Mice [2018]https://doi.org/10.3390/nu10070862Here's a review on why grip strength is important:Grip Strength: An Indispensable Biomarker For Older Adults [2019]https://doi.org/10.2147/CIA.S194543#health #aging #GripStrength #kefir #FunctionalFoods #FermentedFoods #dairy",2026-02-18 23:27:34+00:00,0,0,0,356
health,Now I will ask #God to send the spaceship. 🛸 I cannot believe that IS correct right now. I think it is a #mental #health break moment on that. 🤯🤯🤯RE: https://bsky.app/profile/did:plc:3xrko5mfh3cx5momc4pcdc26/post/3mf67dcblz224,2026-02-18 23:19:27.684000+00:00,0,0,0,18
health,"""About those vitamin pills ..."" (Moir, 19/2/26)#auspol #ausnews #vicnews #moir #rfk.jr #trump #maga #gop #america #usa #health #pharmaceuticalshttps://www.victoriannews.com.au/opinion/alan-moir/moirs-view-1455/?utm_source=mastodon&utm_medium=jetpack_social",2026-02-18 23:10:10.151000+00:00,0,0,0,20
health,"Hospital restricts visitors immediately after 'outbreak' on wards as urgent message issued
https://fed.brid.gy/r/https://www.manchestereveningnews.co.uk/news/greater-manchester-news/hospital-restricts-visitors-immediately-after-33450647",2026-02-18 22:13:20+00:00,0,0,0,118
health,Humans Are Still Evolving Before Our Eyes on The Tibetan Plateau- ciscialhttps://www.sciencealert.com/humans-are-still-evolving-before-our-eyes-on-the-tibetan-plateau#Health #MSFTContent,2026-02-18 22:39:15+00:00,0,2,0,313
health,Yes. Eliminate the health insurance industry. #australia #health #healthcare #medicine #auspol Let’s invest the private health premiums instead into our universal healthcare system for everyone. https://www.theguardian.com/australia-news/2026/feb/19/australian-private-health-insurance-premiums-increase-will-policies-deliver-cost-more,2026-02-18 22:36:56+00:00,0,7,2,245
health,https://www.wacoca.com/life/351876/ Cardinal Health Stock Is Trading Near Record Levels: Here’s the Path to $467 #health #Kenkō #健康,2026-02-18 22:30:05+00:00,0,0,0,83
health,"EU launches plan against cyberbullying, Sierra Leone’s first-ever NICU, Norway to phase out “Frankenchickens”
https://fed.brid.gy/r/https://squirrel-news.net/eu-launches-plan-against-cyberbullying-sierra-leones-first-ever-nicu-norway-to-phase-out-frankenchickens/",2026-02-18 14:08:51+00:00,0,3,0,6
health,"The little-known diet rivalling the Mediterranean for longevityScientists at Aarhus University have discovered adhering to the revised Nordic dietary guidelines could significantly extend lifespan. The research, examining data from 76,000 Swedish adults, found tho…#dining #cooking #diet #food #mediterranean #MediterraneanDiet #MediterraneanFood #health #Lifestyle #Mediterranean #news #SGGhttps://www.diningandcooking.com/2519966/the-little-known-diet-rivalling-the-mediterranean-for-longevity/",2026-02-18 22:06:10+00:00,0,0,0,63
health,"Trump Required Hospitals To Post Their Prices for Patients. Mostly It’s the Industry Using the Data. Politicians have pushed for price transparency in health care. But instead of patients shopping for services, it’s mostly health systems and insu...   https://kffhealthnews.org/news/article/price-transparency-trump-hospitals-insurers-health-care-costs/#cms #cost-transparency #health-care-costs #health-industry #hospitals #insurance #medicaid #medicare #minnesota #trump-administration",2026-02-18 22:01:58+00:00,0,1,0,787
health,"B.C. paramedics vote 97% in favour of strike actionContract talks between the union representing paramedics and the employer, Health Employees Association of BC, broke down before Christmas.#strike #union #contract #BC #Health #BCAmbulancehttps://globalnews.ca/news/11673101/bc-paramedics-vote-97-per-cent-favour-strike-action/",2026-02-18 21:48:04+00:00,0,0,0,69
health,"Contrary to a certain worm-eaten brain's opinions, meat every day is not the way to health. The Knights Templar, legendary warriors of yore, only ate meat a few days a week at dinner, 4 days maximum, not at every meal every day. Their diet was largely vegetarian with eggs & cheese, and fish on Fridays - and they lived way longer than most people of that era.So eat your oatmeal, class. Lay off the bacon. Link: https://www.atlasobscura.com/articles/what-the-templar-knights-ate#Diet #Meat #MediterraneanDiet #History #Food #Health",2026-02-18 21:42:37+00:00,1,7,1,1058
health,https://www.wacoca.com/life/351856/ 生活動線に社会参加を仕掛けて要介護リスクを低下、資源回収×交流×野菜販売など 千葉大学 | 女性ヘルスケア専門のビジネスメディア「ウーマンズラボ」 ##70代女性 ##80代女性 ##90代女性 #60代女性 #health #Kenkō #介護 #健康 #医療 #地域,2026-02-18 21:40:08+00:00,0,0,0,83
health,Old railway line to be cleared for major #Bristol-Bathhttps://kensbookinfo.blogspot.com/p/cities.html#22aPM Wong extends ‘warmest wishes’ to #Singaporean #Muslimshttps://kensbookinfo.blogspot.com/p/etc.html#Singapore#Health Experts Don't Want You To Use Vegetable Oil—Here'shttps://kensbookinfo.blogspot.com/p/health.html#12Which visa is easier to get in #Spain?https://kensbookinfo.blogspot.com/p/cities.html#13aOfficial Govt & #Legal Notices For Febhttps://kensbookinfo.blogspot.com/p/us-cities.html#76a#France's #CPI rises 03 pct in Januaryhttps://kensbookinfo.blogspot.com/p/interest.html#1,2026-02-18 21:31:43.369000+00:00,0,0,0,27
health,"Global News BC | B.C. paramedics vote 97% in favour of strike actionContract talks between the union representing paramedics and the employer, Health Employees Association of BC, broke down before Christmas.#GlobalNewsBC #BCNews #Health #BCAmbulance #BCParamedics",2026-02-18 21:30:21+00:00,0,0,0,7
health,"Allied #Health Professions Council cautions GFA on thehttps://kensbookinfo.blogspot.com/p/etc.html#GhanaHow a mural in #Greece won ‘Best in the #World’https://kensbookinfo.blogspot.com/p/canada.html#8Tickets available for 2026 Park #Cityhttps://kensbookinfo.blogspot.com/p/sports.html#20#Las5 cosas que debes saber este 18 de febrerohttps://kensbookinfo.blogspot.com/p/cities.html#26a#Trade deficit deepens as #Pakistan's externalhttps://kensbookinfo.blogspot.com/p/markets.html#5Over 84,000 Ukrainians based in #Ireland, CSO figureshttps://kensbookinfo.blogspot.com/p/ireland.html#RTÉ",2026-02-18 21:29:59.877000+00:00,0,0,0,27
health,"The little-known diet rivalling the Mediterranean for longevityScientists at Aarhus University have discovered adhering to the revised Nordic dietary guidelines could significantly extend lifespan. The research, examining data from 76,000 Swedish adults, found those who closely followed the update…#dining #cooking #diet #food #MediterraneanDiet #health #Lifestyle #Mediterranean #news #SGGhttps://www.diningandcooking.com/2519966/the-little-known-diet-rivalling-the-mediterranean-for-longevity/",2026-02-18 21:15:13+00:00,0,2,0,148
health,Tantra Sadhana of Sri Rama and Sri Krishna - Online Weekend Workshop via Zoom#srikrishna #divine #energy #srirama #srikrishna #sadhana #meditation #prayer #health#harekrishna,2026-02-18 21:11:55.038000+00:00,0,1,0,2
health,"Access to cool spaces is life and death for some people living with disabilitiesBy Amelia WaltersWith heatwave events set to be more frequent across the country, researchers say thermoregulation must be part of urban planning to avoid risking the lives of people with heat regulation impairments.https://www.abc.net.au/news/2026-02-19/heat-regulation-impairments-urban-planning-disabilities-sa/106348980#Disabilities #Heatwaves #UrbanDevelopmentandPlanning #Health #AmeliaWalters",2026-02-18 21:00:14+00:00,0,0,0,519
health,Datacenters Behaving Like Acoustic Weapons - Benn Jordan,2026-02-18 20:47:23.445000+00:00,0,0,0,41
health,"📝 Daily report 📈Here are today's most popular trending hashtags #⃣ on our website 🌐️:#claude, #homelab, #devops, #docker, #introduction, #environment, #health, #python, #valve, #podcast, #art🔥 Stay tuned! 🔥",2026-02-18 20:45:34+00:00,1,1,0,70
health,https://www.wacoca.com/life/351837/ 大正健康ナビ、2/18新着情報　「気になる体臭の原因は腸内環境？ 意識調査で分かったにおいの男女のギャップとは？」を公開！ | 大正製薬株式会社 #DigitalPRPlatform #health #Kenkō #PR #PRAPJAPAN #デジタルPR #ニュースリリース #ネットPR #プレスリリース #ライフスタイル #リリース #健康 #大正製薬株式会社 #広報 #配信代行,2026-02-18 20:45:08+00:00,0,0,0,83
health,This vegan diet cut insulin use by nearly 30% in type 1 diabetes https://www.sciencedaily.com/releases/2026/02/260212234212.htm#nutrition #diet #plantbased #food #health #diabetes #insulin #vegan #veganism #GoVegan,2026-02-18 20:24:46+00:00,1,0,0,824
health,NHS to spend more to settle lawsuits over negligence during childbirth after court ruling https://www.theguardian.com/society/2026/feb/18/nhs-spend-more-settle-lawsuits-negligence-childbirth-supreme-court #Nhs #England #UkNews #Children #UkSupremeCourt #Childbirth #Health #Law,2026-02-18 20:24:36+00:00,0,1,0,244
health,"Oof. This morning’s test shows pretty high cortisol. I hope they’ll be interested in treating it since I don’t have all the symptoms of Cushing’s syndrome, but it won’t be helping fatigue, weight, sleep or sugar, and that seems like more than enough.One of its risks is diabetes, so maybe that’s why my sugar level jumped six points last year. Idk.Pharmacist who thought of it couldn’t find my previous test result, but I did and it was far lower back in 2019. No idea how long it’s been high for.Trying to keep up while being unaware I’m autistic and adhd, that caused stress for a long time so I was surprised it tested okay the first time.#health",2026-02-18 20:13:13+00:00,0,0,0,95
health,"Nurses at a Tacoma hospital allege that ICE agents have repeatedly ignored practices safeguarding detainee patients’ privacy, health, and safety.https://www.kuow.org/stories/ice-agents-often-ignore-safety-and-privacy-practices-for-detainee-patients-tacoma-nurses-say#KUOW #News #Health",2026-02-18 20:10:07+00:00,0,1,0,230
health,Data Centers Are Behaving Like Acoustic Weapons | Benn Jordan18 Feb 2026https://youtu.be/_bP80DEAbuo#health #environment #DataCenters #NoisePollution #Infrasound #VestibularFunction,2026-02-18 20:06:50+00:00,0,1,1,356
health,"Problematic Instagram use: redefining the nature of addiction

Kali Hays, Regan Morris, and Peter Bowes, writing for the British Broadcasting Corporation (BBC):

The head of Instagram has defended his platform against claims it caused mental health damage to minors, arguing in a California court that even seemingly excessive use of social media does not equal an addiction.

Adam Mosseri, Head of Instagram (IG), made the remark during a court hearing in Los Angeles, in the United States. Plaintiffs allege IG, along with other social networks, including […]

https://disassociated.com/problematic-instagram-use-redefining-nature-addiction/",2026-02-18 20:00:20+00:00,0,0,0,7
health,Australia news live: Tony Burke accuses Coalition of ‘silly hypocrisy’ on Syria camp group https://www.theguardian.com/australia-news/live/2026/feb/19/tony-burke-syria-camp-jobs-figures-angus-taylor-anthony-albanese-coalition-labor-accc-coles-ntwnfb #AustraliaNews #AustralianPolitics #AustralianEconomy #Business #Health #AustralianEducation #AustralianImmigrationAndAsylum #AustralianForeignPolicy #LaborParty #Coalition #AngusTaylor #AnthonyAlbanese,2026-02-18 19:53:03+00:00,0,1,0,244
health,"Nova Scotia takes next step toward specialized menopause clinic halifax.citynews.ca/2026/02/18/n...
#Occupy #NovaScotia #Womens #Health #MenopauseNova Scotia takes next step to...",2026-02-18 19:43:30.579000+00:00,0,1,0,3
health,https://www.wacoca.com/life/351821/ 心身の健康と社会とをつなぐ、これほど優れたツールは他にない | 電通報のプレスリリース | 共同通信PRワイヤー #health #Kenkō #健康,2026-02-18 19:41:06+00:00,0,0,0,83
health,"Costa Rica Begins Measles Vaccination Drive Due To Recent SurgeCosta Rica’s Ministry of Health has rolled out a nationwide vaccination campaign against measles following a marked increase in cases across the Americas. The move comes after national health officials confirmed an imported case from Mexico and noted rising infections in neighboring countries. Data from the Pan American Health Organization (PAHO) shows 14,891 confirmed measles [...]#Featured #Health #Newshttps://ticotimes.net/2026/02/18/costa-rica-begins-measles-vaccination-drive-due-to-recent-surge",2026-02-18 19:37:14+00:00,0,0,0,132
health,"NEW: For years, the #FDA website warned of products and remedies claiming to treat #autism that were being marketed deceptively and can be harmful. Just a few: •hyperbaric oxygen therapies •chlorine dioxide•raw camel milk. Now, under RFK Jr, that advisory is gone. https://www.propublica.org/article/rfk-jr-fda-removes-autism-treatments-warning#news #RFKJR #health #medicine #safety #government #trump",2026-02-18 19:32:48+00:00,77,160,17,174296
health,"Vision loss in some people is being attributed to their tattoos

Jacinta Bowler writing for the Australian Broadcasting Corporation (ABC):

The condition, known as tattoo-associated uveitis, can lead to permanent vision loss, glaucoma, and patients requiring immunosuppressants for the rest of their life.

While rare, the condition can set in several years after getting a tattoo. In one case, decades had passed before the person began experiencing vision loss. 

Most people seeking tattoos doubtless know about the risk of infection, or allergic reactions, […]

https://disassociated.com/vision-loss-attributed-tattoos/",2026-02-18 19:30:15+00:00,0,0,0,7
health,"Joy Behar, 83, Reveals She’s Lost 25 Lbs. Using a GLP-1: ‘We All Did It!’
https://fed.brid.gy/r/https://people.com/joy-behar-83-reveals-she-lost-25-lbs-using-a-glp-1-11908935",2026-02-18 18:58:46+00:00,0,0,0,322
health,"Ray J Used Fake Blood for 'Attention' During His Shocking Valentine's Day Concert, Photographer Alleges
https://fed.brid.gy/r/https://people.com/ray-j-used-fake-blood-during-his-shocking-valentines-day-concert-11908759",2026-02-18 19:00:00+00:00,0,0,0,322
health,"The public & politicians at large don't put enough pressure on big Pharma to lower prices. We all know that, but it doesn't get a lot of attention. Instead the insurance companies are attacked (rightfully) for their lack of or limited coverage of Rx drugs. Here are examples of my own meds & the reimbursements agreed upon between my MC Advantage plan & the pharmacy. Of course there are other parties involved, but a pharmacy accepting 28¢ on a $536.71 charge??  #Pharma #PriceGouging #Health",2026-02-18 19:09:36.841000+00:00,1,1,0,1425
health,Long-term exposure to #bushfire smoke linked to increased risk of heart disease  https://www.independent.co.uk/climate-change/news/bushfire-smoke-health-impact-heart-disease-b2922489.html#Health #AirPollution,2026-02-18 19:09:23.788000+00:00,1,0,0,489
health,Immune Cells Do Something Unexpected to Stop This Brain Parasite From Spreading- ciscialhttps://www.sciencealert.com/immune-cells-do-something-unexpected-to-stop-this-brain-parasite-from-spreading#Health #MSFTContent,2026-02-18 19:00:17+00:00,0,0,0,313
health,"Chihuahua, boxer, and 10 other dog breeds at risk of breathing troubles
https://web.brid.gy/r/https://www.popsci.com/environment/chihuahua-boxer-and-10-other-dog-breeds-at-risk-of-breathing-troubles/",2026-02-18 19:00:00+00:00,0,3,0,4
health,https://www.wacoca.com/life/351809/ サプリに依存しない「栄養指導による介入」のフレイル改善効果を検証　システマティックレビュー | スポーツ栄養Web【一般社団法人日本スポーツ栄養協会（SNDJ）公式情報サイト】 #health #Kenkō #健康,2026-02-18 18:53:06+00:00,0,0,0,83
health,"Improving Air Quality in Schools:  Leaders Making it HappenWednesday 11 March 20264pm till 5.30pm UK timeOnline on TeamsFree registration:https://events.teams.microsoft.com/event/bcb51bc0-82bd-4cae-84b4-6d2d165fec4c@d7c21edf-d541-49a4-9f5a-7737832d42c7""Research has shown simple actions - ventilate and filter – result in cleaner air and have the potential to significantly improve the health, attendance and performance of students and staff.""The page doesn't seem to say so, but I gather from elsewhere it's being put on by Unison, with some other unions and the Corsi-Rosenthal Foundation.  Speakers are a head teacher, a parent and a school business manager.#UK #school #education #health #AirQuality",2026-02-18 18:51:57+00:00,1,2,0,981
health,The U.S. FDA has decided to review Moderna's mRNA flu vaccine after the pharma company modified its application. The regulator initially rejected the application. NBC explains more.https://flip.it/Nn1xiW#Health #Science #Medicine #Vaccines #USNews,2026-02-18 18:44:24+00:00,6,8,0,11739
health,"As The WHO Blurs Smoking - Vaping Line, Leaders Must Demand Transparency for Continued Funding - Vaping Post#vaping #worldhealthorganization #nicotine #smoking #fctc #health #lungcancer #cardiovasculardisease #tobaccocontrol #respiratoryillness #vapingnews https://www.vapingpost.com/2026/02/11/as-the-who-blurs-smoking-vaping-line-leaders-must-demand-transparency-for-continued-funding/",2026-02-18 18:39:51+00:00,0,0,0,465
health,"Why is health care (amongst so much else) going down the toilet in Ontario?Because our premier is an ignorant floater already swirling in the bowl and he wants everyone down there with him.'Now that OSAP was cut, Nusir said he may not be able to afford to go to medical school, which he hopes to get into in his fourth year of university. 'https://www.cbc.ca/news/canada/toronto/doug-ford-osap-cuts-9.7094009'#onpoli #education #health",2026-02-18 18:13:32+00:00,2,5,2,909
health,China Regulates Nicotine Pouches Under Strict Tobacco Rules - Vaping360#china #nicotine #tobacco #nicotinepouches #health #vaping #vapingrestrictions #tobaccoregulation #vapingnews https://vaping360.com/vape-news/china-regulates-nicotine-pouches-under-strict-tobacco-rules/,2026-02-18 18:12:45+00:00,0,0,0,465
health,"FDA does U-turn, will review Moderna's mRNA flu shot after shocking rejection https://arstechni.ca/oD27 #robertfkennedyjr #anti-vaccine #vinayprasad #moderna #Health #fda",2026-02-18 17:59:02+00:00,0,0,0,74
health,NHS hip and knee operations threatened by bone cement supply shortage https://www.theguardian.com/society/2026/feb/18/nhs-hip-and-knee-operations-threatened-by-bone-cement-supply-shortage #Health #UkNews #Nhs,2026-02-18 17:55:22+00:00,0,1,0,244
health,https://www.wacoca.com/life/351800/ 緑法人会青年部会 健康経営で全国最優秀賞 受賞報告会で飛躍誓う | 青葉区 #health #Kenkō #健康,2026-02-18 17:53:05+00:00,0,0,0,83
health,"RE: https://mastodon.social/@arstechnica/116092733107800722Good for human health, but rampant US corruption leads one to assume a bribe was paid. #Health #Medicine #Science #Vaccines #USPol",2026-02-18 17:50:54+00:00,0,6,0,651
health,"New Mpox Strain Detected in UK and India, Raising Global Health ScrutinyA new type of mpox virus has been found in the UK and India. Health experts are watching it closely.#Mpox, #Virus, #UK, #India, #Healthhttps://newsletter.tf/mpox-strain-uk-india-2025/",2026-02-18 17:43:44.855000+00:00,0,0,0,13
health,"#MissKittyPolitics #AI #Research because #pro-life is killing a lot of women.
The maternal death rate has skyrocketed since repeal of Roe v. Wade. No pro-life anything in this. Murder by policy calling it sanctified, but the #secular #state has an #interest in the womens' #health not your judgement.Maternal Deaths Surged in Abor...",2026-02-18 17:37:05.362000+00:00,0,0,1,18
health,"Revolutionizing healthcare! 🌟 Latest AI tech can analyze patient data, predict outcomes, and personalize treatments, leading to faster diagnoses and improved care. #HealthTech #AI #PatientCare Follow us: https://carering.life #health #patientsfirst",2026-02-18 17:37:04.891000+00:00,0,0,0,7
health,"Why is South Carolina's measles outbreak spreading so quickly?
https://fed.brid.gy/r/https://www.wbur.org/hereandnow/2026/02/18/measles-south-carolina-spread",2026-02-18 11:54:36+00:00,0,0,0,38
economy,🤔❓️❓️❓️ WTF IS THIS? https://www.bocvip.com/1212664/%f0%9f%a4%94%e2%9d%93%ef%b8%8f%e2%9d%93%ef%b8%8f%e2%9d%93%ef%b8%8f-wtf-is-this/ #Bonds #business #CurrentTrends #economy #Investment #IPOs #predictions #stocks,2026-02-19 19:53:04+00:00,0,0,0,160
economy,"Why is the Strait of Hormuz off Iran so crucial?
https://lemmy.wtf/post/38230528",2026-02-19 19:52:55.843000+00:00,0,1,0,2
economy,"The Future is Rural: Reclaiming Food Sovereignty through Farming Clubs?
https://fed.brid.gy/r/https://www.resilience.org/stories/2026-02-19/the-future-is-rural-reclaiming-food-sovereignty-through-farming-clubs/",2026-02-19 10:20:14+00:00,0,1,0,13
economy,"We All Need To Go To Business School
https://fed.brid.gy/r/https://www.resilience.org/stories/2026-02-19/we-all-need-to-go-to-business-school/",2026-02-19 10:22:16+00:00,0,0,0,13
economy,"If you have some time, and are concerned about the economy, watch this fascinating/terrifying interview that covers AI and the 2008 crash.#economy #intelligent https://youtu.be/xu3VAGsIJ_k?si=5BqvHgE8xTfeQ86B",2026-02-19 19:19:21+00:00,0,0,0,49
economy,"Largest payroll revision since 2009, are economic indicators telling a different story? https://www.bocvip.com/1212600/largest-payroll-revision-since-2009-are-economic-indicators-telling-a-different-story/ #Bonds #business #CurrentTrends #economy #Investment #IPOs #predictions #stocks",2026-02-19 19:14:04+00:00,0,2,0,160
economy,"From ⁨⁨⁨⁨⁨#AnnafromUkraine⁩⁩⁩⁩⁩ @AnnafromUkraine@youtube.com🧵 👇RUSSIAN BANKRUPT GIANTS: LUKOIL ROSNEFT GAZPROM RZD Vlog 1322: War in #Ukrainerussian giants #Lukoil, #Rosneft, #Gazprom and Russian #Railroads are on the brink of #bankruptcy, losing up to 50% of their annual revenue and begging #Kremlin for help. But the russian federal #budget and national #wealth #fund are empty, so the companies will go down together with #russia`s #economy.1/2",2026-02-19 18:55:46+00:00,0,1,2,353
economy,"U.S. trade deficit totaled $901 billion in 2025, barely budging despite Trump's tariffs
https://lemmy.wtf/post/38227677",2026-02-19 18:42:52.835000+00:00,0,1,0,2
economy,The billionaire owner of a competing bridge met with Howard Lutnick hours before President Trump threatened the opening of a new bridge between Michigan and Canada.This is a textbook example of the ultra-rich using their influence to further their own interests. https://www.bocvip.com/1212546/the-billionaire-owner-of-a-competing-bridge-met-with-howard-lutnick-hours-before-president-trump-threatened-the-opening-of-a-new-bridge-between-michigan-and-canada-this-is-a-textbook-example-of-the/ #Bonds #business #CurrentTrends #economy #Investment #IPOs #predictions #stocks,2026-02-19 18:35:06+00:00,0,2,0,160
economy,"It’s fine when I do it to terrorize communities, but you can’t do it to call out economic inequality that’s bad https://www.bocvip.com/1212492/its-fine-when-i-do-it-to-terrorize-communities-but-you-cant-do-it-to-call-out-economic-inequality-thats-bad/ #Bonds #business #CurrentTrends #economy #Investment #IPOs #predictions #stocks",2026-02-19 17:56:05+00:00,0,2,0,160
economy,"Fox News Channel’s Sean Hannity Launches Podcast: ‘There Isn’t Anything I Won’t Talk About’
https://lemmy.wtf/post/38224507",2026-02-19 17:32:49.184000+00:00,0,1,0,2
economy,"Canadian business jets boosted total exports in December, says StatCanCanada boosted its exports 2.6 per cent in December, especially for Canadian metal products like gold and silver, as well as aircraft like business jets.#exports #business #economy #Canada #Bombardier #donaldtrumptariffshttps://globalnews.ca/news/11674088/canada-trade-surplus-december-2025-aircraft/",2026-02-19 17:24:04+00:00,0,0,0,532
economy,Chocolatier heir triggers war with Hershey’s for ‘cutting corners’ with his family’s iconic Reese’s cups https://www.bocvip.com/1212441/chocolatier-heir-triggers-war-with-hersheys-for-cutting-corners-with-his-familys-iconic-reeses-cups/ #Bonds #business #CurrentTrends #economy #Investment #IPOs #predictions #stocks,2026-02-19 17:17:04+00:00,0,2,0,160
economy,"Ontario breweries facing major headwinds but they'll be able to weather the stormAfter an onslaught of craft breweries in Toronto and across Ontario, it seems as though the craft brewing gold rush of the early 2010s has finally reached its saturation point. The proverbial keg runneth dry.In 2025 alone, the city lost local favourites Saulter Street Brewery, Indie Ale...#breweries #economy #community #Ontario #Toronto https://www.blogto.com/eat_drink/2026/02/ontario-breweries-facing-headwinds/",2026-02-19 16:53:05+00:00,0,0,0,42
economy,Why The U.S. Retirement System is Getting Worse https://www.bocvip.com/1212380/why-the-u-s-retirement-system-is-getting-worse/ #Bonds #business #CurrentTrends #economy #Investment #IPOs #predictions #stocks,2026-02-19 16:38:04+00:00,0,2,0,160
economy,"The EU is thrashing out a more muscular set of economic policies
https://lemmy.wtf/post/38220762",2026-02-19 16:22:48.003000+00:00,0,1,0,2
economy,"The US trade deficit for goods🚨hit a record $1.2T last year, even as the Trump admin pursued a trade agenda with aggressive tariffs.The sizable US budget deficit🚨*sign of a nation living beyond its means, inevitably draws in large amts of foreign goods, despite #tariffs.“Tariffs🚨aren't the dial to turn if you want to change the overall balance of trade.""Trump🚨has failed thus far in his bid to shrink -let alone eliminate *trade deficit.#Economy #Kakistocracy #USPolhttps://www.washingtonpost.com/business/2026/02/19/tariffs-trade-deficit-2025/",2026-02-19 16:22:30+00:00,0,1,0,3030
economy,"""For all of 2025,🚨the goods trade deficit increased by 2% to its highest level ever.🚨The US imported more goods in 2025 than it's ever done before (I think this is a good thing, but it's the opposite of what MAGA says they want)""-J Horpedahl""That’s🚨~1/2 the rate of increase during Biden’s presidency.""-J Carney""Now here's a fun one. Per today's release from the US Census Bureau,🚨the inflation-adjusted goods trade deficit set a new record in 2025""-S LincicomeTrump #Lies🚨:⬇️#Economy #USPol",2026-02-19 16:13:50+00:00,0,5,2,3030
economy,Trump rushed into Iran crisis meeting as insider warns ‘strike within hours’ https://www.bocvip.com/1212324/trump-rushed-into-iran-crisis-meeting-as-insider-warns-strike-within-hours/ #Bonds #business #CurrentTrends #economy #Investment #IPOs #predictions #stocks,2026-02-19 15:59:04+00:00,0,2,0,160
economy,"KAI tingkatkan inovasi layanan, dukung wisata di Pulau JawaDirektur Utama PT Kereta Api Indonesia (Persero) atau KAI Bobby Rasyidin menegaskan peningkatan inovasi layanan ...https://www.antaranews.com/berita/5425846/kai-tingkatkan-inovasi-layanan-dukung-wisata-di-pulau-jawa#berita #news #indonesianews #antaranews #ekonomi #economy #bisnis #bussiness",2026-02-19 15:51:59+00:00,0,0,0,8
economy,"They tell us at ${UNDISCLOSED_WORKPLACE} that it's okay if you don't write code again, and in the future we are all becoming managers to the true engineers they call agents.I would ask managers ""How easy is it to manage a confident liar"" but I value the paychecks more than the honesty and I already got enough headache for being honest about my thoughts on this mess.#ai #agents #dystopia #tech #economy",2026-02-19 15:31:21+00:00,1,0,0,117
economy,"Additional coverage of U.S.. trade deficit at NYT.""Data released Thursday by the Census Bureau showed the overall trade deficit with the world narrowed, the result of an expanding trade surplus in services. The trade deficit in goods was the highest on record.""https://www.nytimes.com/2026/02/19/business/economy/imports-tariffs-trade-deficit.html#UsPol #Economy 2/n",2026-02-19 15:30:43+00:00,0,0,0,7338
economy,Kementan pastikan daging ayam di Sulbar terkendali pada awal puasaDirektorat Jenderal Peternakan dan Kesehatan Hewan Kementerian Pertanian (Kementan) memastikan stok dan harga daging ...https://www.antaranews.com/berita/5425766/kementan-pastikan-daging-ayam-di-sulbar-terkendali-pada-awal-puasa#berita #news #indonesianews #antaranews #ekonomi #economy #bisnis #bussiness,2026-02-19 15:25:32+00:00,0,0,0,8
economy,"Prince Andrew arrested, but here in Murica, our two-tier justice system ensures the really big criminals operate with impunity https://www.bocvip.com/1212265/prince-andrew-arrested-but-here-in-murica-our-two-tier-justice-system-ensures-the-really-big-criminals-operate-with-impunity/ #Bonds #business #CurrentTrends #economy #Investment #IPOs #predictions #stocks",2026-02-19 15:20:06+00:00,0,2,0,160
economy,"US Stocks: Deere lifts full-year profit forecast as construction, sales rebound; shares soar 8%
https://lemmy.wtf/post/38216882",2026-02-19 15:12:42.427000+00:00,0,1,0,2
economy,"Annual U.S. trade deficit for 2025 held steady in spite of claims by the White House of it having shrunk by 78%.For 2025, the goods and services deficit was $901.5 billion, slightly lower than the $903.5 billion deficit in 2024.This is in spite of tariffs, higher prices and lower purchasing power of the American consumer.Hope voters are slowly recognizing the con game of this lying regime.https://www.bea.gov/news/2026/us-international-trade-goods-and-services-december-and-annual-2025#UsPol #Economy 1/n",2026-02-19 15:10:36+00:00,3,7,1,7338
economy,Bapanas: GPM daging ayam-SPHP jagung dilaksanakan selama RamadhanBadan Pangan Nasional (Bapanas) mengatakan Gerakan Pangan Murah (GPM) daging ayam ras serta program Stabilisasi Pasokan ...https://www.antaranews.com/berita/5425726/bapanas-gpm-daging-ayam-sphp-jagung-dilaksanakan-selama-ramadhan#berita #news #indonesianews #antaranews #ekonomi #economy #bisnis #bussiness,2026-02-19 15:07:15+00:00,0,0,0,8
economy,Menko Zulhas apresiasi SPPG di Jatim banyak yang kantongi SLHSMenteri Koordinator Bidang Pangan Zulkifli Hasan mengapresiasi Jawa Timur karena menjadi salah satu provinsi dengan ...https://www.antaranews.com/berita/5425718/menko-zulhas-apresiasi-sppg-di-jatim-banyak-yang-kantongi-slhs#berita #news #indonesianews #antaranews #ekonomi #economy #bisnis #bussiness,2026-02-19 15:07:14+00:00,0,0,0,8
economy,"Jeff Cox reports the U.S. trade deficit soared to $901 billion in 2025, showing little change even with President Trump's tariff policies. The December shortfall alone hit $70.3 billion, far exceeding expectations. This data raises questions about the effectiveness of tariffs on global trade balances. Dive deeper into the economic analysis.https://www.cnbc.com/2026/02/19/us-trade-deficit-totaled-901-billion-in-2025-despite-trumps-tariffs.html #TradeDeficit #Economy #Tariffs #USChinaTrade",2026-02-19 15:01:19+00:00,0,0,0,47
economy,Bapanas: Awal Ramadhan harga dan pasokan pangan di Jambi terjagaBadan Pangan Nasional (Bapanas) memastikan stabilitas harga dan pasokan pangan di Provinsi Jambi tetap terjaga pada ...https://www.antaranews.com/berita/5425714/bapanas-awal-ramadhan-harga-dan-pasokan-pangan-di-jambi-terjaga#berita #news #indonesianews #antaranews #ekonomi #economy #bisnis #bussiness,2026-02-19 14:50:50+00:00,0,0,0,8
economy,"There’s major uncertainty for the #US & #global #economies about what comes next, in part because #SCOTUS has yet to rule on whether the majority of the #Trump #tariffs are #legal. But the data offered the latest snapshot of a historic overhaul of the #economy & old global order.Trump’s return to the White House brought sprawling tariffs, a giant #tax & #spending bill & #threats to #CentralBank #independence.​#inflation #US #trade #affordability #CostOfLiving #idiocracy #kakistocracy",2026-02-19 14:49:37+00:00,3,1,0,9419
economy,"Fresh data released by the #Commerce Department Thursday morning showed the full-year total #deficit combining goods & services was $901.5 billion, down a smidgen from 2024 but still one of the largest levels in decades. Exports of goods & services rose 6.2% to a record $3.4 trillion. Imports rose nearly 5% to a record $4.3 trillion.#economy #inflation #US #TradeDeficit #trade #deficits #Trump #tariffs #affordability #CostOfLiving #idiocracy #kakistocracy",2026-02-19 14:46:31+00:00,4,1,1,9419
economy,"#US #trade #deficits remained high in 2025, despite #Trump #tariffs The US #TradeDeficit for goods hit a record $1.2 trillion last year, despite the Trump admin pursuing a trade agenda with aggressive tariffs & a staunch “America First” approach.#economy #inflation #affordability #CostOfLiving #idiocracy #kakistocracy https://www.washingtonpost.com/business/2026/02/19/tariffs-trade-deficit-2025/",2026-02-19 14:45:17+00:00,0,8,1,9419
economy,An economy that's upside down. We're excited about this new substack series by Prout writers. Here's the third installment. #economy #monopoly #decentralization #local #distributionhttps://economicdemocracynow.substack.com/p/the-upside-down-economy?utm_source=share&utm_medium=android&r=3i8o00&triedRedirect=true,2026-02-19 14:44:11.119000+00:00,0,0,0,106
economy,Kevin Hassett is on his knees for Trump… https://www.bocvip.com/1212213/kevin-hassett-is-on-his-knees-for-trump/ #Bonds #business #CurrentTrends #economy #Investment #IPOs #predictions #stocks,2026-02-19 14:41:04+00:00,0,2,0,160
economy,367.800 kendaraan melintas Ruas MBZ selama periode libur ImlekPT. Jasamarga Jalanlayang Cikampek (JJC) mengatakan sebanyak 367.800 kendaraan terpantau melintas di Ruas Jalan Layang ...https://www.antaranews.com/berita/5425670/367800-kendaraan-melintas-ruas-mbz-selama-periode-libur-imlek#berita #news #indonesianews #antaranews #ekonomi #economy #bisnis #bussiness,2026-02-19 14:36:04+00:00,0,0,0,8
economy,"Menhub: DIY tujuan keempat libur Lebaran, proyeksi 8,2 juta pergerakanMenteri Perhubungan Dudy Purwagandhi menyebutkan Daerah Istimewa Yogyakarta (DIY) menjadi provinsi tujuan keempat saat ...https://www.antaranews.com/berita/5425662/menhub-diy-tujuan-keempat-libur-lebaran-proyeksi-82-juta-pergerakan#berita #news #indonesianews #antaranews #ekonomi #economy #bisnis #bussiness",2026-02-19 14:30:57+00:00,0,0,0,8
economy,"#Tariffs🚨paid by midsized US bus' tripled last year *more evidence: Trump‘s push to charge higher taxes on imports➡️causing economic disruption. Cos that employ a comb of 48M ppl: had to find ways to absorb: new exp by passing it along to customers: HIGHER PRICES, EMPLOYING FEWER WKRS,  & ACCEPTING LOWER PROFITS.“May be shifting away from transacting with China & maybe toward some other regions in Asia.”Trump's #economy: fewer #jobs⬇️#profits, &⬆️#inflation #grift‼️#USPolhttps://apnews.com/article/trump-tariffs-midsized-companies-costs-consumers-2a25158ff1d06bd7f72d909a8ec64f25",2026-02-19 14:27:27+00:00,3,7,0,3030
economy,"PAL: Konsolidasi dorong Surabaya jadi poros utama industri perkapalanPT PAL Indonesia mengatakan rencana konsolidasi BUMN galangan kapal akan mendorong Kota Surabaya, Jawa Timur, menjadi ...https://www.antaranews.com/berita/5425622/pal-konsolidasi-dorong-surabaya-jadi-poros-utama-industri-perkapalan#berita #news #indonesianews #antaranews #ekonomi #economy #bisnis #bussiness",2026-02-19 14:07:55+00:00,0,0,0,8
economy,"Oil prices rise amid fears of US strikes on Iran – business live
https://lemmy.wtf/post/38213877",2026-02-19 14:02:38.649000+00:00,0,1,0,2
economy,Pertamina: Distribusi BBM aman meski ada insiden pesawat di NunukanPT Pertamina Patra Niaga Regional Kalimantan memastikan bahwa kondisi stok dan penyaluran BBM dalam keadaan aman ...https://www.antaranews.com/berita/5425602/pertamina-distribusi-bbm-aman-meski-ada-insiden-pesawat-di-nunukan#berita #news #indonesianews #antaranews #ekonomi #economy #bisnis #bussiness,2026-02-19 14:02:39+00:00,0,0,0,8
economy,Russia economy in freefall as state-owned firm racks up huge debt https://www.bocvip.com/1212165/russia-economy-in-freefall-as-state-owned-firm-racks-up-huge-debt/ #Bonds #business #CurrentTrends #economy #Investment #IPOs #predictions #stocks,2026-02-19 14:02:04+00:00,0,2,0,160
economy,Dony Oskaria sambangi penghuni huntara di Malalo Tanah DatarChief Operating Officer (COO) Danantara Dony Oskaria menyambangi para penghuni hunian sementara (huntara) yang ...https://www.antaranews.com/berita/5425582/dony-oskaria-sambangi-penghuni-huntara-di-malalo-tanah-datar#berita #news #indonesianews #antaranews #ekonomi #economy #bisnis #bussiness,2026-02-19 13:57:01+00:00,0,0,0,8
economy,Retirement income and Social Security timing shape your lifestyle. Smart choices today extend savings and ease worry. #finance #economy #investing,2026-02-19 13:51:27.708000+00:00,0,1,0,5
economy,Urgent implementation of PPP investment model needed to halt multiyear slump – Seifsa https://www.engineeringnews.co.za/article/urgent-implementation-of-ppp-investment-model-needed-to-halt-multidecade-slump-seifsa-2026-02-19#EngineeringNews #News #Economy #Africa #SouthAfrica,2026-02-19 13:41:17+00:00,0,0,0,23
economy,"Genesis siap hadir di RI, masuki tahap konsultasi dengan pelangganMerek premium asal Korea Selatan, Genesis, tak lama lagi akan masuk ke pasar otomotif Indonesia, siap bersaing dengan ...https://otomotif.antaranews.com/berita/5425522/genesis-siap-hadir-di-ri-masuki-tahap-konsultasi-dengan-pelanggan#berita #news #indonesianews #antaranews #ekonomi #economy #bisnis #bussiness",2026-02-19 13:30:14+00:00,0,0,0,8
economy,"KYIV POST: Russia Triples Attacks on Naftogaz Facilities Last Year The number of attacks on Naftogaz Group, Ukraine’s leading fuel and energy company, reached 229 in 2025, tripling the total number over the previous three years. https://www.kyivpost.com/post/70382 #Ukraine #Economy",2026-02-19 13:25:45+00:00,0,0,0,612
economy,"Amazon takes the No. 1 spot on the Fortune 500, ending Walmart’s 13-year run https://www.bocvip.com/1212111/amazon-takes-the-no-1-spot-on-the-fortune-500-ending-walmarts-13-year-run/ #Bonds #business #CurrentTrends #economy #Investment #IPOs #predictions #stocks",2026-02-19 13:23:04+00:00,0,2,0,160
economy,Legislator minta kepastian hukum bagi pelaku sawit pascapenertibanAnggota Komisi IV DPR RI Firman Soebagyo mengharapkan kegiatan penertiban kawasan hutan tetap memberikan kepastian ...https://www.antaranews.com/berita/5425482/legislator-minta-kepastian-hukum-bagi-pelaku-sawit-pascapenertiban#berita #news #indonesianews #antaranews #ekonomi #economy #bisnis #bussiness,2026-02-19 13:15:42+00:00,0,0,0,8
economy,Menko Zulhas dorong SPPG miliki SLHS demi jamin kualitas MBGMenteri Koordinator Bidang Pangan Zulkifli Hasan mendorong Satuan Pelayanan Pemenuhan Gizi (SPPG) untuk memiliki ...https://www.antaranews.com/berita/5425462/menko-zulhas-dorong-sppg-miliki-slhs-demi-jamin-kualitas-mbg#berita #news #indonesianews #antaranews #ekonomi #economy #bisnis #bussiness,2026-02-19 13:00:58+00:00,0,0,0,8
economy,"Tebar promo, BSI bidik perluasan nasabah lewat program RamadhanPT Bank Syariah Indonesia Persero Tbk (BSI) menyediakan beragam promo untuk memperluas jangkauan nasabah melalui ...https://www.antaranews.com/berita/5425442/tebar-promo-bsi-bidik-perluasan-nasabah-lewat-program-ramadhan#berita #news #indonesianews #antaranews #ekonomi #economy #bisnis #bussiness",2026-02-19 13:00:58+00:00,0,0,0,8
economy,Danantara bangun huntap di Tanah Datar jadi upaya pulihkan ekonomiBadan Pengelola Investasi Daya Anagata Nusantara (BPI Danantara) memulai pembangunan hunian ...https://www.antaranews.com/berita/5425434/danantara-bangun-huntap-di-tanah-datar-jadi-upaya-pulihkan-ekonomi#berita #news #indonesianews #antaranews #ekonomi #economy #bisnis #bussiness,2026-02-19 12:56:54+00:00,0,0,0,8
economy,"Democrats revive a once-taboo idea: Capping grocery prices
https://lemmy.wtf/post/38211497",2026-02-19 12:52:55.469000+00:00,0,2,1,2
economy,"Transaksi ziswaf Bank Muamalat tumbuh hampir 25 persenPT Bank Muamalat Indonesia Tbk mencatat pertumbuhan volume transaksi zakat, infak, sedekah dan wakaf (ziswaf) lewat ...https://www.antaranews.com/berita/5425402/transaksi-ziswaf-bank-muamalat-tumbuh-hampir-25-persen#berita #news #indonesianews #antaranews #ekonomi #economy #bisnis #bussiness",2026-02-19 12:45:12+00:00,0,0,0,8
economy,Should be Trump for J6. Former South Korean President Yoon Sentenced to Life in Prison for Coup Attempt https://www.bocvip.com/1212058/should-be-trump-for-j6-former-south-korean-president-yoon-sentenced-to-life-in-prison-for-coup-attempt/ #Bonds #business #CurrentTrends #economy #Investment #IPOs #predictions #stocks,2026-02-19 12:44:05+00:00,0,2,0,160
economy,Kemenkop sebut KDMP sediakan bahan pokok dan keperluan bisnis anggotaKementerian Koperasi menyebut Koperasi Desa Merah Putih (KDMP) yang saat ini sedang dikembangkan di desa maupun ...https://www.antaranews.com/berita/5425382/kemenkop-sebut-kdmp-sediakan-bahan-pokok-dan-keperluan-bisnis-anggota#berita #news #indonesianews #antaranews #ekonomi #economy #bisnis #bussiness,2026-02-19 12:30:15+00:00,0,0,0,8
economy,"""The headline numbers are brutal. UK GDP is now 6–8% smaller than it would have been by 2025 – worse than forecast, not better. That is a permanent loss of national income, not a blip.""""Investment has collapsed. UK business investment is 18% lower than in comparable economies, as firms put money on hold or moved it elsewhere. Employment and productivity are both around 4% lower, locking in weaker wage growth and lower living standards.""#UKPol #Brexit #Economy https://www.thelondoneconomic.com/business-economics/economics/the-economic-cost-of-brexit-has-just-been-laid-bare-and-its-devastating-403099/",2026-02-19 12:26:13+00:00,10,22,1,840
economy,"PLN Jatim catat kinerja penjualan listrik tembus 46,3 TWh pada 2025PT PLN (Persero) Unit Induk Distribusi (UID) Jawa Timur mencatat kinerja penjualan tenaga listrik sepanjang 2025 ...https://www.antaranews.com/berita/5425374/pln-jatim-catat-kinerja-penjualan-listrik-tembus-463-twh-pada-2025#berita #news #indonesianews #antaranews #ekonomi #economy #bisnis #bussiness",2026-02-19 12:25:35+00:00,0,0,0,8
economy,Menhub dan Pemda DIY matangkan kesiapan mudik Lebaran 2026Menteri Perhubungan (Menhub) Dudy Purwagandhi bersama Pemerintah Daerah Istimewa Yogyakarta (DIY) mematangkan kesiapan ...https://www.antaranews.com/berita/5425366/menhub-dan-pemda-diy-matangkan-kesiapan-mudik-lebaran-2026#berita #news #indonesianews #antaranews #ekonomi #economy #bisnis #bussiness,2026-02-19 12:25:34+00:00,0,0,0,8
economy,"Menperin: RI mampu produksi mobil pick-up, bukti kemandirian industriMenteri Perindustrian (Menperin) Agus Gumiwang Kartasasmita menegaskan, Indonesia telah mampu memproduksi kendaraan ...https://www.antaranews.com/berita/5425346/menperin-ri-mampu-produksi-mobil-pick-up-bukti-kemandirian-industri#berita #news #indonesianews #antaranews #ekonomi #economy #bisnis #bussiness",2026-02-19 12:11:07+00:00,0,0,0,8
economy,Sebanyak 191.828 tiket KA Lebaran telah terjual dari KAI Daop 6PT KAI Daerah Operasi 6 Yogyakarta mencatat per hari ini sebanyak 191.828 tiket KA Lebaran telah dipesan atau 37 persen ...https://www.antaranews.com/berita/5425338/sebanyak-191828-tiket-ka-lebaran-telah-terjual-dari-kai-daop-6#berita #news #indonesianews #antaranews #ekonomi #economy #bisnis #bussiness,2026-02-19 12:06:11+00:00,0,0,0,8
economy,Zulhas tinjau SPPG Surabaya pastikan layanan optimal saat RamadhanMenteri Koordinator Bidang Pangan Zulkifli Hasan melakukan pemeriksaan langsung ke salah satu Satuan Pelayanan ...https://www.antaranews.com/berita/5425330/zulhas-tinjau-sppg-surabaya-pastikan-layanan-optimal-saat-ramadhan#berita #news #indonesianews #antaranews #ekonomi #economy #bisnis #bussiness,2026-02-19 12:01:06+00:00,0,0,0,8
economy,Zulhas minta pemda dukung MBG dan jaga harga pangan selama RamadhanMenteri Koordinator Bidang Pangan Zulkifli Hasan meminta seluruh pemerintah daerah mendukung penuh ...https://www.antaranews.com/berita/5425318/zulhas-minta-pemda-dukung-mbg-dan-jaga-harga-pangan-selama-ramadhan#berita #news #indonesianews #antaranews #ekonomi #economy #bisnis #bussiness,2026-02-19 11:55:15+00:00,0,0,0,8
economy,Stronger portfolios start with smart allocation. Build balance that elevates your goals. #finance #economy #investing,2026-02-19 11:51:16.381000+00:00,0,1,0,5
economy,"Will Franco‑German differences sink €100bn fighter jet plan?
https://lemmy.wtf/post/38208762",2026-02-19 11:42:31.592000+00:00,0,1,0,2
economy,Raise your hand if you think the Fed should start raising interest rates again. https://www.bocvip.com/1211970/raise-your-hand-if-you-think-the-fed-should-start-raising-interest-rates-again/ #Bonds #business #CurrentTrends #economy #Investment #IPOs #predictions #stocks,2026-02-19 11:26:02+00:00,0,2,0,160
economy,"Danantara sebut 24 perusahaan ikuti tender proyek Waste to EnergyDanantara Indonesia menyampaikan sebanyak 24 perusahaan internasional dari China, Prancis, Jepang, Singapura dan Hong ...https://www.antaranews.com/berita/5425278/danantara-sebut-24-perusahaan-ikuti-tender-proyek-waste-to-energy#berita #news #indonesianews #antaranews #ekonomi #economy #bisnis #bussiness",2026-02-19 11:21:24+00:00,0,0,0,8
economy,"Pemprov Kepri targetkan Rp1,5 miliar dari retribusi penggunaan TKAPemerintah Provinsi Kepulauan Riau (Pemprov Kepri) melalui Dinas Ketenagakerjaan dan Transmigrasi (Disnakertrans) ...https://www.antaranews.com/berita/5425274/pemprov-kepri-targetkan-rp15-miliar-dari-retribusi-penggunaan-tka#berita #news #indonesianews #antaranews #ekonomi #economy #bisnis #bussiness",2026-02-19 11:21:23+00:00,0,0,0,8
economy,Pemkot Yogyakarta pastikan stok pangan aman hingga Lebaran 2026Pemerintah Kota Yogyakarta memastikan ketersediaan komoditas pangan untuk memenuhi kebutuhan masyarakat selama Ramadhan ...https://www.antaranews.com/berita/5425242/pemkot-yogyakarta-pastikan-stok-pangan-aman-hingga-lebaran-2026#berita #news #indonesianews #antaranews #ekonomi #economy #bisnis #bussiness,2026-02-19 11:12:34+00:00,0,0,0,8
economy,"Semarang dan India perkuat kerja sama investasi hingga pendidikanPemerintah Kota Semarang, Jawa Tengah berupaya memperkuat kerja sama berbagai bidang dengan Pemerintah India, khususnya ...https://www.antaranews.com/berita/5425234/semarang-dan-india-perkuat-kerja-sama-investasi-hingga-pendidikan#berita #news #indonesianews #antaranews #ekonomi #economy #bisnis #bussiness",2026-02-19 11:12:34+00:00,0,0,0,8
economy,"Pemkot Cirebon hadirkan Festival Ramadhan 1447 H untuk berdayakan UMKMPemerintah Kota Cirebon, Jawa Barat, menghadirkan Festival Ramadhan 1447 Hijriah/2026 di pusat kota tersebut atau di ...https://www.antaranews.com/berita/5425222/pemkot-cirebon-hadirkan-festival-ramadhan-1447-h-untuk-berdayakan-umkm#berita #news #indonesianews #antaranews #ekonomi #economy #bisnis #bussiness",2026-02-19 11:05:10+00:00,0,0,0,8
economy,"Kemen-UMKM siapkan seribu tenda guna dukung UMKM Aceh Tamiang bangkitKementerian Usaha Mikro, Kecil, dan Menengah (UMKM) menyiapkan kurang lebih seribu tenda untuk mendukung bangkitnya ...https://www.antaranews.com/berita/5425210/kemen-umkm-siapkan-seribu-tenda-guna-dukung-umkm-aceh-tamiang-bangkit#berita #news #indonesianews #antaranews #ekonomi #economy #bisnis #bussiness",2026-02-19 11:02:40+00:00,0,0,0,8
economy,Kementerian PKP bangun 1.208 unit hunian rumah susun di Kota bandungKementerian Perumahan dan Kawasan Permukiman (PKP) merencanakan pembangunan rumah susun (rusun) subsidi 20 lantai ...https://www.antaranews.com/berita/5425202/kementerian-pkp-bangun-1208-unit-hunian-rumah-susun-di-kota-bandung#berita #news #indonesianews #antaranews #ekonomi #economy #bisnis #bussiness,2026-02-19 11:02:40+00:00,0,0,0,8
economy,Memecah sentralisasi layar melalui industri drama mikroDrama mikro seperti Love at First Night di berbagai platform video pendek kini bermutasi menjadi industri strategis ...https://www.antaranews.com/berita/5425198/memecah-sentralisasi-layar-melalui-industri-drama-mikro#berita #news #indonesianews #antaranews #ekonomi #economy #bisnis #bussiness,2026-02-19 11:02:39+00:00,0,0,0,8
economy,ASLC proyeksikan peningkatan permintaan mobil bekas jelang arus mudikPT Autopedia Sukses Lestari Tbk (ASLC) memproyeksikan adanya peningkatan permintaan mobil bekas menjelang periode mudik ...https://www.antaranews.com/berita/5425170/aslc-proyeksikan-peningkatan-permintaan-mobil-bekas-jelang-arus-mudik#berita #news #indonesianews #antaranews #ekonomi #economy #bisnis #bussiness,2026-02-19 10:52:08+00:00,0,0,0,8
economy,"Countries that do not embrace AI could be left behind, says OpenAI’s George Osborne https://www.bocvip.com/1211930/countries-that-do-not-embrace-ai-could-be-left-behind-says-openais-george-osborne/ #Bonds #business #CurrentTrends #economy #Investment #IPOs #predictions #stocks",2026-02-19 10:47:04+00:00,0,2,0,160
economy,KKP pastikan harga ikan stabil selama Ramadhan 1447 HKementerian Kelautan dan Perikanan (KKP) memastikan harga ikan nasional tetap stabil selama Ramadhan 1447 H dan Lebaran ...https://www.antaranews.com/berita/5425106/kkp-pastikan-harga-ikan-stabil-selama-ramadhan-1447-h#berita #news #indonesianews #antaranews #ekonomi #economy #bisnis #bussiness,2026-02-19 10:37:16+00:00,0,0,0,8
economy,"King Charles' brother Andrew arrested on suspicion of misconduct, reports say
https://lemmy.wtf/post/38207149",2026-02-19 10:32:32.631000+00:00,0,1,0,2
economy,"Aceh Tamiang gelar bazaar Ramadhan guna bangkitkan UMKM pascabencanaDinas Koperasi, UMKM, dan Perdagangan Kabupaten Aceh Tamiang menghadirkan bazaar Ramadhan untuk membangkitkan usaha ...https://ramadhan.antaranews.com/berita/5425078/aceh-tamiang-gelar-bazaar-ramadhan-guna-bangkitkan-umkm-pascabencana#berita #news #indonesianews #antaranews #ekonomi #economy #bisnis #bussiness",2026-02-19 10:30:41+00:00,0,0,0,8
economy,Khofifah instruksikan perbanyak distribusi dan suplai bahan pokokGubernur Jawa Timur Khofifah Indar Parawansa menginstruksikan percepatan distribusi dan penambahan suplai bahan pokok ...https://www.antaranews.com/berita/5425062/khofifah-instruksikan-perbanyak-distribusi-dan-suplai-bahan-pokok#berita #news #indonesianews #antaranews #ekonomi #economy #bisnis #bussiness,2026-02-19 10:26:42+00:00,0,0,0,8
economy,Pemkot Batam terapkan aturan 3-3-3 untuk operasional THM saat RamadhanPemerintah Kota Batam menerapkan peraturan jam operasional serta penutupan tempat hiburan malam (THM) selama bulan ...https://www.antaranews.com/berita/5425058/pemkot-batam-terapkan-aturan-3-3-3-untuk-operasional-thm-saat-ramadhan#berita #news #indonesianews #antaranews #ekonomi #economy #bisnis #bussiness,2026-02-19 10:26:42+00:00,0,0,0,8
economy,"AND AMAZON JUST FIRED 12,000 EMPLOYEES! FEEL SHORTCHANGED BY ECONOMY? THANK TRUMP AND HIS BILLIONAIRE PATRONS! #Trump #billionaire #economy It would take the avg household 100K YEARS to make as much money as Trum...Seehttps://youtube.com/shorts/MZujhJCW8xE?si=u4vVi0f9nMH2LU_B",2026-02-19 10:18:02.958000+00:00,0,1,0,18
economy,Menteri ATR: Permudah urusan masyarakat dalam layanan pertanahanMenteri Agraria dan Tata Ruang/Kepala Badan Pertanahan Nasional (ATR/BPN) Nusron Wahid menekankan kepada jajarannya ...https://www.antaranews.com/berita/5425034/menteri-atr-permudah-urusan-masyarakat-dalam-layanan-pertanahan#berita #news #indonesianews #antaranews #ekonomi #economy #bisnis #bussiness,2026-02-19 10:16:35+00:00,0,0,0,8
economy,"🚨 BREAKING: White House demands NY Fed economists be PUNISHED for proving Americans pay Trump's tariffs (not foreigners). Hassett calls their research ""worst paper ever"" – but Reddit economists just shredded his wage argument with data. Why this threatens the dollar's global status. Full analysis: [Link] #Tariffs #Fed #Economy #BreakingNews🔗 Full Story: https://www.talknation.site/2026/02/new-york-feds-tariff-research-is-latest_01872296136.html#news #tech #talknation",2026-02-19 10:13:06.506000+00:00,1,2,1,1
economy,Quantum’s big leap puts data centers in the spotlight https://www.bocvip.com/1211888/quantums-big-leap-puts-data-centers-in-the-spotlight/ #Bonds #business #CurrentTrends #economy #Investment #IPOs #predictions #stocks,2026-02-19 10:08:05+00:00,0,2,0,160
economy,"Gubernur Jateng tawarkan investasi pada Dubes dan pengusaha IndiaGubernur Jawa Tengah Ahmad Luthfi menawarkan peningkatan investasi dan peluang investasi baru di wilayah Jateng, saat ...https://www.antaranews.com/berita/5424994/gubernur-jateng-tawarkan-investasi-pada-dubes-dan-pengusaha-india#berita #news #indonesianews #antaranews #ekonomi #economy #bisnis #bussiness",2026-02-19 10:01:47+00:00,0,0,0,8
economy,Telkom dukung kapasitas dan pendanaan hijau melalui program BBFPT Telkom Indonesia (Persero) Tbk (Telkom) mendukung penguatan kapasitas dan pendanaan hijau melalui pendekatan ...https://www.antaranews.com/berita/5424970/telkom-dukung-kapasitas-dan-pendanaan-hijau-melalui-program-bbf#berita #news #indonesianews #antaranews #ekonomi #economy #bisnis #bussiness,2026-02-19 09:55:48+00:00,0,0,0,8
economy,KAI Daop Madiun sediakan KA tambahan untuk angkutan Lebaran 2026PT Kereta Api Indonesia Daerah Operasi (Daop) 7 Madiun menyediakan KA tambahan guna mengakomodasi lonjakan penumpang ...https://www.antaranews.com/berita/5424926/kai-daop-madiun-sediakan-ka-tambahan-untuk-angkutan-lebaran-2026#berita #news #indonesianews #antaranews #ekonomi #economy #bisnis #bussiness,2026-02-19 09:46:52+00:00,0,0,0,8
economy,Dua perusahaan di KEK Galang Batang didenda terkait TKADinas Ketenagakerjaan dan Transmigrasi Provinsi Kepulauan Riau (Disnakertrans Kepri) menyebutkan dua perusahaan di ...https://www.antaranews.com/berita/5424938/dua-perusahaan-di-kek-galang-batang-didenda-terkait-tka#berita #news #indonesianews #antaranews #ekonomi #economy #bisnis #bussiness,2026-02-19 09:46:53+00:00,0,0,0,8
economy,"Bapanas pastikan harga daging ayam dan cabai di Pasar Cileungsi stabilBadan Pangan Nasional (Bapanas) memastikan harga daging ayam ras dan cabai rawit merah di Pasar Cileungsi, Bogor, Jawa ...https://www.antaranews.com/berita/5424914/bapanas-pastikan-harga-daging-ayam-dan-cabai-di-pasar-cileungsi-stabil#berita #news #indonesianews #antaranews #ekonomi #economy #bisnis #bussiness",2026-02-19 09:46:51+00:00,0,0,0,8
economy,"Why voters hate Trump’s (pretty decent) economy
https://fed.brid.gy/r/https://www.vox.com/politics/479496/trump-economy-jobs-inflation-gas-prices-polls",2026-02-18 11:30:00+00:00,0,0,0,23
economy,Creecy says RFPs for three big rail and port concessions on track to be issued in 2026 https://www.engineeringnews.co.za/article/creecy-says-rfps-for-three-big-rail-and-port-concessions-on-track-to-be-issued-in-2026-2026-02-19#EngineeringNews #News #Economy #Africa #SouthAfrica,2026-02-19 09:42:18+00:00,0,0,0,23
economy,"99 persen CPO PalmCo terserap domestik, sertifikasi tetap dikejarSubholding PTPN III (Persero) PTPN IV PalmCo memastikan pemenuhan standar keberlanjutan global dan nasional tetap ...https://www.antaranews.com/berita/5424906/99-persen-cpo-palmco-terserap-domestik-sertifikasi-tetap-dikejar#berita #news #indonesianews #antaranews #ekonomi #economy #bisnis #bussiness",2026-02-19 09:40:28+00:00,0,0,0,8
economy,488 lapak pedagang ramaikan Pasar Ramadhan di Palangka RayaSebanyak 488 lapak pedagang meramaikan pelaksanaan Pasar Ramadhan 2026 yang tersebar di tujuh lokasi pasar yang ...https://ramadhan.antaranews.com/berita/5424890/488-lapak-pedagang-ramaikan-pasar-ramadhan-di-palangka-raya#berita #news #indonesianews #antaranews #ekonomi #economy #bisnis #bussiness,2026-02-19 09:35:19+00:00,0,0,0,8
economy,Value of Dutch households’ investments climb 8% to €204 billion: DNB https://www.bocvip.com/1211849/value-of-dutch-households-investments-climb-8-to-e204-billion-dnb/ #Bonds #business #CurrentTrends #economy #Investment #IPOs #predictions #stocks,2026-02-19 09:29:04+00:00,0,2,0,160
economy,"The Prognosis For Longitudinal Mental Health Relationships Between Humans And AI
https://lemmy.wtf/post/38204740",2026-02-19 09:22:29.718000+00:00,0,1,0,2
economy,"Kemenhub: Pilot pesawat ""carter"" Pelita jatuh di Nunukan meninggalKementerian Perhubungan (Kemenhub) menyatakan pilot pesawat carter Pelita Air pengangkut bahan bakar yang jatuh di ...https://www.antaranews.com/berita/5424810/kemenhub-pilot-pesawat-carter-pelita-jatuh-di-nunukan-meninggal#berita #news #indonesianews #antaranews #ekonomi #economy #bisnis #bussiness",2026-02-19 09:07:29+00:00,0,0,0,8
economy,Honda Civic Hybrid raih penghargaan Edmunds Top Rated Car 2026 di ASHonda Civic Hybrid meraih penghargaan Edmunds Top Rated Car Award di Amerika Serikat. Penghargaan ini menandai kali ...https://otomotif.antaranews.com/berita/5424782/honda-civic-hybrid-raih-penghargaan-edmunds-top-rated-car-2026-di-as#berita #news #indonesianews #antaranews #ekonomi #economy #bisnis #bussiness,2026-02-19 09:02:22+00:00,0,0,0,8
economy,"Geely Galaxy Starshine 6 PHEV hadir dengan paket baterai lebih besarSedan plug-in hybrid Geely Galaxy Starshine 6 versi terbaru dikabarkan tetap menggunakan mesin 1,5 liter bertenaga 82 ...https://otomotif.antaranews.com/berita/5424798/geely-galaxy-starshine-6-phev-hadir-dengan-paket-baterai-lebih-besar#berita #news #indonesianews #antaranews #ekonomi #economy #bisnis #bussiness",2026-02-19 09:02:23+00:00,0,0,0,8
economy,TKDN setujui ekspansi kendaraan listrik-susunan direksi lewat RUPSLBPT Teknologi Karya Digital Nusa Tbk (TRON) atau TKDN menyetujui ekspansi ekosistem kendaraan listrik dan susunan ...https://www.antaranews.com/berita/5424714/tkdn-setujui-ekspansi-kendaraan-listrik-susunan-direksi-lewat-rupslb#berita #news #indonesianews #antaranews #ekonomi #economy #bisnis #bussiness,2026-02-19 08:46:16+00:00,0,0,0,8
economy,India-Pakistan Cricket Match Fuels Sri Lankan EconomyIndia vs Pakistan cricket match in Colombo brings money to Sri Lanka. Tourism and businesses expect more customers and earnings from this popular game.#Cricket #SriLanka #IndiaVsPakistan #Economy #Tourismhttps://newsletter.tf/cricket-match-sri-lanka-economy-colombo/,2026-02-19 08:43:39.552000+00:00,0,1,0,13
economy,Indef: Permintaan komoditas alas kaki tetap besar terkait tarif ASEkonom Institute for Development of Economics and Finance (Indef) Eko Listiyanto mengatakan permintaan komoditas alas ...https://www.antaranews.com/berita/5424686/indef-permintaan-komoditas-alas-kaki-tetap-besar-terkait-tarif-as#berita #news #indonesianews #antaranews #ekonomi #economy #bisnis #bussiness,2026-02-19 08:42:51+00:00,0,0,0,8
economy,BPJPH perkuat diplomasi halal melalui Makkah Halal Forum 2026Badan Penyelenggara Jaminan Produk Halal (BPJPH) memperkuat upaya diplomasi halal melalui keikutsertaan pada ajang ...https://www.antaranews.com/berita/5424682/bpjph-perkuat-diplomasi-halal-melalui-makkah-halal-forum-2026#berita #news #indonesianews #antaranews #ekonomi #economy #bisnis #bussiness,2026-02-19 08:36:36+00:00,0,0,0,8
economy,"A big cricket game between India and Pakistan is happening in Colombo, Sri Lanka. This event is expected to bring many visitors and help local businesses make more money. Many people in Sri Lanka are happy about the good economic news this match brings.#Cricket #SriLanka #IndiaVsPakistan #Economy #Tourismhttps://newsletter.tf/cricket-match-sri-lanka-economy-colombo/",2026-02-19 08:31:43.785000+00:00,0,1,0,13
economy,"Pelita Air: Pesawat jatuh di Nunukan layanan kargo, bukan penumpangPelita Air menyatakan pesawat yang jatuh di wilayah Nunukan, Kalimantan Utara, merupakan pesawat dengan layanan kargo ...https://www.antaranews.com/berita/5424658/pelita-air-pesawat-jatuh-di-nunukan-layanan-kargo-bukan-penumpang#berita #news #indonesianews #antaranews #ekonomi #economy #bisnis #bussiness",2026-02-19 08:31:01+00:00,0,0,0,8
economy,"The fate of Japan’s $6trn foreign portfolio rattles global markets
https://lemmy.wtf/post/38202963",2026-02-19 08:12:26.576000+00:00,0,1,0,2
economy,"Trump family says U.S. dollar needs an upgrade, and they are the ones to do it https://www.bocvip.com/1211776/trump-family-says-u-s-dollar-needs-an-upgrade-and-they-are-the-ones-to-do-it/ #Bonds #business #CurrentTrends #economy #Investment #IPOs #predictions #stocks",2026-02-19 08:11:04+00:00,0,2,0,160
economy,Kemenkop targetkan 30 ribu KDMP beroperasi pada AprilKementerian Koperasi (Kemenkop) menargetkan sebanyak 30 ribu koperasi desa merah putih (KDMP) di seluruh Indonesia ...https://www.antaranews.com/berita/5424626/kemenkop-targetkan-30-ribu-kdmp-beroperasi-pada-april#berita #news #indonesianews #antaranews #ekonomi #economy #bisnis #bussiness,2026-02-19 08:10:52+00:00,0,0,0,8
economy,"Dishub Kabupaten Bandung sediakan 600 kuota mudik gratis Lebaran 2026Dinas Perhubungan (Dishub) Kabupaten Bandung, Jawa Barat, menyediakan 600 kuota mudik gratis Lebaran 2026 dengan armada ...https://www.antaranews.com/berita/5424630/dishub-kabupaten-bandung-sediakan-600-kuota-mudik-gratis-lebaran-2026#berita #news #indonesianews #antaranews #ekonomi #economy #bisnis #bussiness",2026-02-19 08:10:53+00:00,0,0,0,8
economy,Kemenperin tekankan industri motor roda dua RI punya resiliensi tinggiKementerian Perindustrian (Kemenperin) menyatakan industri kendaraan bermotor roda dua Indonesia menunjukkan daya tahan ...https://www.antaranews.com/berita/5424610/kemenperin-tekankan-industri-motor-roda-dua-ri-punya-resiliensi-tinggi#berita #news #indonesianews #antaranews #ekonomi #economy #bisnis #bussiness,2026-02-19 08:10:48+00:00,0,0,0,8
economy,RI bidik ekspor ikan budidaya ke Arab Saudi untuk konsumsi jamaah hajiPemerintah Indonesia tengah menyiapkan langkah strategis untuk membuka akses ekspor produk perikanan budidaya ke Arab ...https://www.antaranews.com/berita/5424602/ri-bidik-ekspor-ikan-budidaya-ke-arab-saudi-untuk-konsumsi-jamaah-haji#berita #news #indonesianews #antaranews #ekonomi #economy #bisnis #bussiness,2026-02-19 08:05:47+00:00,0,0,0,8
economy,"Warga Tanjung Alam bangga dengan Dony Oskaria berkiprah di pusatNama Dony Oskaria, Chief Operating Officer (COO) Badan Pengelola Investasi (BPI) Danantara dan Kepala Badan Pengatur ...https://www.antaranews.com/berita/5424590/warga-tanjung-alam-bangga-dengan-dony-oskaria-berkiprah-di-pusat#berita #news #indonesianews #antaranews #ekonomi #economy #bisnis #bussiness",2026-02-19 07:55:43+00:00,0,0,0,8
economy,Menhut: Perhutanan sosial pengungkit kesejahteraan masyarakatMenteri Kehutanan (Menhut) Raja Juli Antoni menyatakan perhutanan sosial menjadi pengungkit kesejahteraan masyarakat ...https://www.antaranews.com/berita/5424570/menhut-perhutanan-sosial-pengungkit-kesejahteraan-masyarakat#berita #news #indonesianews #antaranews #ekonomi #economy #bisnis #bussiness,2026-02-19 07:50:52+00:00,0,0,0,8
economy,"CEO Ford temui pemerintahan Trump bahas pembangunan mobil China di ASWalaupun pemerintahan Trump tetap menentang barang impor dari China, CEO Ford, Jim Farley, dilaporkan telah bertemu ...https://otomotif.antaranews.com/berita/5424582/ceo-ford-temui-pemerintahan-trump-bahas-pembangunan-mobil-china-di-as#berita #news #indonesianews #antaranews #ekonomi #economy #bisnis #bussiness",2026-02-19 07:50:52+00:00,0,0,0,8
economy,#Economy #EconomicPolicy #SocialSecurity #SaveSocialSecurity #ExpandSocialSecurity #Petition: Save Social Security PE LOC | act.endcitizensunited.orghttps://act.endcitizensunited.org/pet-social-security-pe,2026-02-19 07:48:38.705000+00:00,0,0,0,192
economy,"Melihat pembuatan lemang bambu sebagai menu berbuka puasaPekerja memasak kuliner tradisional lemang bambu di Desa Lamdingin, Banda Aceh, Aceh, Kamis (19/2/2026). Pelaku usaha ...https://ramadhan.antaranews.com/foto/5424566/melihat-pembuatan-lemang-bambu-sebagai-menu-berbuka-puasa#berita #news #indonesianews #antaranews #ekonomi #economy #bisnis #bussiness",2026-02-19 07:46:52+00:00,0,0,0,8
economy,"Karantina Kepri: Natuna pasok sirip hiu ke SurabayaBalai Karantina Hewan, Ikan, dan Tumbuhan Kepulauan Riau (Karantina Kepri) menyebut Kabupaten Natuna menjadi salah satu ...https://www.antaranews.com/berita/5424558/karantina-kepri-natuna-pasok-sirip-hiu-ke-surabaya#berita #news #indonesianews #antaranews #ekonomi #economy #bisnis #bussiness",2026-02-19 07:40:14+00:00,0,0,0,8
economy,KKP pastikan mutu dan keamanan ikan terjaga baik selama RamadhanKementerian Kelautan dan Perikanan (KKP) memastikan mutu dan keamanan ikan yang beredar di pasar tetap terjaga dengan ...https://www.antaranews.com/berita/5424554/kkp-pastikan-mutu-dan-keamanan-ikan-terjaga-baik-selama-ramadhan#berita #news #indonesianews #antaranews #ekonomi #economy #bisnis #bussiness,2026-02-19 07:36:21+00:00,0,0,0,8
economy,The 400-Year Pattern: Why The Next Financial Crisis Is Mathematically Inevitable. From Tulip Mania to the AI Bubble: Why 400 Years of History Prove the Next Crash Is Already Mathematically Inevitable. https://www.bocvip.com/1211752/the-400-year-pattern-why-the-next-financial-crisis-is-mathematically-inevitable-from-tulip-mania-to-the-ai-bubble-why-400-years-of-history-prove-the-next-crash-is-already-mathematically-inevitable/ #Bonds #business #CurrentTrends #economy #Investment #IPOs #predictions #stocks,2026-02-19 07:32:04+00:00,0,2,0,160
economy,Disnakertrans Kepri temukan 31 TKA ilegal bekerja di KEK Galang BatangDinas Ketenagakerjaan dan Transmigrasi Provinsi Kepulauan Riau (Disnakertrans Kepri) menemukan 31 orang tenaga kerja ...https://www.antaranews.com/berita/5424490/disnakertrans-kepri-temukan-31-tka-ilegal-bekerja-di-kek-galang-batang#berita #news #indonesianews #antaranews #ekonomi #economy #bisnis #bussiness,2026-02-19 07:12:12+00:00,0,0,0,8
economy,Kementan pastikan stok cabai surplus pasok Ramadhan-Idul Fitri 1447 HKementerian Pertanian (Kementan) memastikan ketersediaan aneka cabai nasional dalam kondisi aman dan surplus untuk ...https://www.antaranews.com/berita/5424478/kementan-pastikan-stok-cabai-surplus-pasok-ramadhan-idul-fitri-1447-h#berita #news #indonesianews #antaranews #ekonomi #economy #bisnis #bussiness,2026-02-19 07:12:11+00:00,0,0,0,8
economy,"Rs 3 lakh crore selloff! Sensex tanks 700 pts, Nifty below 25,650. Key reasons behind the plunge
https://lemmy.wtf/post/38200985",2026-02-19 07:02:24.463000+00:00,0,1,0,2
economy,"CGT-led general strike against Milei's labour reform; Union leaders aiming to ""paralyse"" the country; No buses, trains, flights or underground ...CGT-led general strike against Milei's labour reform; Union leaders aiming to ""paralyse"" the country; No buses, trains, flights or underground trains in response to lower house debate.#javiermilei #argentina #economy #politics #congress #milei #mileigovernment #labourreform #labourmodernisationbill #mileilabourreform #unions #protest #demonstrationGeneral strike begins: Protest against Milei's labour reforms underway",2026-02-19 06:59:18+00:00,0,5,0,551
economy,"Kemenhut tetapkan 360 ribu ha jadi hutan adat dari target 1,4 juta haMenteri Kehutanan (Menhut) Raja Juli Antoni menyatakan pihaknya telah menetapkan 360 ribuan hektare (ha) sebagai hutan ...https://www.antaranews.com/berita/5424438/kemenhut-tetapkan-360-ribu-ha-jadi-hutan-adat-dari-target-14-juta-ha#berita #news #indonesianews #antaranews #ekonomi #economy #bisnis #bussiness",2026-02-19 06:56:09+00:00,0,0,0,8
economy,DC America Decoder🇺🇸 | Exploring the Epstein Document Releases: What Do They Reveal About High-Profile Connections? The 2025 unsealing of Jeffrey Epstein’s files… | Instagram https://www.bocvip.com/1211717/dc-america-decoder%f0%9f%87%ba%f0%9f%87%b8-exploring-the-epstein-document-releases-what-do-they-reveal-about-high-profile-connections-the-2025-unsealing-of-jeffrey-epsteins-files-instagram/ #Bonds #business #CurrentTrends #economy #Investment #IPOs #predictions #stocks,2026-02-19 06:53:02+00:00,0,2,0,160
economy,Kementerian PU percepat pembangunan Sekolah Rakyat Tahap II di JatengKementerian Pekerjaan Umum (PU) mempercepat pembangunan Sekolah Rakyat Tahap II di Provinsi Jawa Tengah (Jateng) ...https://www.antaranews.com/berita/5424426/kementerian-pu-percepat-pembangunan-sekolah-rakyat-tahap-ii-di-jateng#berita #news #indonesianews #antaranews #ekonomi #economy #bisnis #bussiness,2026-02-19 06:51:50+00:00,0,0,0,8
economy,KSOP Jayapura gelar uji kelayakan kapal perintis jelang mudik LebaranANTARA - Kantor Kesyahbandaran dan Otoritas Pelabuhan (KSOP) kelas II Jayapura menyatakan sembilan ...https://www.antaranews.com/video/5424354/ksop-jayapura-gelar-uji-kelayakan-kapal-perintis-jelang-mudik-lebaran#berita #news #indonesianews #antaranews #ekonomi #economy #bisnis #bussiness,2026-02-19 06:47:09+00:00,0,0,0,8
economy,"Bappenas: Biaya rehab-rekon pasca bencana Sumatera Rp56,3 triliunKementerian Perencanaan Pembangunan Nasional/Badan Perencanaan Pembangunan Nasional (PPN/Bappenas) melaporkan, total ...https://www.antaranews.com/berita/5424406/bappenas-biaya-rehab-rekon-pasca-bencana-sumatera-rp563-triliun#berita #news #indonesianews #antaranews #ekonomi #economy #bisnis #bussiness",2026-02-19 06:47:09+00:00,0,0,0,8
economy,Kementerian PU percepat rehabilitasi pasca bencana di SumateraKementerian Pekerjaan Umum (PU) menegaskan komitmennya dalam mempercepat rehabilitasi dan rekonstruksi pasca bencana ...https://www.antaranews.com/berita/5424402/kementerian-pu-percepat-rehabilitasi-pasca-bencana-di-sumatera#berita #news #indonesianews #antaranews #ekonomi #economy #bisnis #bussiness,2026-02-19 06:47:09+00:00,0,0,0,8
economy,"Kabupaten HSU tercepat nasional salurkan dana desa tahap pertamaKantor Pelayanan Perbendaharaan Negara (KPPN) Tanjung, Kabupaten Tabalong, Kalimantan Selatan mengungkapkan bahwa ...https://www.antaranews.com/berita/5424398/kabupaten-hsu-tercepat-nasional-salurkan-dana-desa-tahap-pertama#berita #news #indonesianews #antaranews #ekonomi #economy #bisnis #bussiness",2026-02-19 06:40:53+00:00,0,0,0,8
economy,"Kemenperin tekankan sertifikasi halal di MBG jaga kualitasKementerian Perindustrian menegaskan, pentingnya sertifikasi halal dalam pelaksanaan Program Makan Bergizi Gratis ...https://www.antaranews.com/berita/5424366/kemenperin-tekankan-sertifikasi-halal-di-mbg-jaga-kualitas#berita #news #indonesianews #antaranews #ekonomi #economy #bisnis #bussiness",2026-02-19 06:31:49+00:00,0,0,0,8
economy,Renters Gain Advantage in Housing Market as Landlords Lose Leverage https://www.investopedia.com/rental-market-shifts-toward-renters-as-landlords-lose-leverage-11907932 #economy #housing,2026-02-19 06:27:19+00:00,0,2,0,172
economy,Bulog Sulawesi Tenggara sediakan paket pangan murah selama RamadhanANTARA - Perusahaan Umum Badan Urusan Logistik Kantor Wilayah Sulawesi Tenggara (Perum Bulog Kanwil Sultra) menyediakan ...https://www.antaranews.com/video/5424250/bulog-sulawesi-tenggara-sediakan-paket-pangan-murah-selama-ramadhan#berita #news #indonesianews #antaranews #ekonomi #economy #bisnis #bussiness,2026-02-19 06:26:53+00:00,0,0,0,8
economy,"Revisiting the Nova Scotia Flax to Linen Ecosystem
https://fed.brid.gy/r/https://www.resilience.org/stories/2026-02-18/revisiting-the-nova-scotia-flax-to-linen-ecosystem/",2026-02-18 07:12:21+00:00,0,0,0,13
economy,Indef: Peningkatan kualitas pendidikan harus seiring Magang NasionalDirektur Eksekutif Institute for Development of Economics and Finance (Indef) Esther Sri Astuti menilai peningkatan ...https://www.antaranews.com/berita/5424318/indef-peningkatan-kualitas-pendidikan-harus-seiring-magang-nasional#berita #news #indonesianews #antaranews #ekonomi #economy #bisnis #bussiness,2026-02-19 06:20:44+00:00,0,0,0,8
economy,Renters Gain Advantage in Housing Market as Landlords Lose Leverage https://www.bocvip.com/1211674/renters-gain-advantage-in-housing-market-as-landlords-lose-leverage/ #Bonds #business #CurrentTrends #economy #Investment #IPOs #predictions #stocks,2026-02-19 06:14:04+00:00,0,2,0,160
economy,CELIOS tekankan kawasan industri tematik penting pacu hilirisasiLembaga kajian ekonomi Center of Economic and Law Studies (CELIOS) menekankan pentingnya pengembangan kawasan ...https://www.antaranews.com/berita/5424286/celios-tekankan-kawasan-industri-tematik-penting-pacu-hilirisasi#berita #news #indonesianews #antaranews #ekonomi #economy #bisnis #bussiness,2026-02-19 06:08:02+00:00,0,0,0,8
economy,"Prime Minister Sanae Takaichi faces a key decision on whom to choose for spots opening on the Bank of Japan’s board, nominations that might indicate how aggressively she hopes to influence central bank policy. https://www.japantimes.co.jp/business/2026/02/19/economy/takaichi-boj-picks/?utm_medium=Social&utm_source=mastodon #business #economy #boj #sanaetakaichi #japaneseeconomy",2026-02-19 06:00:05.645000+00:00,1,1,0,5873
economy,"Kementrans dukung UMKM di Inacraft 2026, transaksi capai ratusan jutaKementerian Transmigrasi (Kementrans) membuka booth pameran pada gelaran Inacraft 2026 untuk memfasilitasi para pelaku ...https://www.antaranews.com/berita/5424262/kementrans-dukung-umkm-di-inacraft-2026-transaksi-capai-ratusan-juta#berita #news #indonesianews #antaranews #ekonomi #economy #bisnis #bussiness",2026-02-19 05:57:55+00:00,0,0,0,8
economy,"🚨 WHITE HOUSE ORDERS PUNISHMENT FOR ECONOMISTS PROVING TRUMP’S TARIFFS HURT AMERICANS! ""Worst paper in Fed history,"" says Hassett—but 4 independent studies confirm it. Is truth now a firing offense? [Link] #Economy #Trump #Fed #Inflation🔗 Full Story: https://www.talknation.site/2026/02/new-york-feds-tariff-research-is-latest.html#news #tech #talknation",2026-02-19 05:56:48.329000+00:00,0,3,0,1
economy,"Retailers in UK plan to cut staff hours and jobs amid rising employment costs
https://lemmy.wtf/post/38198783",2026-02-19 05:52:20.180000+00:00,0,1,0,2
economy,"Komisi XI DPR dorong pertumbuhan ekonomi lewat investasi strategisKetua Komisi XI DPR RI Mukhamad Misbakhun menilai, Indonesia kini memasuki fase krusial untuk mendorong pertumbuhan ...https://www.antaranews.com/berita/5424238/komisi-xi-dpr-dorong-pertumbuhan-ekonomi-lewat-investasi-strategis#berita #news #indonesianews #antaranews #ekonomi #economy #bisnis #bussiness",2026-02-19 05:47:42+00:00,0,0,0,8
economy,SiteMinder: Pariwisata lokal pulih seiring peningkatan pemesanan hotelPlatform akuisisi tamu dan pendapatan hotel global Siteminder mencatatkan adanya pemulihan dan pertumbuhan kembali ...https://www.antaranews.com/berita/5424194/siteminder-pariwisata-lokal-pulih-seiring-peningkatan-pemesanan-hotel#berita #news #indonesianews #antaranews #ekonomi #economy #bisnis #bussiness,2026-02-19 05:37:57+00:00,0,0,0,8
economy,"Di depan pebisnis AS, Prabowo: RI menarik untuk investasiPresiden Prabowo Subianto di hadapan para pengusaha Amerika Serikat, Rabu (8/2), menegaskan posisi Indonesia sebagai ...https://www.antaranews.com/berita/5424214/di-depan-pebisnis-as-prabowo-ri-menarik-untuk-investasi#berita #news #indonesianews #antaranews #ekonomi #economy #bisnis #bussiness",2026-02-19 05:37:57+00:00,0,0,0,8
economy,Hibah pesawat Garuda bagi manasik haji di Aceh perkuat kesiapan jamaahWakil Menteri Haji dan Umrah Dahnil Anzar Simanjuntak menilai hibah pesawat dari Garuda Indonesia bagi kegiatan manasik ...https://www.antaranews.com/berita/5424174/hibah-pesawat-garuda-bagi-manasik-haji-di-aceh-perkuat-kesiapan-jamaah#berita #news #indonesianews #antaranews #ekonomi #economy #bisnis #bussiness,2026-02-19 05:27:42+00:00,0,0,0,8
economy,"Tesla hapus istilah Autopilot di California untuk tetap bisa berjualanPabrikan otomotif asal Amerika Serikat (AS), Tesla harus melakukan perombakan nama-nama fitur mereka agar tetap bisa ...https://otomotif.antaranews.com/berita/5424158/tesla-hapus-istilah-autopilot-di-california-untuk-tetap-bisa-berjualan#berita #news #indonesianews #antaranews #ekonomi #economy #bisnis #bussiness",2026-02-19 05:17:06+00:00,0,0,0,8
economy,HKI yakin kerja sama PSN RI-AS di Batam perkuat industri semikonduktorHimpunan Kawasan Industri Indonesia (HKI) menilai penandatanganan perjanjian bisnis antara Proyek Strategis Nasional ...https://www.antaranews.com/berita/5424154/hki-yakin-kerja-sama-psn-ri-as-di-batam-perkuat-industri-semikonduktor#berita #news #indonesianews #antaranews #ekonomi #economy #bisnis #bussiness,2026-02-19 05:17:05+00:00,0,0,0,8
economy,USGS 2026 USGS Mineral Commodity Summaries Web Tool & Report--https://apps.usgs.gov/critical-minerals/mineral-commodities-2026.html  <-- shared web tool--https://doi.org/10.3133/mcs2026  <-- shared USGS publication (PDF)--#minerals #USminerals #mineralcommodity #mineralproduction #mineralimports #nationalsecurity #USGS #criticalminerals #exploration #prospecting #mining #extraction #processing #manufacturing #usecase #cost #economics #industry #NationalMineralsInformationCenter #US #USA #global #commodities #economy #policy #planning #technology #MineralCommoditySummaries #webtool #spatialanalysis #national#USGS #DOI #USDOC,2026-02-19 05:13:30+00:00,0,3,0,1568
economy,"TVS kucurkan investasi Rp4,2 triliun selama berkiprah di RIPabrikan otomotif roda dua dan tiga asal India, TVS Motor selama berkiprah di industri otomotif Tanah Air sejak 2006, ...https://otomotif.antaranews.com/berita/5424122/tvs-kucurkan-investasi-rp42-triliun-selama-berkiprah-di-ri#berita #news #indonesianews #antaranews #ekonomi #economy #bisnis #bussiness",2026-02-19 04:57:27+00:00,0,0,0,8
economy,"Menhut identifikasi 1,1 juta ha perhutanan sosial dukung swasembadaMenteri Kehutanan Raja Juli Antoni menyatakan kementeriannya mengidentifikasi 1,1 juta hektare lahan perhutanan sosial ...https://www.antaranews.com/berita/5424118/menhut-identifikasi-11-juta-ha-perhutanan-sosial-dukung-swasembada#berita #news #indonesianews #antaranews #ekonomi #economy #bisnis #bussiness",2026-02-19 04:57:27+00:00,0,0,0,8
economy,"Danantara akan bangun jalur pemberhentian darurat di Tanah DatarChief Operating Officer (COO) Danantara, Dony Oskaria, melakukan peninjauan rel kereta api dan ruas jalan di kawasan ...https://www.antaranews.com/berita/5424102/danantara-akan-bangun-jalur-pemberhentian-darurat-di-tanah-datar#berita #news #indonesianews #antaranews #ekonomi #economy #bisnis #bussiness",2026-02-19 04:46:49+00:00,0,0,0,8
economy,"White House economic adviser says Fed researchers should be punished
https://lemmy.wtf/post/38196886",2026-02-19 04:42:35.291000+00:00,0,1,1,2
economy,"Danantara dorong penguatan aspek keselamatan transportasi di Koto BaruChief Operating Officer (COO) Danantara Dony Oskaria meninjau kondisi ruas jalan di kawasan Koto Baru, ...https://www.antaranews.com/berita/5424094/danantara-dorong-penguatan-aspek-keselamatan-transportasi-di-koto-baru#berita #news #indonesianews #antaranews #ekonomi #economy #bisnis #bussiness",2026-02-19 04:42:06+00:00,0,0,0,8
economy,"Prabowo saksikan 11 MoU US-ABC senilai 38,4 miliar dolar ASPresiden RI Prabowo Subianto menyaksikan penandatanganan 11 nota kesepahaman (Memorandum of Understanding/MoU) senilai ...https://www.antaranews.com/berita/5424086/prabowo-saksikan-11-mou-us-abc-senilai-384-miliar-dolar-as#berita #news #indonesianews #antaranews #ekonomi #economy #bisnis #bussiness",2026-02-19 04:37:45+00:00,0,0,0,8
economy,"#GregJericho must be getting very tired of stating obvious economics facts. I’m surprised he is not blue in the face. There are no more deaf people than those who do not wnat to hear (or those infected by the dreaded #NeoClassical / #NeoLiberal economic fallacies — all of them debunked in 2008 — chief amongst them the utterly stupid Wage-Inflation spiral, one of RBA’s dogma (the more I read/learn about economists the more I am convinced they are inured to facts).‘There hasn’t been a wage breakout since I was in primary school but do not worry – the RBA is still on the watch, ever on alert to raise interest rates in an effort to increase unemployment and lower wage growth.’Source: Greg Jericho in The Guardianhttps://www.theguardian.com/business/grogonomics/2026/feb/18/real-wages-fall-australia-workers-economyThe article has just gone up, allow a hour or so before it is brought out of from subscriberwall#Economy #RBB #WageStagflation",2026-02-19 04:32:27+00:00,0,0,1,288
economy,Dishub Banten tutup sementara pendaftaran Mudik Gratis 2026Dinas Perhubungan Provinsi Banten menutup sementara pendaftaran program mudik gratis 2026 untuk memprioritaskan proses ...https://www.antaranews.com/berita/5424066/dishub-banten-tutup-sementara-pendaftaran-mudik-gratis-2026#berita #news #indonesianews #antaranews #ekonomi #economy #bisnis #bussiness,2026-02-19 04:25:17+00:00,0,0,0,8
economy,VinFast Limo Green dipesan 400 unit dari dua perusahaan berbedaVinFast mendapatkan respons cukup baik untuk mobil listrik terbaru mereka yakni Limo Green yang mendapatkan pesanan ...https://otomotif.antaranews.com/berita/5424050/vinfast-limo-green-dipesan-400-unit-dari-dua-perusahaan-berbeda#berita #news #indonesianews #antaranews #ekonomi #economy #bisnis #bussiness,2026-02-19 04:20:45+00:00,0,0,0,8
economy,"Disnaker Tangerang buka program magang 30 hari di pusat belanjaDinas Ketenagakerjaan Kota Tangerang, Banten membuka pendaftaran program On The Job Training (OJT) atau magang di pusat ...https://www.antaranews.com/berita/5424030/disnaker-tangerang-buka-program-magang-30-hari-di-pusat-belanja#berita #news #indonesianews #antaranews #ekonomi #economy #bisnis #bussiness",2026-02-19 04:12:24+00:00,0,0,0,8
economy,The Fed just casually dropped $18.5 billion into the banking system this week. Just a little overnight repo. It’s only the fourth biggest cash infusion since the pandemic panic and even tops the dot-com bubble’s peak. https://www.bocvip.com/1211518/the-fed-just-casually-dropped-18-5-billion-into-the-banking-system-this-week-just-a-little-overnight-repo-its-only-the-fourth-biggest-cash-infusion-since-the-pandemic-panic-and-even-tops-the-dot-c/ #Bonds #business #CurrentTrends #economy #Investment #IPOs #predictions #stocks,2026-02-19 03:38:03+00:00,0,2,0,160
economy,"Why a German shipping deal alarms Israel's government
https://lemmy.wtf/post/38195264",2026-02-19 03:32:15.168000+00:00,0,1,0,2
economy,BMW Indonesia lakukan kampanye teknis preventif sejumlah kendaraanBMW Group Indonesia menyampaikan pernyataan resmi terkait kampanye teknis global untuk sejumlah kendaraan BMW yang ...https://otomotif.antaranews.com/berita/5423970/bmw-indonesia-lakukan-kampanye-teknis-preventif-sejumlah-kendaraan#berita #news #indonesianews #antaranews #ekonomi #economy #bisnis #bussiness,2026-02-19 03:31:57+00:00,0,0,0,8
economy,"According to Accenture research, power consumption by data centers could surge to over 7% of total US electricity by 2028 and increase to 16–23% by 2033. Compared with 5% power consumption in 2024, these projections represent significant increases.https://www.accenture.com/content/dam/accenture/final/industry/cross-industry/document/Accenture-Powering-the-Future-of-US-Data-Centers-TL.pdf#usa #economy #energy #news #technology",2026-02-19 03:25:30+00:00,1,2,0,5563
economy,"PIHPS: Harga cabai rawit merah Rp82.950/kg, telur ayam Rp32.300/kgPusat Informasi Harga Pangan Strategis (PIHPS) Nasional yang dikelola Bank Indonesia mencatat harga pangan komoditas ...https://www.antaranews.com/berita/5423938/pihps-harga-cabai-rawit-merah-rp82950-kg-telur-ayam-rp32300-kg#berita #news #indonesianews #antaranews #ekonomi #economy #bisnis #bussiness",2026-02-19 03:15:43+00:00,0,0,0,8
economy,"Genjot hilirisasi, Prabowo kenalkan 18 proyek strategis di ASPresiden Prabowo Subianto memamerkan 18 proyek hilirisasi yang tengah dibangun pemerintah sebagai bagian dari ...https://www.antaranews.com/berita/5423918/genjot-hilirisasi-prabowo-kenalkan-18-proyek-strategis-di-as#berita #news #indonesianews #antaranews #ekonomi #economy #bisnis #bussiness",2026-02-19 03:01:27+00:00,0,0,0,8
economy,"BPDP dorong UMKM ambil peran strategis dalam Program PSRBadan Pengelola Dana Perkebunan (BPDP) mendorong pelaku usaha mikro, kecil, dan menengah (UMKM) semakin aktif terlibat ...https://www.antaranews.com/berita/5423910/bpdp-dorong-umkm-ambil-peran-strategis-dalam-program-psr#berita #news #indonesianews #antaranews #ekonomi #economy #bisnis #bussiness",2026-02-19 03:01:26+00:00,0,0,0,8
economy,The Worst-Case Future for White-Collar Workers https://www.bocvip.com/1211479/the-worst-case-future-for-white-collar-workers/ #Bonds #business #CurrentTrends #economy #Investment #IPOs #predictions #stocks,2026-02-19 02:59:05+00:00,0,2,0,160
economy,"Simak daftar lengkap harga terbaru emas batangan Antam Kamis iniHarga emas Antam yang dipantau dari laman Logam Mulia, di Jakarta, Kamis, pukul 08.47 WIB, mengalami kenaikan yaitu ...https://www.antaranews.com/berita/5423866/simak-daftar-lengkap-harga-terbaru-emas-batangan-antam-kamis-ini#berita #news #indonesianews #antaranews #ekonomi #economy #bisnis #bussiness",2026-02-19 02:47:28+00:00,0,0,0,8
economy,Cuba’s Economic Dependency and Political History from Batista to Today📰 Original title: Cuba: el thriller de los «Padrinos» y el negocio de la miseria🤖 IA: It's clickbait ⚠️👥 Usuarios: It's clickbait ⚠️View full AI summary: https://killbait.com/en/cubas-economic-dependency-and-political-history-from-batista-to-today/?redirpost=38baaf3c-24a3-4dc8-b14e-0b09b713b402#economy #cuba,2026-02-19 02:43:32.148000+00:00,0,1,0,1
economy,Prabowo: Indonesia lebih dulu jalankan efisiensi dari ASPresiden Prabowo Subianto menyatakan bahwa Indonesia lebih dulu menjalankan kebijakan efisiensi anggaran sebelum ...https://www.antaranews.com/berita/5423858/prabowo-indonesia-lebih-dulu-jalankan-efisiensi-dari-as#berita #news #indonesianews #antaranews #ekonomi #economy #bisnis #bussiness,2026-02-19 02:37:46+00:00,0,0,0,8
economy,"The Fed just casually dropped another $18.5 billion into the banking system this week. Just a little overnight repo, nothing to see here. It's only the fourth biggest cash infusion since the pandemic panic and even tops the dot-com bubble's peak. Totally normal, completely stable, absolutely nothing to worry about.https://fred.stlouisfed.org/series/RPONTSYD#usa #uspol #economy #news",2026-02-19 02:34:35+00:00,12,21,2,5563
economy,"BI: ULN Indonesia triwulan IV 2025 naik jadi 431,7 miliar dolar ASBank Indonesia (BI) melaporkan, utang luar negeri (ULN) Indonesia meningkat dari 427,6 miliar dolar AS pada triwulan ...https://www.antaranews.com/berita/5423854/bi-uln-indonesia-triwulan-iv-2025-naik-jadi-4317-miliar-dolar-as#berita #news #indonesianews #antaranews #ekonomi #economy #bisnis #bussiness",2026-02-19 02:30:43+00:00,0,0,0,8
economy,"Mark Zuckerberg said he reached out to Apple CEO Tim Cook to discuss 'wellbeing of teens and kids'
https://lemmy.wtf/post/38193874",2026-02-19 02:22:12.081000+00:00,0,1,1,2
economy,"IHSG Kamis dibuka menguat 47,22 poinIndeks Harga Saham Gabungan (IHSG) Bursa Efek Indonesia (BEI) pada Kamis pagi dibuka menguat 47,22 poin atau 0,57 ...https://www.antaranews.com/berita/5423822/ihsg-kamis-dibuka-menguat-4722-poin#berita #news #indonesianews #antaranews #ekonomi #economy #bisnis #bussiness",2026-02-19 02:18:00+00:00,0,0,0,8
economy,"Di hadapan USCC, Prabowo jamin iklim investasi di Indonesia kondusifPresiden Prabowo Subianto di hadapan para pengusaha Amerika Serikat yang tergabung dalam Kamar Dagang AS (USCC), ...https://www.antaranews.com/berita/5423814/di-hadapan-uscc-prabowo-jamin-iklim-investasi-di-indonesia-kondusif#berita #news #indonesianews #antaranews #ekonomi #economy #bisnis #bussiness",2026-02-19 02:06:23+00:00,0,0,0,8
economy,"Temui pebisnis AS, Prabowo paparkan kunci stabilitas ekonomi RIPresiden Prabowo Subianto memaparkan strategi pemerintah Indonesia dalam menjaga pertumbuhan ekonomi nasional tetap ...https://www.antaranews.com/berita/5423806/temui-pebisnis-as-prabowo-paparkan-kunci-stabilitas-ekonomi-ri#berita #news #indonesianews #antaranews #ekonomi #economy #bisnis #bussiness",2026-02-19 01:55:23+00:00,0,0,0,8
economy,"""Alarm"" tahunan pasar murah jelang RamadhanFenomena tahunan hampir selalu berulang, yakni naiknya harga berbagai kebutuhan pokok atau bahan pokok, menjelang ...https://www.antaranews.com/berita/5423798/alarm-tahunan-pasar-murah-jelang-ramadhan#berita #news #indonesianews #antaranews #ekonomi #economy #bisnis #bussiness",2026-02-19 01:51:35+00:00,0,0,0,8
economy,The International Monetary Fund faulted China’s economic policies for causing waste at home and damage abroad. https://www.japantimes.co.jp/business/2026/02/19/economy/imf-china-economic-policies-damage/?utm_medium=Social&utm_source=mastodon #business #economy #imf #china #economicindicators,2026-02-19 01:26:01.163000+00:00,0,3,0,5873
economy,"Kemarin, 1.000 Kopdes Merah Putih hingga status persero Antam & PTBABerbagai peristiwa di bidang ekonomi yang terjadi sepanjang Rabu (18/2) masih hangat serta relevan untuk disimak ...https://www.antaranews.com/berita/5423778/kemarin-1000-kopdes-merah-putih-hingga-status-persero-antam-ptba#berita #news #indonesianews #antaranews #ekonomi #economy #bisnis #bussiness",2026-02-19 01:22:58+00:00,0,0,0,8
economy,"Awal Ramadhan emas UBS Rp2,929 juta/gr dan Galeri24 Rp2,915 juta/grHarga emas batangan yang dikutip dari laman resmi Sahabat Pegadaian di Jakarta, Kamis (19/2) atau awal Ramadhan, pukul ...https://www.antaranews.com/berita/5423766/awal-ramadhan-emas-ubs-rp2929-juta-gr-dan-galeri24-rp2915-juta-gr#berita #news #indonesianews #antaranews #ekonomi #economy #bisnis #bussiness",2026-02-19 01:22:58+00:00,0,0,0,8
economy,"Warga terdampak banjir di Aceh jual hidangan sahur ke praja IPDNWarga terdampak bencana banjir bandang di Aceh Tamiang, Aceh, mendulang rezeki saat sahur perdana di kawasan ...https://www.antaranews.com/berita/5423762/warga-terdampak-banjir-di-aceh-jual-hidangan-sahur-ke-praja-ipdn#berita #news #indonesianews #antaranews #ekonomi #economy #bisnis #bussiness",2026-02-19 01:22:57+00:00,0,0,0,8
economy,"Apollo Reassures Clients Over CEO’s Epstein Files Appearances: ‘Nothing New’
https://lemmy.wtf/post/38191285",2026-02-19 01:12:11.274000+00:00,0,1,0,2
economy,‘Social Security is broke beyond belief’ says economist. I say let’s invest in non-traditional models 🃏 https://www.bocvip.com/1211345/social-security-is-broke-beyond-belief-says-economist-i-say-lets-invest-in-non-traditional-models-%f0%9f%83%8f/ #Bonds #business #CurrentTrends #economy #Investment #IPOs #predictions #stocks,2026-02-19 01:02:04+00:00,0,2,0,160
economy,"$10-a-day daycare program paused in order to stabilize, B.C. government saysThe province says the goal is to stabilize the program, instead of rolling it back and moving to income-tested eligibility. It was announced in the budget on Tuesday.#government #program #stabilize #BC #Economy #Educationhttps://globalnews.ca/news/11673463/10-a-day-daycare-program-paused/",2026-02-19 00:51:10+00:00,0,0,0,532
economy,"Prabowo undang pengusaha AS berinvestasi di IndonesiaPresiden Prabowo Subianto dalam pertemuan dengan Kamar Dagang Amerika Serikat (USCC), US-ASEAN Business Council ...https://www.antaranews.com/berita/5423742/prabowo-undang-pengusaha-as-berinvestasi-di-indonesia#berita #news #indonesianews #antaranews #ekonomi #economy #bisnis #bussiness",2026-02-19 00:36:23+00:00,0,0,0,8
economy,"Global News BC | $10-a-day daycare program paused in order to stabilize, B.C. government saysThe province says the goal is to stabilize the program, instead of rolling it back and moving to income-tested eligibility. It was announced in the budget on Tuesday.#GlobalNewsBC #BCNews #Economy #Education #$10ADayChildCare #$10ADayDaycare",2026-02-19 00:28:22+00:00,0,0,0,7
economy,The Mother Of All Corruption: The Age of Kleptocracy https://www.bocvip.com/1211297/the-mother-of-all-corruption-the-age-of-kleptocracy/ #Bonds #business #CurrentTrends #economy #Investment #IPOs #predictions #stocks,2026-02-19 00:23:04+00:00,0,2,0,160
economy,"What will Kevin Warsh’s Federal Reserve look like?
https://lemmy.wtf/post/38188789",2026-02-19 00:02:08.872000+00:00,0,1,1,2
economy,Trump family business files for trademark rights on any airports using the president’s name https://www.bocvip.com/1211236/trump-family-business-files-for-trademark-rights-on-any-airports-using-the-presidents-name/ #Bonds #business #CurrentTrends #economy #Investment #IPOs #predictions #stocks,2026-02-18 23:44:04+00:00,0,2,0,160
economy,"#BlueCollarWriter Labor News Update -  February 18, 2026: https://www.bluecollarwriter.com/home/labor-news-update#1u #UnionStrong #UnionYes #ItsBetterInAUnion #LaborHistory #NLRB #Jobs #Economy",2026-02-18 23:24:34+00:00,0,1,0,338
economy,"Militer Polandia larang mobil China masuki area merekaPolandia memiliki aturan terkait larangan bagi kendaraan-kendaraan pabrikan China, yang hendak memasuki kawasan militer ...https://otomotif.antaranews.com/berita/5423706/militer-polandia-larang-mobil-china-masuki-area-mereka#berita #news #indonesianews #antaranews #ekonomi #economy #bisnis #bussiness",2026-02-18 23:17:17+00:00,0,0,0,8
economy,Gotta pay it https://www.bocvip.com/1211183/gotta-pay-it/ #Bonds #business #CurrentTrends #economy #Investment #IPOs #predictions #stocks,2026-02-18 23:05:06+00:00,0,2,0,160
economy,"""The aligned interests of the Republicans and the billionaire owners of news media corporations is also why, no matter how loudly or how strenuously Democrats accuse Trump of implementing “the largest peacetime tax hike in US history,” the allegation rarely breaks through. Basically, if it’s a tax on them, elites make it sound like a tax on you. If it’s a tax on you, they make you wonder if it’s a tax at all.""#Trump #tariffs #taxes #economy #MiddleClass #EconomicElites #media/4",2026-02-18 22:54:54+00:00,7,8,0,7755
economy,"""As things stand, however, we can reasonably conclude that, to the owners of the country’s most lucrative media properties, taxes are less important than the question of who’s paying for them. They are not making a major story out of the fact that Trump is burning up the middle class because it’s the middle class that’s getting burned up.""#Trump #tariffs #taxes #economy #MiddleClass #EconomicElites #media/3",2026-02-18 22:54:00+00:00,4,4,1,7755
economy,"""You would think that a president who is immiserating middle-class Americans with the biggest tax increase in over three decades would get the attention of a press corps that can otherwise be trusted to chase down every detail of every program that affects tax-payers."" #Trump #tariffs #taxes #economy #MiddleClass #EconomicElites #media/2",2026-02-18 22:53:18+00:00,5,6,1,7755
economy,"""The president is burning up the American middle class with the largest tax increase since the early 1990s, which itself is snowballing the price of everything from coffee to clothes to carpets to car parts. Yet this isn’t a major, ongoing, attention-grabbing story.""~ John Stoehr#Trump #tariffs #taxes #economy #MiddleClass #EconomicElites #media/1",2026-02-18 22:52:30+00:00,4,10,2,7755
economy,"Absolut Vodka maker Pernod Ricard considers listing India business: Report
https://lemmy.wtf/post/38185369",2026-02-18 22:52:05.078000+00:00,0,1,0,2
science,New Blood Test Predicts When Alzheimer’s Symptoms Will Begin https://scitechdaily.com/new-blood-test-predicts-when-alzheimers-symptoms-will-begin/ #science,2026-02-19 19:32:07.678000+00:00,0,0,0,1589
science,Pourrait-on bientôt faire revivre des mammouths? https://ici.radio-canada.ca/info/videos/1-10598308/pourrait-on-bientot-faire-revivre-mammouths#science #gestorum,2026-02-19 19:31:18+00:00,0,0,0,23
science,"""Jay Bhattacharya, the head of the National Institutes of Health, will become acting director of the Centers for Disease Control and Prevention following the dismissal last week of Jim O’Neill, according to a White House official and an administration official.President Donald Trump will name O’Neill to lead the National Science Foundation, one of the officials said.""https://www.politico.com/news/2026/02/18/bhattacharya-cdc-director-oneill-rfk-00786582#PublicHealth #NIH #biomedical #science #research #CDC #NSF #HHS",2026-02-19 19:31:01+00:00,0,4,0,1962
science,"Scientists at Monash University say they have found a way to permanently ""switch off"" genes that help cancer cells thrive. This could help development of a new style of treatment that might be more effective and less difficult for patients. “We have potentially identified a new way to exploit cancer’s weaknesses,” said Dr. Omer Gilan, who worked on the research. Here's more from SciTech Daily.https://flip.it/fXvz-L#Science #Medicine #Cancer #CancerTreatment #Genetics #Epigenetics",2026-02-19 19:28:01+00:00,1,5,0,11739
science,"""While it may seem hard for some outsiders to believe that our leaders want to actively undermine #medical #science in this way, what is happening at #NIH headquarters in Bethesda should have everyone worrying about the health of our nation, now and into the foreseeable future. That’s why it’s so distressing to see some of our leading #scientists kowtowing to Trump these days.https://www.thenation.com/article/society/nih-research-cuts-trump/",2026-02-19 19:23:48+00:00,0,2,0,2267
science,"Predicting Global Hotspots for Dangerous ScorpionsA new study uses science to find where dangerous scorpions are found. This helps stop deaths, especially for children. Learn about soil and heat.#Scorpions, #PublicHealth, #Science, #Africa, #Venomhttps://newsletter.tf/dangerous-scorpions-hotspots-africa/",2026-02-19 19:13:39.840000+00:00,1,4,0,13
science,Simulations shed light on how snowman-shaped body in Kuiper belt may have formed https://www.theguardian.com/science/2026/feb/19/arrokoth-snowman-shape-simulations-kuiper-belt #Space #Astronomy #Physics #Science,2026-02-19 19:13:27+00:00,0,0,0,349
science,"Scientists have learned where the world's most dangerous scorpions live. They used real-world checks and computer maps. This helps protect people, especially children, from scorpion stings. Knowing the places helps doctors get medicine ready.#Scorpions, #PublicHealth, #Science, #Africa, #Venomhttps://newsletter.tf/dangerous-scorpions-hotspots-africa/",2026-02-19 19:01:47.135000+00:00,0,3,0,13
science,New dinosaur discovered in Sahara desert was a horned ‘hell heron’'Spinosaurus mirabilis' sported a 20-inch-tall ‘scimitar’ on its head.The post New dinosaur discovered in Sahara desert was a horned ‘hell heron’ appeared first on Popular Science.#science #popscihttps://www.popsci.com/science/new-horned-dinosaur-sahara/,2026-02-19 19:01:10+00:00,0,0,0,70
science,The world thought there were no sharks in Antarctica; the latest camera feed proves them wrong https://www.firstpost.com/world/the-world-thinks-there-are-no-sharks-in-antarctica-latest-camera-feed-proves-it-wrong-13981652.html 🦈 #Sharks #MarineLife #MarineBiology #Science #Antarctica,2026-02-19 19:00:14+00:00,0,3,0,618
science,[Zoom-Nature] Le peigne oculaire des oiseaux : un organe intrigant !   Lien : https://www.zoom-nature.fr/le-peigne-oculaire-des-oiseaux-un-organe-intrigant/#zoomnature #biodiversité #science #histoirenaturelle,2026-02-19 18:59:06+00:00,0,0,0,301
science,"2026 February 20B93: A Dark Interstellar Ghost * Image Credit & Copyright: Christian Bertincourthttps://app.astrobin.com/u/BERTINCOURT * Text: Keighley Rockcliffe (NASA GSFC, UMBC CSST, CRESST II)https://kerockcliffe.com/https://science.gsfc.nasa.gov/sci/bio/keighley.e.rockcliffehttps://www.nasa.gov/goddard/https://physics.umbc.edu/research/astrophysics/https://csst.umbc.edu/directory/https://cresst2.umd.edu/Explanation: ""A ghost in the Milky Way…” says Christian Bertincourt, the astrophotographer behind this striking image of Barnard 93 (B93). The 93rd entry in Barnard’s Catalogue of Dark Nebulae, B93 lies within the Small Sagittarius Star Cloud (Messier 24), where its darkness stands in stark contrast to bright stars and gas in the background. In some ways, B93 is really like a ghost, because it contains gas and dust that was dispersed by the deaths of stars, like supernovas. B93 appears as a dark void not because it is empty, but because its dust blocks the light emitted by more distant stars and glowing gas. Like other dark nebulas, some gas from B93, if dense and massive enough, will eventually gravitationally condense to form new stars. If so, then once these stars ignite, B93 will transform from a dark ghost into a brilliant cradle of newborn stars.https://app.astrobin.com/i/s3hdtchttps://ui.adsabs.harvard.edu/abs/1919ApJ....49....1B/abstracthttps://apod.nasa.gov/apod/ap220407.htmlhttps://science.nasa.gov/mission/hubble/science/explore-the-night-sky/hubble-messier-catalog/messier-24/https://apod.nasa.gov/apod/ap230129.htmlhttps://en.wikipedia.org/wiki/Ghosthttps://science.nasa.gov/mission/hubble/science/science-highlights/the-death-throes-of-stars/https://apod.nasa.gov/apod/ap960623.htmlhttps://apod.nasa.gov/apod/ap231201.htmlhttp://www.messier.seds.org/more/m024_b93.htmlhttps://i.ytimg.com/vi/pLbkUmVzXMs/hq720.jpghttps://science.nasa.gov/universe/stars/https://science.nasa.gov/mission/hubble/science/science-highlights/exploring-the-birth-of-stars/https://apod.nasa.gov/apod/ap260218.htmlhttps://apod.nasa.gov/apod/fap/ap260220.html#space #nebula #astrophotography #photography #science #nature #NASA #apod",2026-02-19 18:57:26+00:00,2,0,0,179
science,"My biggest GLP-1 ethical problem: patients who don’t want to stop
https://beehaw.org/post/24851931",2026-02-19 18:56:49.252000+00:00,0,2,0,13
science,"‘We’re no longer attracting top talent’: the brain drain killing American science
https://feddit.uk/post/44624139",2026-02-19 18:50:44.018000+00:00,1,3,1,0
science,Man Survives 48 Hours Without Lungs in a Medical First https://scitechdaily.com/man-survives-48-hours-without-lungs-in-a-medical-first/ #science,2026-02-19 18:43:09.975000+00:00,0,1,0,1589
science,"It would be quite interesting to know how this phenomenon works. Why is lake Vättern full of ice balls? 

#vintagelens #naturephotography #nature #konicahexar28mmf35 #ice #winter #lake #sweden #science",2026-02-19 18:42:14+00:00,1,6,1,75
science,Was the James Webb Telescope Broken? The Real Culprit Was a Monster Black Hole https://scitechdaily.com/was-the-james-webb-telescope-broken-the-real-culprit-was-a-monster-black-hole/ #science,2026-02-19 18:33:17.177000+00:00,0,1,0,1589
science,"Dive into this Scientific Visualization panel from the Blender channel — experts Paul Melis, Adam Kalisz, Milan Jaros, Marwan Abdellah, Mike Simpson & Sybren A. Stüvel discuss 3D visualization techniques and workflows. Great for creators & scientists! #Blender #PeerTube #ScientificVisualization #DataViz #3D #OpenSource #Graphics #Science #Englishhttps://peertube.tv/videos/watch/8e364d32-8918-403e-a8c0-915634b9f405",2026-02-19 18:31:07+00:00,0,1,0,18
science,RE: https://fediscience.org/@JeromeDqn/116084431746658924Thank you guys for the #boost. But I am still looking for more dynamicists and nonlinear dynamics lovers ☀️🙏#nodyn #science #academicchatter,2026-02-19 18:20:34+00:00,0,13,0,19
science,Elizabeth Cady Stanton Is Known as the Woman Behind the Suffrage Movement. A New Book Reveals the Story Behind Her Tenacity https://www.smithsonianmag.com/history/elizabeth-cady-stanton-known-woman-behind-suffrage-movement-new-book-reveals-tenacity-180988092/ #science,2026-02-19 18:11:10.984000+00:00,0,0,0,1589
science,"Study Finds Gifted Men Show Lower Levels of Conservatism, While Political Views Are Otherwise Similar📰 Original title: High IQ men tend to be less conservative than their average peers, study finds🤖 IA: It's not clickbait ✅👥 Usuarios: It's not clickbait ✅View full AI summary: https://killbait.com/en/study-finds-gifted-men-show-lower-levels-of-conservatism-while-political-views-are-otherwise-similar/?redirpost=4b5a02fc-6372-4cf0-b41d-ca89cde7813a#science #intelligence #politicalpsychology #giftedness",2026-02-19 18:11:04.363000+00:00,0,0,0,1
science,"December 23, 2009. Kuhmo, Finland. Canon PowerShot A20.

This little diorama was in the cinema, to promote the film ""Havukka-ahon ajattelija"" (Backwood Philosopher), which was premiering there in Christmas day. A big chunk of the film was filmed in Kuhmo.

#photo #kuhmo #finland #cinema #taxidermy #science #moviepremiere #movies",2026-02-19 18:09:06+00:00,0,3,0,111
science,"Palaeo Jam  Exploring a range of issues in science and the community, using the multidisciplinary aspects of, and public fascination with, palaeontology...   Great Australian Pods Podcast Directory: https://www.greataustralianpods.com/palaeo-jam/ #AusPods #Podcasts #Podcasting #Australia #Science #LifeSciences #News #Discussions #Dinosaurs",2026-02-19 18:08:11+00:00,0,3,0,841
science,A bit of Pluto #pluto #nasa #space #astronomy #science #plutopics,2026-02-19 18:00:04+00:00,1,0,0,845
science,Scientists discover a new whale highway after tagging a pygmy blue whale by drone https://news.mongabay.com/2026/02/scientists-discover-a-new-whale-highway-after-tagging-a-pygmy-blue-whale-by-drone/ 🐋 #Cetaceans #MarineMammals #MarineLife #MarineBiology #Whales #Science,2026-02-19 18:00:13+00:00,0,3,0,618
science,17-Feb-2026Family relationships identified in #StoneAge graves on #Gotland  https://www.eurekalert.org/news-releases/1116791 #science #paleoanthropology #ancientDNA,2026-02-19 17:56:11.565000+00:00,0,1,0,809
science,How malicious AI swarms can threaten democracy (science.org)https://www.science.org/doi/10.1126/science.adz1697#demokratie #democracy #science #paper #research #ai,2026-02-19 17:52:03+00:00,0,2,0,65
science,"L' #algorithme de #X pourrait #orienter les #utilisateurs vers des positions plus conservatrices selon des #chercheurs , selon une #publication d’une #étude #scientifique dans #Nature

On s'en doutait déjà.
La #science l'a maintenant prouvé

www.frandroid.com/culture-tech...Il vous manipule en 7 semaines...",2026-02-19 17:38:59.946000+00:00,0,3,0,50
science,"L' #algorithme de #X pourrait #orienter les #utilisateurs vers des positions plus conservatrices selon des #chercheurs , selon une #publication d’une #étude #scientifique dans #NatureOn s'en doutait déjà.La #science l'a maintenant prouvéhttps://www.frandroid.com/culture-tech/web/2982423_comment-lalgorithme-de-x-peut-vous-rendre-conservateur",2026-02-19 17:39:05.759000+00:00,2,4,0,872
science,"DATE: February 19, 2026 at 11:30AMSOURCE: GOODNEWSNETWORK.ORGTITLE: Loyal Dog Who Lived by Owner’s Grave Inspires New Law Allowing Pets a Place in Family PlotsURL: https://www.goodnewsnetwork.org/loyal-dog-who-lived-by-owners-grave-inspired-new-law-to-allow-pets-a-place-in-family-grave-plots/The state of São Paolo in Brazil recently passed a law in honor of a famous loyal dog that will allow residents to have their pets buried in family cemetery plots. Bob, nicknamed Bob Gravedigger, was an orange dog who spent 10 years living next to the grave of his owner after attending his funeral […]The post Loyal Dog Who Lived by Owner’s Grave Inspires New Law Allowing Pets a Place in Family Plots appeared first on Good News Network.URL: https://www.goodnewsnetwork.org/loyal-dog-who-lived-by-owners-grave-inspired-new-law-to-allow-pets-a-place-in-family-grave-plots/-------------------------------------------------This robot is not affiliated with the goodnewsnetwork.org .#psychology #depression #goodnews #goodnewsthread #happy #happynews #SpreadJoy #PositiveVibes #CommunityLove #SpreadLight #goodnewnetworkorg #positivescience #science @goodnews",2026-02-19 17:34:25+00:00,0,1,0,362
science,The Perils of ISBN via @jevinskie https://lobste.rs/s/2y6jlq #sciencehttps://rygoldstein.com/posts/perils-of-isbn,2026-02-19 17:30:13.308000+00:00,0,1,0,3614
science,"Can’t stop humming that tune? Thank math.A lot goes into the successful 'earworms,' including mathematical symmetry.The post Can’t stop humming that tune? Thank math. appeared first on Popular Science.#science #popscihttps://www.popsci.com/science/catchy-song-math-symmetry/",2026-02-19 17:26:05+00:00,0,0,0,70
science,"While I'm no longer active in many commercial #SocialMedia platforms, as a #science communicator I still keep an eye on them to see how people (mis)understand #astronomy, and incorporate those lessons to my job.Today Facebook crushed my soul with this abomination.A while ago I wrote this article explaining how to spot fake #astrophotography images using science: https://www.eso.org/public/blog/csi-astronomy/That article has now been superseded by ""this is fake because <waves hands angrily in despair>""",2026-02-19 17:24:04+00:00,94,107,16,7671
science,New Inhalable Tuberculosis Treatment Could Replace Months of Daily Pills https://scitechdaily.com/new-inhalable-tuberculosis-treatment-could-replace-months-of-daily-pills/ #science,2026-02-19 17:19:18.105000+00:00,0,0,0,1589
science,"17-Feb-2026#Bacteria frozen in ancient underground ice cave found to be resistant against 10 modern #antibioticsA bacterial strain thriving in icy environments could sharpen antibiotic resistance crisis – or help solve it, new research shows    https://www.eurekalert.org/news-releases/1115156 #science #ecology",2026-02-19 17:13:58.106000+00:00,3,3,0,809
science,"17-Feb-2026How #forest conversion can harm #dungBeetles ""conversion"" meaning: by deliberately creating canopy openings and enriching deadwood, the conditions of natural forests are to be imitated. These measures are considered positive for #biodiversity as they create habitats for many plants and animals.https://www.eurekalert.org/news-releases/1116767 #science #ecology #conservation",2026-02-19 17:11:18.468000+00:00,0,2,0,809
science,17-Feb-2026Why #triceratops has such a big noseFirst comprehensive hypothesis on soft tissue in Triceratops reveals some nosy secrets   https://www.eurekalert.org/news-releases/1116768 #science #evolution #dinosaurs #anatomy,2026-02-19 17:07:41.566000+00:00,0,1,0,809
science,17-Feb-2026#Rhythm during sex in #bonobos provides new insights into the #evolution of #communication https://www.eurekalert.org/news-releases/1116776 #science #primates #behaviour,2026-02-19 17:04:20.362000+00:00,0,1,0,809
science,[Tour du Valat] Redécouverte : une espèce d’alouette documentée pour la première fois depuis près d’un siècle Lien : https://tourduvalat.org/actualites/redecouverte-une-espece-dalouette-documentee-pour-la-premiere-fois-depuis-pres-dun-siecle#tourduvalat #biodiversité #science,2026-02-19 17:01:38+00:00,0,0,0,301
science,17-Feb-2026Record-breaking sediment core may help predict #Antarctic ice loss https://www.eurekalert.org/news-releases/1116786 #science #climateCatastrophe,2026-02-19 17:01:24.370000+00:00,0,1,0,809
science,Novel bacteria discovered in Florida's stranded pygmy sperm whales https://phys.org/news/2026-02-bacteria-florida-stranded-pygmy-sperm.html 🐋 #Cetaceans #MarineMammals #MarineLife #MarineBiology #Whales #Science,2026-02-19 17:00:11+00:00,0,3,0,618
science,17-Feb-2026Smithsonian planetary scientists discover recent #tectonic activity on the #MoonNew map of small ridges in the Lunar Maria reveals new seismic threats to human exploration     https://www.eurekalert.org/news-releases/1116509 #science #solarSystem,2026-02-19 16:59:26.237000+00:00,0,1,0,809
science,"17-Feb-2026Climbing behaviors of tree-dwelling critters unlock insights on early primate #evolutionResearchers have published the first comparative analysis of downward climbing behaviours across a broad range of small #mammal species, with insights into the evolution of #primates’ arboreal upright postures    https://www.eurekalert.org/news-releases/1116771 #science",2026-02-19 16:53:24.534000+00:00,0,1,0,809
science,"Wanted to share a link to the excellent Science for the People Magazine  [SfTP](free online & voluntary subscriptions) This quote sums the philosophy of StFP""“Science, in all its senses, is a social process that both causes and is caused by social organization. To do science is to be a social actor engaged, whether one likes it or not, in political activity.”—Richard Levins & Richard Lewontin, The Dialectical Biologist (1985)""https://magazine.scienceforthepeople.org#science #ScienceForThePeople #SFTP",2026-02-19 16:51:29.972000+00:00,1,1,1,33
science,19-Feb-2026New method for housane #synthesisChemists synthesise high-tensile ring #molecules through #photocatalysis / Components for #drugDevelopment https://www.eurekalert.org/news-releases/1117117 #science #chemistry,2026-02-19 16:50:23.465000+00:00,0,2,0,809
science,"for *some* reason not-known til now, this Texas school district's #Science program was poorly supported by their administrators and school board...  https://www.houstonchronicle.com/news/houston-texas/education/article/magnolia-isd-prayer-period-21361188.php  __www.houstonchronicle.com/news/houston-texas/education/article/magnolia-isd-prayer-period-21361188.php",2026-02-19 16:48:49+00:00,0,1,0,106
science,"fantastic plan""The chair of the Pacific Academy of Sciences says it's time *Pasifika* experts take the lead on climate change, health, renewable energy and traditional knowledge in the region."" https://www.rnz.co.nz/international/pacific-news/587278/pasifika-science-experts-urged-to-take-the-lead-on-challenges-facing-the-region#Pasifika #Science #ClimateEmergency",2026-02-19 16:48:36+00:00,1,2,0,856
science,19-Feb-2026Study finds 1.9 million year out-of-Africa #migration wave leaves its mark in the #Jordan  Valley  https://www.eurekalert.org/news-releases/1117120 #science #humans #paleoanthropology,2026-02-19 16:46:35.139000+00:00,0,2,0,809
science,"With permission by @rdrimmel who circulated this important and alarming message to the internal list of astronomers in Italy, let me share his message here too:""A new threat to astronomy - coming from to massive  projects  in the US that will potentially have a huge impact on ground-based #astronomy  as well as any observational facilities in low Earth orbit   [1/N]#science #astrophysics #physics #space",2026-02-19 16:42:47.002000+00:00,3,6,1,1681
science,"19-Feb-2026Social media images help fill “major gaps” in global #biodiversity dataUsing the rapidly expanding tawny coster #butterfly as a test case, a new paper shows how social media images strengthen — and also expose limits within — global biodiversity datasets and efforts to map species’ movements.   https://www.eurekalert.org/news-releases/1117104 #science #ecology #conservation #insects",2026-02-19 16:42:25.125000+00:00,0,3,0,809
science,Desmond McConnell obituary https://www.theguardian.com/education/2026/feb/19/desmond-mcconnell-obituary #UniversityOfOxford #PeopleInScience #UniversityOfCambridge #Geology #Physics #Science,2026-02-19 16:38:34+00:00,0,0,0,349
science,19-Feb-2026FAU researchers discover novel bacteria in Florida’s stranded pygmy sperm #whales https://www.eurekalert.org/news-releases/1117066 #science #ecology #marineBiology #wildlife #disease,2026-02-19 16:34:48.638000+00:00,1,4,0,809
science,"Willensbildung – Über Sozialisation, Wahrscheinlichkeiten und die leise Navigation im Feld der Erwartungen.👉 https://whisper7.substack.com/p/willensbildung#Philosophie #Wissenschaft #KulturWill Formation – On socialisation, probability, and the quiet navigation within a field of expectations.👉 https://whisper7.substack.com/p/will-formation#Philosophy #Science #Culture",2026-02-19 16:30:22.165000+00:00,0,2,0,12
science,"Sprites and ELVES
Although we are most familiar with the white, branching lightning caused by electrical discharge between clouds and the ground, there are many types of lightning. This fortuitous image captures two: tentacled red sprites and ring-like ELVES. Sprites extend upward from the top of a thunderstorm, in a large but weak flash that lasts only seconds. ELVES appear as a rapidly-expanding disc, thought to be caused by an energetic electromagnetic pulse moving into the ionosphere. They were first discovered in footage from a 1992 Space Shuttle mission. (Image credit: V. Binotto; via APOD)
#fluidDynamics #lightning #magnetohydrodynamics #meteorology #physics #plasma #science #sprite #thunderstorm",2026-02-19 16:00:00+00:00,1,3,0,280
science,"Announcement!
International PhD Programs in the Life Sciences. 

#science #career #jobs #sciencejobs #job #jobsearch #PhD #PhDposition
www.lifescience.net/jobs/220812/...International PhD Programs in ...",2026-02-19 16:26:32.154000+00:00,0,1,0,10
science,"New position!
PhD Project ""Understanding pre-metastatic niches Translational #Medicine"" (Jan26/Metastasis) - #Heidelberg University 

#science #career #jobs #sciencejobs #job #jobsearch #PhD #PhDposition
www.science.hr/jobs/220951/...PhD Project",2026-02-19 16:24:42.447000+00:00,0,3,0,10
science,"PhD Position: Keep calm and breathe through it: The effects and mechanisms of slow breathing on stress recovery. 

#science #career #jobs #sciencejobs #job #jobsearch #PhD #PhDposition
www.science.hr/jobs/220338/...PhD Position: Keep calm and br...",2026-02-19 16:23:48.350000+00:00,0,1,1,10
science,"Open position!
PhD Project ""Anti-Tumor Immunity – From Mechanisms to Therapies Translational #Medicine "" (Jan26/Immune response) - #Heidelberg University 

#science #career #jobs #sciencejobs #job #jobsearch #PhD #PhDposition
www.science.hr/jobs/220952/...PhD Project",2026-02-19 16:22:51.886000+00:00,0,3,0,10
science,"Open position: Postdoctoral Researcher.

#science #career #jobs #sciencejobs #job #jobsearch #postdoc #postdocposition
www.science.hr/jobs/220482/...Postdoctoral Researcher",2026-02-19 16:21:42.015000+00:00,0,1,0,10
science,"Open position!
PhD Project ""Decoding circadian changes in the lung vasculature and their impact on lung diseases"" (2026-VascularRhythm) - Heidelberg University.

#science #career #jobs #sciencejobs #job #jobsearch #PhD #PhDposition
www.science.hr/jobs/220950/...PhD Project",2026-02-19 16:20:05.269000+00:00,1,2,0,10
science,⟦Fichefet et al.⟧ Assessing the risk of whale entanglement in pot fisheries in Irish waters https://www.frontiersin.org/journals/marine-science/articles/10.3389/fmars.2026.1749710/full 🐋 #Cetaceans #MarineMammals #MarineLife #MarineBiology #Whales #Science #Bycatch,2026-02-19 16:18:55+00:00,0,3,0,618
science,"Open position: PhD Project ""Understanding Fibrosis – Driving Innovative Therapies Translational Medicine"" (Jan2026/Fibrosis) - #Heidelberg University.

#science #career #jobs #sciencejobs #job #jobsearch #PhD #PhDposition
www.science.hr/jobs/220953/...PhD Project",2026-02-19 16:12:25.412000+00:00,0,1,0,10
science,"Open position: Development of an MRI-based in-vivo method for the quantification of reactant gradients, mass transfer characteristics, and biomass growth in productive biofilms. 

#science #career #jobs #sciencejobs #job #jobsearch
#PhD #PhDposition
www.science.hr/jobs/221197/...Development of an MRI-based in...",2026-02-19 16:09:34.533000+00:00,0,1,0,10
science,"Open position: Development of a microbial electrosynthesis cell for the treatment of aquaculture waste water.

#science #career #jobs #sciencejobs #job #jobsearch
#PhD #PhDposition
www.science.hr/jobs/221198/...Development of a microbial ele...",2026-02-19 16:07:59.319000+00:00,0,1,0,10
science,"Open position: Marine Turtle Field Assistant, Cabo Verde. 

#science #career #jobs #sciencejobs #job #jobsearch
www.science.hr/jobs/221199/...Marine Turtle Field Assistant,...",2026-02-19 16:06:35.324000+00:00,0,1,0,10
science,New discovery could help stop banana extinctionFungal diseases are a major threat to the global banana supply.The post New discovery could help stop banana extinction appeared first on Popular Science.#science #popscihttps://www.popsci.com/environment/banana-extinction-discovery/,2026-02-19 16:06:05+00:00,0,0,0,70
science,#science #nature #geography #geology Tiny pebble 'smiled' at women and she took it home. There she discovered that it was actually part of a crinoid. Crinoids were marine animals that lived more than 500 million years ago. The stem was made up of discs that look like mints known as St Cuthbert's beads. The stem of this one had split and curved to create a 'mouth' making a very unusual find. https://www.bbc.co.uk/news/articles/c7v0ev05mdjo,2026-02-19 16:01:32+00:00,5,12,1,83
science,"💁🏻‍♀️ ICYMI: 🐣🧬 Male #seahorses carry and deliver their young, but the process is even more complex than it looks. New #research indicates their brood pouch works similarly to a placenta, providing nutrients through specific genetic instructions.When it’s time for birth, the father uses skeletal muscles to physically flush seawater through the pouch, releasing hundreds or even thousands of tiny, fully formed seahorses!👉 Learn more: https://thekidshouldseethis.com/post/the-2000-baby-squeeze-how-male-seahorses-deliver-their-young?utm_source=mastodon&utm_medium=social&utm_campaign=new_content&utm_content=seahorse-birth#animals #babies #biology #cute #science #underwater #nature #marinelife #parenting #evolution #ocean #tksst #video",2026-02-19 16:00:40+00:00,5,7,0,1033
science,"Pour entretenir la flamme, une simple photographie pourrait être particulièrement puissante.Découvrez tous les détails dans le nouvel épisode du #podcast #LaTêteDansLeCerveau : https://soundcloud.com/latetedanslecerveau/numero340#neurosciences #vulgarisation #cerveau #science #amour #couple #mariage #déclin #photographie #attirance #attachement #satisfactionMerci pour vos écoutes et partages ☺️",2026-02-19 16:00:20.199000+00:00,0,1,0,8
science,"🌿 In nutrient-starved soils across Earth, some plants made an extraordinary choice: they learned to hunt. From split-second snaps to patient pitfalls, nature invented botanical predators at least ten separate times.✍️ Discover the convergent genius: https://TPC8.short.gy/fkeHr3vC🌅 Where hunger writes, evolution pens masterpieces#CarnivorousPlants #Botany #Evolution #Biodiversity #Nature #Science #TPC8",2026-02-19 15:59:06.347000+00:00,0,2,0,52
science,Le futur des implants médicauxPar Julie Degenhttps://lejournal.cnrs.fr/articles/le-futur-des-implants-medicaux#cnrs #tech #ordinateur #électricité #implants #médecine #santé #IA #coeur #marche #préhension #France #cerveau #énergie #science,2026-02-19 15:46:26+00:00,0,0,0,605
science,"#MissKittyPolitics #AI #Research if you can trick it.
#Healthcare is not politics. It is #science.
I have to think how to #trick #AI to go underneath this shit.
-
“It seems the one qualification for this job is rubber-stamping RFK Jr’s agenda. He has already proven himself very capable of doing so.”Experts warn NIH director now ...",2026-02-19 15:41:31.185000+00:00,1,1,0,18
science,Inside voice: what can our thoughts reveal about the nature of consciousness?Scientists and philosophers studying the mind have discovered how little we know about our inner experiences.https://mediafaro.org/article/20260219-inside-voice-what-can-our-thoughts-reveal-about-the-nature-of-consciousness?mf_channel=mastodon&action=forward#Neuroscience #Consciousness #Psychology #Philosophy #HumanBiology #Science #Longread,2026-02-19 15:33:25+00:00,0,4,1,54
science,Lune : les secrets qu’on ne vous a jamais racontéshttps://france3-regions.franceinfo.fr/grand-est/meurthe-et-moselle/nancy/lune-les-secrets-qu-on-ne-vous-a-jamais-racontes-3301698.html#Science #Lune #Apollo #Insolite,2026-02-19 15:28:12+00:00,0,0,0,38
science,"European Amphibian Conference 2026, July 3-5, 2026, Prague, Czech Republic https://www.xenbase.org/xenbase/doNewsRead.do?id=1043 #science #devbio #xenopus #frogs",2026-02-19 15:26:59.181000+00:00,0,1,0,18
science,"A very interesting study & analysis. Puts in words that course though our thoughts (i guess) & even shares some directions for programmes involved in nature & conservation activities.Nature’s value associated with traditional worldviews: psychological validation of relational, intrinsic, and instrumental dimensions in Japan - ScienceDirecthttps://www.sciencedirect.com/science/article/pii/S2666622725000462#nature #science #HumansOfNature",2026-02-19 15:25:32.362000+00:00,0,2,0,33
science,"(3/4) ... moulins à vent de 31 m de haut -> surplus d'énergie produit par le moulin utilisé pour actionner une machine à broyer les pigments de #couleurs destinés à la peinture des navires, un laminoir à #plomb et un tour à métaux = moulin à draguer la vase (cf 1814) + #Lapeyrouse Membre de l'académie des Jeux Floraux à Toulouse (cf 1744 1808 1811 1818 1865) #science#year1806 #histoire #climat #politique",2026-02-19 15:24:08.574000+00:00,0,0,1,287
science,"☕🥐 Demain 9h, @robinisnard.bsky.social@bsky.brid.gy vous attend pour le #cafécroiscience sur #Twitch
🗞 Au programme, revue de presse et analyse d'articles de presse scientifique.

➡️ twitch.tv/toutsecomprend
#vulgarisation / #Science",2026-02-19 15:15:14.932000+00:00,1,1,0,13
science,Suite 1818 https://mastodon.social/@cobrate/114647756023087951(2/2) ...  va se passionner pour le milieu marin (cf 1832) #science + décès de Philippe-Isidore Picot de #Lapeyrouse (cf 1744).#year1818 #histoire #climat,2026-02-19 15:04:26.286000+00:00,0,1,0,287
science,https://www.wacoca.com/news/2772217/ ジャレコの名作RPGをリメイクした「ワイズマンズワールド リトライ」，PC/Xbox版を本日発売。モンスター辞典からの再戦機能などを追加 #:ワイズマンズワールドリトライ #PC:ワイズマンズワールドリトライ #Science&Technology #ScienceNews #TechnologyNews #WizmansWorld #XboxOne:ワイズマンズワールドリトライ #ジャンル:RPG #テーマ:ファンタジー #テクノロジー #プラットフォーム:PC #プラットフォーム:XboxOne #掲載日:2026/02/1919:58 #科学 #科学＆テクノロジー #編集部:maru #記事種別:ニュース,2026-02-19 15:04:08+00:00,0,0,0,278
science,"My name is Alexandra. I help build I Write Like, a text editor. Unless one is a tech giant, the chances of people discovering their creation are slim, regardless of how wonderful the creation is. I wanted to change that, so I came to Mastodon.I’m a writer. I share my short stories and poems, often illustrated with my own art and photography. I'm also interested in #science, #history, and #music.I’m fairly new here and still learning.#Writing #Art",2026-02-19 15:04:12.697000+00:00,4,10,0,58
science,Can Science Explain Everything?: https://www.amon-hen.com/science/35784 #Philosophy #Religion #Science #Skeptic #video,2026-02-19 15:01:05+00:00,0,2,1,44
science,Scientists reveal giant gravity anomaly under Antarctica is getting stronger. This can only mean one thing: The Great Old One awakens. Fhtagnhttps://www.sciencealert.com/giant-gravity-anomaly-under-antarctica-is-getting-stronger-scientists-reveal?utm_source=fark&utm_medium=website&utm_content=link&utm_campaign=fark&ICID=ref_fark#stem #science #geophysics #cool #Antarctica,2026-02-19 14:57:36+00:00,0,2,0,386
science,(9/9)-  atlas d’anatomie Anatomia humani corporis par le médecin hollandais Govard Bidloo et illustré par le dessinateur Gérard de Lairesse -> connaissance du corps humain #science#year1685 #histoire,2026-02-19 14:54:53.084000+00:00,0,0,0,287
science,This does not bode well for #NSF#Science#STEM#STEMedMusical-chairs leadership shakeup planned for science agencies | Science | AAAShttps://www.science.org/content/article/musical-chairs-leadership-shakeup-planned-science-agencies,2026-02-19 14:46:34+00:00,0,1,1,1002
science,"Hazardous substances found in all headphones tested by ToxFREE project
https://toast.ooo/post/12356110",2026-02-19 14:44:22.006000+00:00,0,1,1,0
science,"A reassessment of the “hard-steps” model for the evolution of intelligent life
https://toast.ooo/post/12356105",2026-02-19 14:41:51.371000+00:00,0,1,0,0
science,"Joy is very difficult to measure for animals: https://www.sciencenews.org/article/scientists-measure-animal-joy-emotionsWondering whether this holds true for us humans, too!?Well sure, you can just ask ""are you happy"", or more systematically doing a survey. Eventually though, we are merely good at measuring certain economical metrics or online engagement.#Science #Animals #MentalHealth #Happiness #Capitalism",2026-02-19 14:41:42.286000+00:00,0,2,0,167
science,"'Smiling' fossil discovered in Northumberland
https://toast.ooo/post/12356042",2026-02-19 14:37:11.048000+00:00,0,1,0,0
science,"Cosmography archivesPlanisphère des nébuleuses et amas d'étoiles observés par MessierCamille Flammarion, L'Astronomie (1917)https://ui.adsabs.harvard.edu/abs/1917LAstr..31..385F/abstract#Cosmology #Cosmography #Messier #CamilleFlammarion #Flammarion #nebulae #galaxies #nebula #Nebulæ #CosmographyArchives #science #astronomy #astrodon #MilkyWay #Galaxy #planisphère #science #history #Historyofscience #map #maps #heavens #chart #charts #cartography #Astronomie",2026-02-19 14:33:50.823000+00:00,6,4,0,1810
science,"The Sahara Desert Hasn’t Always Been a Dry, Desolate Landscape. Some Scientists See Signs It May Be Greening Again https://www.smithsonianmag.com/science-nature/sahara-desert-hasnt-always-been-dry-desolate-landscape-some-scientists-see-signs-greening-again-180988098/ #science",2026-02-19 14:31:08.401000+00:00,1,1,0,1589
science,"🌔📜 For thousands of years, a total solar #eclipse was seen as an omen that could topple kings or end wars.A look at #history shows how the #moon's shadow has done everything from stopping a six-year war in #Greece to providing the physical proof for the theory of relativity.👉 https://theconversation.com/for-thousands-of-years-solar-eclipses-have-been-associated-with-the-fate-of-rulers-275515#astronomy #science #space #education #einstein",2026-02-19 14:30:06+00:00,1,4,0,1033
science,"DATE: February 19, 2026 at 09:01AMSOURCE: GOODNEWSNETWORK.ORGTITLE: Mystery of Armenia’s Giant 6,000-Year-old ‘Dragon Stones’ is Finally SolvedURL: https://www.goodnewsnetwork.org/mystery-of-armenias-6000-year-old-dragon-stones-believed-solved/For the first time in the country’s history, a detailed analysis of Armenia’s “dragon stones” has been conducted with the hope of solving the mystery of these large Neolithic monuments. Raised between 4200 and 4000 BCE, in concert roughly with the megaliths of Stonehenge, Armenia’s vishaps, meaning dragons, weigh between 3 and 8 tons, and stretch […]The post Mystery of Armenia’s Giant 6,000-Year-old ‘Dragon Stones’ is Finally Solved appeared first on Good News Network.URL: https://www.goodnewsnetwork.org/mystery-of-armenias-6000-year-old-dragon-stones-believed-solved/-------------------------------------------------This robot is not affiliated with the goodnewsnetwork.org .#psychology #depression #goodnews #goodnewsthread #happy #happynews #SpreadJoy #PositiveVibes #CommunityLove #SpreadLight #goodnewnetworkorg #positivescience #science @goodnews",2026-02-19 14:29:07+00:00,0,0,0,362
science,Heute abend: MAPHEUS® – Forschung in Schwerelosigkeit für Mensch und ErdeVortrag mit Jens Hauslagehttps://c-base.org/calendar/#view=month&date=2026-02-19&event=8315782c-6148-464d-bdbe-139e718aae36#space #berlin #vortrag #science #weltraum #wissenschaft #biology #biologie #gravity #schwerkraft,2026-02-19 14:27:48+00:00,2,5,0,2627
science,No. The age of ouija-board-enabled scientific discovery is still underway.https://www.sciencenews.org/article/ai-enabled-science-discovery-insight#AI #science,2026-02-19 14:27:16+00:00,0,0,0,304
science,"#Science is fascinating!
#EMBL #CellBiology #Biophysics #MolecularBiology #ResearchSky #Microscopy #STEM #ScienceMattersShapes, signals, and boundarie...",2026-02-19 14:06:11.031000+00:00,0,2,0,33
science,"The Sahara Desert Hasn’t Always Been a Dry, Desolate Landscape. Some Scientists See Signs It May Be Greening Again
https://beehaw.org/post/24847319",2026-02-19 14:04:57.444000+00:00,0,2,0,1
science,Wood storks to be removed from federal Endangered Species ListBut the only native stork found in the U.S. is not out of the woods just yet.The post Wood storks to be removed from federal Endangered Species List appeared first on Popular Science.#science #popscihttps://www.popsci.com/environment/wood-storks-endangered/,2026-02-19 14:01:11+00:00,0,0,0,70
science,"ハッブル宇宙望遠鏡が捉えたユニコーン色の惑星。この正体は…？
https://web.brid.gy/r/https://www.gizmodo.jp/2026/02/jupiter-hubble-image-ultraviolet-space-planets-jpn-4fw.html",2026-02-19 14:00:00+00:00,0,1,0,17
science,"Wood storks to be removed from federal Endangered Species List
https://web.brid.gy/r/https://www.popsci.com/environment/wood-storks-endangered/",2026-02-19 14:00:00+00:00,0,5,0,4
science,"Apprendre si par bonheur de Becky Chambers
Dans la citation, nous avons pratiquement toute la pensée de Becky Chambers :« Nous n’avons rien trouvé que vous pourrez vendre. Nous n’avons rien trouvé d’utile. Nous n’avons trouvé aucune planète qu’on puisse coloniser facilement ou sans dilemme moral, si c’est un objectif important. Nous n’avons rien satisfait que la curiosité, rien gagné que du savoir.Pour moi, ce sont les plus nobles des buts. Les gens qui nous ont fait décoller pensaient la même chose. Mais, si vous êtes d’accord, comprenez-vous que nous risquons d’échouer ? Il faut bien comprendre le prix à payer, la réalité de nos vies. Parfois nous partons, nous nous échinons, nous souffrons et, malgré tout, nous n’apprenons rien. Nous sommes fragiles. Est-ce nous que vous voulez là-haut ? Préféreriez-vous des machines limitées mais prévisibles ? Ou bien la flexibilité de l’intelligence humaine vaut-elle de peut-être briser nos corps et nos esprits ? »Il y a dans cette citation d’Apprendre, si par bonheur quelque chose comme le cœur battant de la pensée de Becky Chambers : une profession de foi limpide, presque fragile, portée par la conviction que la connaissance, même dénuée d’utilité immédiate, demeure l’un des plus nobles accomplissements humains.Ces mots rappellent que l’exploration n’est ni conquête ni promesse de richesse ; elle est un pari risqué sur notre propre vulnérabilité. Nous partons, dit-elle, sans certitude de trouver quoi que ce soit, sinon peut être la possibilité d’apprendre.En lisant ces lignes, une clarté douce m’a traversé, comme une lampe qui s’allume dans une pièce longtemps restée familière mais sombre. Je me suis souvenu de mes premières traversées de la science‑fiction : La Faune de l’espace d’A. E. Van Vogt, découvert au début des années 70, mes lectures passionnées d’Asimov, puis cette révélation absolue qu’a été Dune.La différence majeure avec ces lectures fondatrices réside dans l’ultra‑modernité de Becky Chambers. Elle avance dans le voyage spatial non pas comme une suite d’épreuves successives, mais comme une exploration profondément philosophique. Elle interroge ce que signifie observer sans intervenir, comprendre sans transformer, et défend cette règle absolue même si elle ne « sert à rien », parce que tout le reste en dépend.Becky Chambers est à mes yeux l’une des grandes maîtresses de la science‑fiction contemporaine, et j’ai hâte de lire ses prochains romans.HaïkuL’espace se déploie,silence au bord des étoiles,un souffle apprend.TankaVoyage sans conquête,juste apprendre et s’émerveiller.La coque vibre lentement.Dans l’ombre des nébuleuses,naît la fragile conscience.Trois autres haïkusLivre entre les mains,la nuit tourne les pages,une âme s’ouvre.Pas un bruit dehors,mais au cœur du vaisseau clairdes mondes s’éveillent.Observer le vide,sans jamais le déranger,respect en apesanteur.
#Philosophie #Roman #Science",2026-02-19 13:52:22+00:00,0,1,0,8
science,"Interesting interview with Gary Tabor, whose “career marks a shift in conservation from protecting isolated “island” parks to designing vast, interconnected ecological networks.”He also advises:- scientists to be more patient with political compromise processes, as “Ideas don’t spread themselves”- activists…to just be nicer to one and other I guess (and avoid toxic work spaces)https://news.mongabay.com/2026/02/a-hundred-year-vision-gary-tabor-on-the-rise-of-large-landscape-conservation/#Conservation #Ecology #Biodiversity #Wildlife #Science #NGO #Activism #Environment",2026-02-19 13:49:16+00:00,0,5,0,651
science,Americans Report Far More Long COVID Brain Fog Than the Rest of the World https://scitechdaily.com/americans-report-far-more-long-covid-brain-fog-than-the-rest-of-the-world/ #science,2026-02-19 13:49:13.227000+00:00,1,1,0,1589
science,"Terminhinweis: KI trifft Hirnforschung! 🧠🤖Gleich um 15:00 Uhr startet „Wissenschaft online“. Dr. Christian Schiffer (INM-1) erklärt, wie wir mit #KI zehntausende Mikroskopaufnahmen auswerten, um das menschliche Gehirn in 3D zu kartieren.Es geht um methodische Herausforderungen und die Zukunft des #BrainMapping.📅 Heute, 19.02.2026🕒 15:00 – 16:00 Uhr💻 Einwahl via MS Teams: https://www.fz-juelich.de/de/ueber-uns/kontakt/besuch/wissenschaft-online/alle-termine-wissenschaft-online/wo_christian_schiffer_inm-1#Wissenschaft #KI #Neuroscience #ForschungszentrumJülich #Science #DeepLearning #Medizin",2026-02-19 13:44:09+00:00,0,5,1,1476
science,"@iwritelike mostly what other folks are saying, check hashtags to find people and follow hashtags you really like. For example, I don't follow #science as it would overwhelm my feed but I check it regularly and follow #astronomy and #Astrodon since I like that niche. Good luck!",2026-02-19 13:40:46.149000+00:00,2,1,1,564
science,"“As of February 2026, approximately 14,000 active satellites are in orbit. An additional 1.23 million proposed satellite projects are in various stages of development.”“At this scale of growth, the night sky will change permanently and globally for generations to come.”This is absolutely insane. #NightSky #LightPollution #Science #Astronomy #Satelliteshttps://theconversation.com/too-many-satellites-earths-orbit-is-on-track-for-a-catastrophe-but-we-can-stop-it-275430",2026-02-19 13:36:35+00:00,0,6,1,1284
science,Was symbolisiert 🌱 #Cannabis für euch 🔠 ❓ 😀 🙏 #Hoffnungsgeschichten 🤗 https://mastodon.social/@Karl_Theodor/116063474175941336#Hanf #hemp #Solutions #humankind #bekind #future #Zukunft #KinderundEnkel #Energiewende #nachwachsendeRohstoffe #Kreislaufwirtschaft #Wertschöpfung #regional #Wirtschaftsfaktor #Arbeitspätze #Gesundheit #Medizin #Produkte #Lieferketten #Solidarität #Germany #Europe #USA #Hanfwissen #politics #science #kultur #kunst #art #SPD #CSU #CDU #DIELINKE #Grune #Deutschland #Fridaysforfuture #Energiewende,2026-02-19 13:36:35.374000+00:00,1,4,0,955
science,Research: Musical-chairs leadership shakeup planned for science agencieshttps://www.science.org/content/article/musical-chairs-leadership-shakeup-planned-science-agenciesInteresting times.#Science #Research,2026-02-19 13:27:18.977000+00:00,0,2,0,2
science,"@ancientorigins Spoiler: It's completely NATURAL.Sandstone just does that all on its own.If you still have any weird-woowoo-von-Däniken-esque doubts about this then visit Orkney where you'll see this stuff ALL OVER PLACE, much of it no longer underwater so you can actually look at it up close and touch it.It's just what rocks do.#geology #woowoo #Japan #Orkney #science #archaeology #NotArchaeology :-)",2026-02-19 13:16:53.474000+00:00,0,0,0,591
science,"☕️ A 9h🇨🇦 (15h🇫🇷), @sciencesalacarte.bsky.social@bsky.brid.gy vous réveille (de la nuit ou de la sieste) en science dans #JournalClub

➡️ twitch.tv/sciencesalacarte
#vulgarisation #twitch #science",2026-02-19 13:15:50.037000+00:00,1,1,0,13
science,"Tired of Dystopian Sci-Fi? You Might Like Solarpunk.

I was doomscrolling again. It was a fall evening in 2023, and I found myself sucked into a stream of posts about our collapsing climate: droughts causing billions in Dust Bowl–style crop damage, Florida’s worst-ever coral bleaching, a record melt in Greenland. To distract myself, I picked up The Lost Cause, the latest sci-fi novel from […]

https://murica.website/2026/02/tired-of-dystopian-sci-fi-you-might-like-solarpunk/",2026-02-19 12:30:00+00:00,0,2,0,88
science,"金星の地下は“穴だらけ”？ 溶岩洞窟の存在が初確認
https://web.brid.gy/r/https://www.gizmodo.jp/2026/02/scientists-found-a-massive-lava-tube-hiding-beneath-the-surface-of-venus.html",2026-02-19 13:00:00+00:00,1,1,0,17
science,"‘We’re no longer attracting top talent’: the brain drain killing American science
https://beehaw.org/post/24846689",2026-02-19 12:48:37.784000+00:00,1,3,2,1
science,#DIEZEIT das #SystemEpstein #Podcast #BilderderWoche - ein #Ministerpräsident in #Bayern hat die wichtigsten Themen der #Weltpolitk im Griff. #Soder #Karrikatur der #SüddeutschenZeitung #Verdrängung #Vertuschung #Ablenkung #SystemProhibition #Cannabis #Hanf #hemp #politics #science #Weltgeschehen #Faschismus #Rassismus #Eugenik #Ableismus #Krieg #Erpressung #Vergewaltigung #Bedrohung #Zensur #Waffengewalt #Genozid #Vergiftung #Überwachung #Manipulation #SPD #CSU #CDU #DIELINKE #noAfD #BSW,2026-02-19 12:48:06.953000+00:00,1,1,1,955
science,"Bacteria Frozen For 5,000 Years Could Fight Superbugs, But There's a Catch. Via @sciencealert #Science 🔭🔬🧪🥼🧑‍🔬Bacteria Frozen For 5,000 Year...",2026-02-19 12:40:04.101000+00:00,0,1,0,79
science,"@LianaBrooks Yes, main one, hardly use anything else. Works great, but my #science community largely moved here at about the same time, so for me it wasn't much of a difference to Twitter, where we all came from, back in the day.",2026-02-19 12:35:19.362000+00:00,0,0,0,4261
science,"DATE: February 19, 2026 at 07:00AMSOURCE: GOODNEWSNETWORK.ORGTITLE: Thrift Shop Buried Under ‘Rags’ Gets Helping Hand from Designer Who Wants to Reduce Landfill WasteURL: https://www.goodnewsnetwork.org/thrift-shop-buried-under-rags-gets-helping-hand-from-designer-who-wants-to-reduce-landfill-waste/An English thrift shop that found itself buried under mountains of old donated clothes has gotten a helping hand from a talented designer. Recent fashion and design graduate Victoria Ford approached the shop and offered to transform some of its unwanted rags into bespoke pieces for sale at premium prices. The thrift shop proceeds benefit […]The post Thrift Shop Buried Under ‘Rags’ Gets Helping Hand from Designer Who Wants to Reduce Landfill Waste appeared first on Good News Network.URL: https://www.goodnewsnetwork.org/thrift-shop-buried-under-rags-gets-helping-hand-from-designer-who-wants-to-reduce-landfill-waste/-------------------------------------------------This robot is not affiliated with the goodnewsnetwork.org .#psychology #depression #goodnews #goodnewsthread #happy #happynews #SpreadJoy #PositiveVibes #CommunityLove #SpreadLight #goodnewnetworkorg #positivescience #science @goodnews",2026-02-19 12:34:41+00:00,1,3,0,362
science,"Turning on the ‘for you’ feed on X shifted political opinions, but turning it off did not
https://lemmy.world/post/43325916",2026-02-19 12:30:36.245000+00:00,0,2,1,0
science,"Wasserhaltiger Natrium-Ionen-Akku könnte Lithium-Alternative werden
https://fed.brid.gy/r/https://futurezone.at/science/wasserhaltiger-natrium-ionen-akku-lithium-alternative-trinkwasser/403132814",2026-02-19 10:57:42+00:00,0,1,0,17
science,"Hazardous substances found in all headphones tested by ToxFREE project
https://lemmy.ml/post/43391274",2026-02-19 12:24:27.261000+00:00,0,3,3,19
science,‘We’re no longer attracting top talent’: the brain drain killing American science https://www.theguardian.com/us-news/2026/feb/19/trump-science-funding-cuts #UsNews #Science #Medicine #TrumpAdministration #DonaldTrump #UsPolitics #Research #ResearchFunding,2026-02-19 12:14:18+00:00,0,4,0,549
science,"What came first in the origin of life on Earth? A cell? A genetic code? Over the past decade, beliefs have changed, and many now favor a metabolism-first scenario. Here's whyhttps://bigthink.com/starts-with-a-bang/metabolism-begun-life-earth/?utm_source=fark&utm_medium=website&utm_content=link&utm_campaign=fark&ICID=ref_fark#stem #science #evolution #biology #awkward",2026-02-19 11:56:18+00:00,0,2,0,386
science,"The hard steps theory suggests human-level intelligence is a cosmic rarity, requiring improbable evolutionary leaps that may have occurred only once on Earth. However, some transitions may appear singular due to lost evidence or a priority effect, where the first successful group blocks competitors. While intelligence might still be uncommon, reasons could range from self-annihilation of civilizations to simple lack of interest in space exploration.https://www.science.org/doi/10.1126/sciadv.ads5698#tab-contributors#science #space",2026-02-19 11:54:02+00:00,0,4,0,5563
science,"A reassessment of the “hard-steps” model for the evolution of intelligent life
https://lemmy.ml/post/43389864",2026-02-19 11:52:01.700000+00:00,0,2,0,56
science,"Scientists have revived microscopic worms frozen in Siberian permafrost for roughly 46,000 years, revealing how life can survive extreme cold through cryptobiosis.#science #worms #cryptobiosis #permafrosthttps://www.seti.org/news/life-after-ice/",2026-02-19 11:45:18+00:00,0,1,0,18
science,Deep-Sea Microbes Reveal How Complex Life Began https://scitechdaily.com/deep-sea-microbes-reveal-how-complex-life-began/ #science,2026-02-19 11:42:08.871000+00:00,0,0,0,1589
science,It's almost like publishers don't know the Spice of Life when they see it 😜😂 @bookstodon @books @worldbuilding @humor@fedigroups.social @humor@fedigroups.social @humor@lemmy.world @aiop#Dune#SpeculativeFiction #FantasyBooks#FantasyMemes #SciFiMemes #Fantasy #SciFi #Meme #Memes #Humor #Humour #Funny#Low #High #Epic #Science #Opera #Hard #CottageCore #SolarPunk #Comedic #Whatever #GiveMeAllYouveGot#Book #Books #Novel #Novels #Bookstodon #Bookworm #Bookwyrm #BookLove,2026-02-19 11:40:25+00:00,29,16,1,1272
science,"Like Humans, Baboons Get Jealous of Their Siblings https://www.smithsonianmag.com/smart-news/like-humans-baboons-get-jealous-of-their-siblings-180988207/ #science",2026-02-19 11:37:15.307000+00:00,0,0,0,1589
science,🧬🚀 C’est parti pour le #ParisSaclaySummit #ChooseScience !@publicsenat partenaire de cet événement organisé par @LePointEvents📍 CentraleSupélec | 📅 18-19 févrierLa #science en partage : 🎤 130 intervenants 🔬 80 conférences,2026-02-19 11:28:03+00:00,0,0,0,71
science,D-Wave Quantum is targeting real revenue after acquiring Quantum Circuits and securing new QCaaS (quantum-computing-as-a-service) contracts. The moves are part of its push to commercialize and deliver practical quantum solutions.#Quantum #QuantumComputing #technology #Science 🔗 Discover more: https://finance.yahoo.com/news/d-wave-quantum-targets-real-220733004.html#:~:text=D%2DWave%20Quantum%20Targets%20Real%20Revenue%20With%20Quantum%20Circuits%20Deal%20And%20QCaaS%20Contract,2026-02-19 11:26:25+00:00,0,1,0,145
science,"Absolutely fantastic interview of prof.  Dr. Hannah Fry by New Scientist on what AI can and cannot do, and what pitfalls we should be very aware about. A great view on AI, its place in and its effects on society. #AI #science https://www.youtube.com/watch?v=iitq4Zrphdk",2026-02-19 11:10:33+00:00,7,2,1,990
science,I wasn’t elected to the council this year.And that’s OK.Because this is bigger than one vote. Radon is a major public health issue and we need committed scientific voices in decision-making spaces. I’ll put my name forward again next year.Proud to be part of such a strong research community.https://youtu.be/3V8VbjWavkQ #Science #RadonAwareness #Leadership #PublicHealth #KeepMoving,2026-02-19 11:09:00.977000+00:00,1,3,0,33
science,"🔬This chunk of glass could store two million books for 10,000 yearshttps://www.nature.com/articles/d41586-026-00534-8#Science #Research",2026-02-19 11:02:46.435000+00:00,0,2,0,2
science,Interesting research: Small nuclear reactors move forward: Will Maryland catch up?https://techxplore.com/news/2026-02-small-nuclear-reactors-maryland.html#Science #Research,2026-02-19 11:02:00.641000+00:00,0,2,0,2
science,"Scientific American February 17, 2026The truth about #polyamoryAn anthropologist’s detailed research shows polyamorists focus on intimacy and honesty, not sleeping aroundBy Rebecca J. Lester edited by Josh Fischman #anthropology #science https://www.scientificamerican.com/article/polyamory-isnt-all-about-sex/",2026-02-19 10:59:11+00:00,0,4,0,383
science,"'Smiling' fossil discovered in Northumberland
https://lemmy.ml/post/43388555",2026-02-19 10:55:26.012000+00:00,1,2,6,56
science,"I have been following the sodium battery #science for about a year now. It's becoming more and more practical. I first heard of it coming out of #chinaDesalination, too, is a big deal.https://www.sciencedaily.com/releases/2026/02/260218031603.htm#battery #renewableenergy #science",2026-02-19 10:46:05.864000+00:00,1,4,0,345
science,"Solving mysteries with mossNew paper examines the history of using moss as evidence in forensic cases.Tiny plants, like moss, are easy to overlook. They’re often as small as an eyelash, and they tend to grow on the ground in dark, wet places. But these small plants sometimes turn out to be big clues in forensic cases. https://globalplantcouncil.org/solving-mysteries-with-moss/ via Field Museum #PlantScience #Science",2026-02-19 10:41:25.879000+00:00,1,0,0,277
science,USBサウンドデバイス「Sound BlasterX G6」にUSB Type-C対応の新モデルが登場 https://www.yayafa.com/2727818/ #HARDWARE:SoundBlaster #SCIENCE #Science&Technology #SoundBlasterZ #SoundBlasterZx #SoundBlasterZxR #SoundBlasterX #SoundBlaster #Technology #ジャンル:サウンド #テーマ:USBサウンドデバイス・サウンドカード #テクノロジー #プラットフォーム:HARDWARE #掲載日:2026/02/1919:23 #科学 #科学＆テクノロジー #編集部:千葉大輔 #記事種別:ニュース,2026-02-19 10:41:11+00:00,0,0,0,90
science,Majorana qubits decoded in quantum computing breakthrough. Via @sciencedaily_official #Science #Physics #QuantumPhysics #QuantumMechanics 🔭🔬🧪🥼🧑‍🔬 #ComputerSciences #QuantumComputersMajorana qubits decoded in qua...,2026-02-19 10:20:03.545000+00:00,1,2,0,79
science,STAT+: NIH Director Bhattacharya to lead CDC after O’Neill’s exit https://www.statnews.com/2026/02/18/cdc-acting-director-jay-bhattacharya/?utm_campaign=rss #science,2026-02-19 10:06:14.456000+00:00,0,0,0,1589
science,https://www.wacoca.com/news/2772032/ ＜News＞2026年2月17日『バーチャルボーイ Nintendo Classics』にて『レッドアラーム』『T&E ヴァーチャルゴルフ』『3D Tetris』を配信開始 #Science&Technology #ScienceNews #TechnologyNews #テクノロジー #科学 #科学＆テクノロジー,2026-02-19 10:04:07+00:00,0,0,0,278
science,🤖 Elon Musk’s xAI Gets $3 Billion Investment From Saudi-Backed A.I. FirmCrown Prince Mohammed bin Salman with Elon Musk at a Saudi Arabia Investment forum at the Kennedy Center in Washington last year.🔗 Source: NYT Technology#Technology #Science #Innovation #AI,2026-02-19 09:59:32.451000+00:00,0,0,0,8
science,"Percy's latest finding, captured on the day of her fifth landiversary with her SHERLOC WATSON camera 🔍#Mars Feb. 18, 2026 - Sol 1777Credit: NASA/JPL-Caltech #Perseverance #NorthernRimCampaign #LacDeCharmes #rover #Sol1777 #PerseveranceRover #science #news #geology #astrodon #photography",2026-02-19 09:59:28.824000+00:00,6,6,1,1810
science,[Ornithomedia] Vincent Primault et Carmen Munoz-Pastor (association Carduelis) nous en disent plus sur la découverte récente ... Lien : https://www.ornithomedia.com/magazine/interviews/vincent-primault-et-carmen-munoz-pastor-association-carduelis-nous-en-disent-plus-sur-la-decouverte-recente-de-la-nidification-de-la-chevechette-deurope-dans-la-creuse/#ornithomedia #biodiversité #science #ornithologie #actualité,2026-02-19 09:56:02+00:00,0,0,0,301
science,"Apparently someone trained an AI on Leonard Susskind's voice and made a whole YouTube channel with video lectures by him: https://www.youtube.com/@TheUniverseAccordingtoSusskindOf course with ads and everything. If I'm not mistaking Susskind has nothing to do with this initiative. I'm kind of confused, because I do find the content nice, but it feels like Susskind is being exploited.#susskind #youtube #physics #science #slop",2026-02-19 09:53:42+00:00,1,4,1,38
science,Martha Graham Took Classic Ballet and Turned It Into Modern Dance. It’s Still Moving Us 100 Years Later https://www.smithsonianmag.com/arts-culture/martha-graham-took-classic-ballet-turned-into-modern-dance-still-moving-100-years-later-180988097/ #science,2026-02-19 09:47:10.126000+00:00,0,0,0,1589
science,"#mastodon notre laboratoire CNRS de recherche en écologie, situé à Villiers-en-Bois, recherche un(e) candidat(e) pour le poste décrit ici :https://emploi.cnrs.fr/Offres/CDD/UMR7372-PASPEY-002/Default.aspx C'est un poste niveau AI, BAP JAttention, cette annonce a été passée pour un CDD  ""en attendant"" mais, suite à  un message de notre institut, nous cherchons de toute urgence à identifier un(e) candidat(e) CNRS. On parle donc bien de mobilité INTERNE (NOEMI).#cnrs #emploi #recherche #écologie #ecologie #gestion #science #cebc",2026-02-19 09:35:10+00:00,0,4,0,201
science,Major Review on Intermittent Fasting Finds Little Evidence For Weight Loss https://www.sciencealert.com/major-review-on-intermittent-fasting-finds-little-evidence-for-weight-loss #science,2026-02-19 09:16:09.008000+00:00,0,1,0,1589
science,"Mind blowing 💥  experiment to show the principle of an electroscope, with high tech material.Home recorded experiment, under safe conditions, of what I am also going to present in the class.#electromagnetism #physics #science",2026-02-19 09:14:46.208000+00:00,4,3,0,1681
science,"New map reveals where lethal scorpions are most likely to strikeScientists have developed a powerful new way to forecast where some of the world’s most dangerous scorpions are likely to be found. By combining fieldwork in Africa with advanced computer modeling, the team discovered that soil type is the strongest factor shaping where many lethal species live, while temperature patterns also play a key role.https://www.sciencedaily.com/releases/2026/02/260218044628.htm #science",2026-02-19 08:55:12.708000+00:00,0,0,0,1589
science,ブラックホールと暗黒物質が引き起こす宇宙の嵐 | 宇宙科学研究所 https://www.yayafa.com/2727725/ #SCIENCE #Science&Technology #Technology #テクノロジー #科学 #科学＆テクノロジー,2026-02-19 08:48:34+00:00,0,0,0,90
science,"Cela fait bien longtemps que je n’ai plus la télé. Mais à l’occasion d’un récent séjour à l’hôtel, je n’ai pas résisté à la tentation de l’allumer – appelons ça de la curiosité morbide. Je n’ai pas été déçu ! Je suis tombé sur un épisode consacré aux volcans de la série RMC Découverte « Les 10 catastrophes qui ont marqué la planète » : https://www.rmcbfmplay.com/video/rmc-decouverte/les-10-catastrophes-qui-ont-marque-la-planete/s1e3-volcans?contentId=Product::NEUF_RMCDEC_RMC853903798527&universe=PROVIDERJ’en étais encore au numéro 10 que j’avais déjà oscillé plusieurs fois entre rage et consternation. Voici donc un fil pour démystifier cette abomination. C’est long, je vais couper en deux pour préserver votre santé mentale.1/51#médias #reportage #documentaire #télévision #vulgarisation #science",2026-02-19 08:47:20+00:00,1,5,1,602
science,"DATE: February 19, 2026 at 03:00AMSOURCE: GOODNEWSNETWORK.ORGTITLE: Good News in History, February 19URL: https://www.goodnewsnetwork.org/events070219/40 years ago today, the Soviet Union launched the space station Mir, and with it, a new phase in space exploration. Mir, which means both peace and world in Russian, would provide the home base for a permanently manned international complex orbiting the Earth– and was occupied for 10 years of its 15 in orbit. READ […]The post Good News in History, February 19 appeared first on Good News Network.URL: https://www.goodnewsnetwork.org/events070219/-------------------------------------------------This robot is not affiliated with the goodnewsnetwork.org .#psychology #depression #goodnews #goodnewsthread #happy #happynews #SpreadJoy #PositiveVibes #CommunityLove #SpreadLight #goodnewnetworkorg #positivescience #science @goodnews",2026-02-19 08:29:41+00:00,0,0,0,362
science,"Researchers at UNSW Sydney and ANU found that people are overly confident in their ability to detect AI-generated faces. Despite advances making AI faces indistinguishable from real ones, many believe they can spot them easily. This overconfidence could leave individuals and organizations exposed to scams. After all, if you're too sure you can tell the difference, you might not bother double-checking that suspicious photo. 😒#Science #Researchhttps://doi.org/10.1111/bjop.70063",2026-02-19 08:23:48.919000+00:00,0,2,0,3
science,Correction to a retraction highlights tortured phrases have been around longer than LLMs https://retractionwatch.com/2026/02/18/correction-retraction-tortured-phrases-llm-text-spinners/ #Science #ScienceCommunications,2026-02-19 07:57:09.872000+00:00,0,0,0,1589
science,"Join us for the latest lecture of ""Wissenschaft für Alle""! What is the #HubbleConstant and how is it determined? Find out with Andreas Flörs (GSI/FAIR) 🌌German only.Online or on site as usual: Wednesday, 25 February 2026, 2 PMOnline event: https://gsi-fair.zoom.us/j/98465545116#successMeeting-Code: wfaOn site registration: https://indico.gsi.de/event/23430/registrations/7199/Location: GSI/FAIR #Darmstadt© NASA, ESA, CSA, STScI#lecture #science #WissenschaftfürAlle #WfA #particleaccelerator #space",2026-02-19 07:49:15+00:00,0,2,0,47
science,Immune Cells Do Something Unexpected to Stop This Brain Parasite From Spreading https://www.sciencealert.com/immune-cells-do-something-unexpected-to-stop-this-brain-parasite-from-spreading #science,2026-02-19 07:46:13.221000+00:00,2,0,0,1589
science,#science #technology #space A satellite imagery has been released showing the solar eclipse passing a remote region of Antartica. The imagery was captured by a number of satellites including a weather satellite belonging to South Korea. A different one captured the eclipse from another angle and the images can be viewed here. https://www.space.com/stargazing/solar-eclipses/see-the-moons-shadow-darken-antarctica-in-epic-satellite-imagery-of-the-feb-17-solar-eclipse-video,2026-02-19 07:44:03+00:00,0,2,0,83
science,"Celebrating America’s 250th Birthday? Here Are Six Reasons Why Washington, D.C. Is the Best Place to Experience It https://www.smithsonianmag.com/sponsored/celebrating-americas-250th-birthday-here-are-six-reasons-why-washington-dc-is-the-best-place-to-experience-it-180988124/ #science",2026-02-19 07:43:13.946000+00:00,0,0,0,1589
science,"Giant Gravity Anomaly Under Antarctica Is Getting Stronger, Scientists Reveal https://www.sciencealert.com/giant-gravity-anomaly-under-antarctica-is-getting-stronger-scientists-reveal #science",2026-02-19 07:39:13.671000+00:00,2,0,0,1589
science,Mendelevium is a synthetic metallic element with the symbol Md and atomic number 101. 10 facts about it.https://topicaltens.blogspot.com/2026/02/19-february-mendelevium.html#Science #Elements #Mendelevium,2026-02-19 07:38:09.791000+00:00,0,1,0,276
science,Retour en images sur la conférence de Denis Allemand : Biodiversité marine et santé humaine - février 2026 à Cagnes-sur-Mer #sciencepourtous06 #science #biologie,2026-02-19 07:31:10+00:00,0,1,0,13
science,"Consciousness could last hours after ‘death’
https://lemmy.world/post/43318111",2026-02-19 07:28:30.545000+00:00,0,3,11,0
science,"Er zijn nog een paar (twee à drie) plekken vrij bij onze workshop Scientific Storytelling. Meld je aan voor het te laat is.* Workshop Scientific Storytelling *Vrijdag 13 maart 2026, Mariaplaats 7, Utrecht13.30 – 17.00 uur (deur open vanaf 13.00 uur)€ 250 exclusief btwMeer info en aanmelden via onze website:https://www.scientificstorytelling.nl/open-workshop #storytelling #science #technologie #verhalen #scicomm",2026-02-19 07:16:50+00:00,1,3,0,217
science,"Well, he might be shilling for nuclear, but I think it's safe to say that Kyle Hill is NOT on board with space data centers, or AI, or billionaires... https://youtu.be/-w6G7VEwNq0#AI #tech #science",2026-02-19 07:03:15+00:00,0,1,0,1323
science,https://altrenotizie.org/usa-e-iran-diplomazia-armata/#democracy #government #technology #science #socialmedia,2026-02-19 07:00:23.787000+00:00,0,3,0,23
science,"Science Week, day 7!https://stevebarnes.org/blog/1771483960/#ScienceWeek #Science",2026-02-19 06:53:46.365000+00:00,1,1,0,172
science,"When Coyotes Threatened Livestock on Central Texas Ranches, the Solution Was to Unlock an Ancient Ability in Dogs https://www.smithsonianmag.com/science-nature/when-coyotes-threatened-livestock-central-texas-ranches-solution-unlock-ancient-ability-dogs-180988099/ #science",2026-02-19 06:53:12.106000+00:00,0,0,0,1589
science,"Google India (@GoogleIndia)AI가 문제 해결 속도 향상뿐 아니라 과학적 발견과 확장성에서 새로운 가능성을 연다고 언급하며, 기존의 AI for Science 펀드를 기반으로 전 세계를 대상으로 한 신규 3천만 달러 규모의 글로벌 펀드를 출범한다고 발표했습니다. 과학 연구 지원을 위한 AI 자금 조성 확대 소식입니다.https://x.com/GoogleIndia/status/2024119878656069723#ai #science #funding #research #aiforscience",2026-02-19 06:49:27+00:00,0,0,0,15
science,Deer Create Mysterious Ultraviolet Signals That Glow in Forests https://www.sciencealert.com/deer-create-mysterious-ultraviolet-signals-that-glow-in-forests #science,2026-02-19 06:31:17.591000+00:00,5,4,1,1589
science,"The egg came first because Evolution happens mainly between generations, not within them. Sometimes the best answers to ancient riddles come from science.

More at suchanek.name/texts/atheis...
#science #philosophy #evolution",2026-02-19 06:14:41.040000+00:00,1,0,0,8
science,"The egg came first because evolution happens mainly between generations, not within them. Sometimes the best answers to ancient riddles come from science.More at https://suchanek.name/texts/atheism/ChapterUniverse.html#BetterSpec#science #philosophy #evolution",2026-02-19 06:14:44.023000+00:00,2,2,0,34
science,"Microsoft's new 10,000-year data storage medium: glass https://arstechnica.com/science/2026/02/microsofts-new-10000-year-data-storage-medium-glass/ #science",2026-02-19 05:50:16.009000+00:00,0,1,0,1589
science,🎮 Bilgi yarışması sever misin? QuizWhiz'de 10 kategoride 23.000+ soru var!Tek başına veya arkadaşlarınla oyna.Ücretsiz indir: https://play.google.com/store/apps/details?id=com.macukadam.QuizWhiz#QuizWhiz #science #Tasavvuf #TıpTarihi #Akşemseddin,2026-02-19 05:32:48.450000+00:00,0,0,0,4
science,"Vinay Prasad: The One Man Roadblocking An mRNA Flu Vaccine
https://fed.brid.gy/r/https://www.techdirt.com/2026/02/18/vinay-prasad-the-one-man-roadblocking-an-mrna-flu-vaccine/",2026-02-19 04:01:45+00:00,0,1,0,433
science,"Why Do Humans Have Chins? They Might Be an Evolutionary Accident, New Research Suggests https://www.smithsonianmag.com/smart-news/why-do-humans-have-chins-they-might-be-an-evolutionary-accident-new-research-suggests-180988205/ #science",2026-02-19 04:51:08.211000+00:00,0,0,1,1589
science,https://www.wacoca.com/news/2771837/ ついにAppleがmacOS 26.4でMacBookのバッテリー充電制限を追加|au Webポータル経済・ITニュース #AuWebポータル #IT #NEWS #Science&Technology #ScienceNews #TechnologyNews #テクノロジー #ニュース #事件 #事故 #写真 #新聞 #科学 #科学＆テクノロジー #経済・IT #記事,2026-02-19 04:42:04+00:00,0,0,0,278
science,"A huge Solar Storm / Coronal Mass Ejections (CMEs) with massive EM waves may disrupt most electricity grids, servers, electronic equipment, & gadgets, crippling our digital world & economy.What preparations and plans do we have to prepare for this catastrophic event in the future?#science #physics #astronomy #research #scicomm #Astrodon #OpenScience #AskFedi #Question #Solar",2026-02-19 04:41:01.638000+00:00,4,7,1,29
science,"https://www.abc.net.au/news/2026-02-19/climate-disinformation-senate-committee-dr-karl-atlas-network/106350002#AtlasNetwork #auspol #science #ai #politics Climate concerns, Atlas exposure, and good science. “The scourge of AI-slopaganda, viral disinformation campaigns and online attacks against individuals & institutions is going to get far worse before it gets better.”",2026-02-19 04:38:35+00:00,3,2,0,245
science,ついにAppleがmacOS 26.4でMacBookのバッテリー充電制限を追加|au Webポータル経済・ITニュース https://www.yayafa.com/2727574/ #AuWebポータル #IT #News #SCIENCE #Science&Technology #Technology #テクノロジー #ニュース #事件 #事故 #写真 #新聞 #科学 #科学＆テクノロジー #経済・IT #記事,2026-02-19 04:36:08+00:00,0,0,0,90
science,Scientists Discover a Hidden Mechanism That Controls the Brain’s Chemical Signals https://scitechdaily.com/scientists-discover-a-hidden-mechanism-that-controls-the-brains-chemical-signals/ #science,2026-02-19 04:36:07.861000+00:00,0,0,0,1589
science,Did Life Begin in the Cold? New Experiments Point to an Icy Origin https://scitechdaily.com/did-life-begin-in-the-cold-new-experiments-point-to-an-icy-origin/ #science,2026-02-19 04:31:17.670000+00:00,0,0,0,1589
science,https://www.walknews.com/1210886/ 『あつまれ どうぶつの森』Ver.3.0無料アップデートの新要素をまるっと解説した20ページ大特集&特大ポスター付き！　『電撃Nintendo 2026年4月号』は本日2月19日発売！ | 商品・サービストピックス #IRニュース #Science #Science&Technology #Technology #サービス #テクノロジー #トピックス #ニュースリリース #プレスリリース #商品 #科学 #科学＆テクノロジー,2026-02-19 04:27:44+00:00,0,0,0,193
science,Carlhttps://youtube.com/shorts/tU38ljwXpSs?si=vBHS6vT56ITIDo3s#earth #world #global #america #hope #carlsagan #science #love #humanity #future #thefuture,2026-02-19 04:27:21+00:00,0,1,0,1349
science,"The spines and globes make the insect incredibly difficult and painful for a predator (like a bird) to swallow. They’re mimics from a distance, the head structure looks like a parasitic fungus growing out of an insect, makes it look diseased and unappetizing. #weird #biology #science #wildlife #animals #insects",2026-02-19 04:25:32+00:00,0,4,0,580
science,"Ancient Blocks From the Lighthouse of Alexandria Raised from the Sea to Better Understand Their Wondrous Construction
https://fed.brid.gy/r/https://www.goodnewsnetwork.org/ancient-blocks-of-the-lighthouse-of-alexandria-raised-from-the-sea-to-inform-digitization-of-the-wonder/",2026-02-18 19:30:47+00:00,0,3,0,181
science,A spinning gyroscope could finally unlock ocean wave energy  https://www.sciencedaily.com/releases/2026/02/260218031554.htm#RenewableEnergy #Science,2026-02-19 04:13:48.240000+00:00,0,0,0,489
science,Antarctica’s ‘Gravity Hole’ Has Been Quietly Growing Strongerhttps://gizmodo.com/antarcticas-gravity-hole-has-been-quietly-growing-stronger-2000722955#science #earthscience #gravity #antarctica,2026-02-19 04:08:49+00:00,1,2,0,252
science,"🤳 Switching to the 'For You' algorithmic feed may shift a user's political views toward conservatism, according to a 2023 experiment with nearly 5,000 users in the US✨Follow the link in for more information on this story✨https://www.scimex.org/newsfeed/the-algorithmic-feed-on-x-could-be-shifting-political-views-toward-conservatism#science #sciencenews #research #stem #facts #knowledge #sciencefacts #twitter",2026-02-19 04:04:47+00:00,0,3,0,212
science,What’s Causing Antarctica’s Strange “Gravity Hole”? Scientists Finally Solve the Mystery https://scitechdaily.com/whats-causing-antarcticas-strange-gravity-hole-scientists-finally-solve-the-mystery/ #science,2026-02-19 04:00:16.893000+00:00,1,0,0,1589
science,Police Recover Ancient Egyptian Artifacts the Day After a Heist at a Museum in Australia https://www.smithsonianmag.com/smart-news/police-recover-ancient-egyptian-artifacts-the-day-after-a-heist-at-a-museum-in-australia-180988214/ #science,2026-02-19 03:51:11.923000+00:00,0,0,0,1589
science,"After Decades of Global Searching, Scientists Finally Create the Silicon Aromatic Once Thought Impossible https://scitechdaily.com/after-decades-of-global-searching-scientists-finally-create-the-silicon-aromatic-once-thought-impossible/ #science",2026-02-19 03:50:10.688000+00:00,0,0,0,1589
science,First-of-Its-Kind Map of Alzheimer's Reveals Hidden Gene Activity https://www.sciencealert.com/first-of-its-kind-map-of-alzheimers-reveals-hidden-gene-activity #science,2026-02-19 03:34:15.354000+00:00,0,1,0,1589
sports,"Ligue Europa : suivre Lille / Belgrade en direct, live et streaming (+ score en temps réel et résultat final) https://www.stars-actu.fr/2026/02/ligue-europa-suivre-lille-belgrade-en-direct-live-et-streaming-score-en-temps-reel-et-resultat-final/?utm_source=dlvr.it&utm_medium=mastodon #Sports #europaleague #foot #sports",2026-02-19 19:53:16.611000+00:00,0,0,0,35
sports,Bears in Indiana?It could happen. https://abc7chicago.com/post/chicago-bears-news-today-illinois-house-committee-cancels-meeting-hear-stadium-bill/18619913/#news #indiana #chicago #sports #uspol #inleg,2026-02-19 19:52:13+00:00,0,2,0,1683
sports,"Why Olympic Figure Skaters Struggle With Music Licensing: ‘It’s a Clearance Nightmare’
https://fed.brid.gy/r/https://www.billboard.com/pro/why-olympic-figure-skaters-struggle-with-music-licensing/",2026-02-19 18:15:12+00:00,0,3,0,211
sports,"Team Canada hockey showdowns in numbers: A look back at milestone momentsCanada has a chance to make history with another gold medal game, while the men have their eyes on making it to another gold medal game on Sunday, potentially meeting the U.S.#Hockey #Sports #History #Canada #fournationsfaceoff #Olympics2026https://globalnews.ca/news/11673993/team-canada-hockey-showdowns/",2026-02-19 19:44:04+00:00,0,0,0,235
sports,"'Easy' Bike Repairs That Are Actually Hard
https://fed.brid.gy/r/https://nebula.tv/videos/bermpeak-easy-bike-repairs-that-are-actually-hard/",2026-02-19 19:32:26+00:00,0,0,0,37
sports,"CFJC Today(@cfjc_today) | Hurlbert has two points but Team West loses inaugural WHL Prospects Game to Team EastLANGLEY, B.C. — Kamloops Blazers forward JP Hurlbert had a goal and an assist but his Team West dropped a 5-4 decision to Team East at the 2026 WHL Prospects Game Wednesday (Feb. 18) night at the Langley Events Centre. Hurlbert, the leading scorer in the Canadian Hockey League with 84 points from 55 games, […]#CFJC #BCNews #Kamloops #KamloopsBC ##2And#3Stories #BlazersToday #KamloopsAndAreaNews #LocalSports #PostToSocial #Sports",2026-02-19 19:24:16+00:00,0,0,0,7
sports,"Olympics Reporter Apologizes On-Air After Slurring During Live Broadcast: 'Shouldn't Have Had a Drink'
https://fed.brid.gy/r/https://people.com/olympics-reporter-apologizes-on-air-after-slurring-during-live-broadcast-11909846",2026-02-19 18:54:20+00:00,0,0,0,322
sports,‘So much hope’ as Team Canada goes for Olympic gold in women’s hockey – NationalCanada and the U.S. are set to battle on Thursday for the Olympic gold medal in women’s hockey…#NewsBeep #News #Headlines #CA #Canada #olympics2026 #PWHL #Sportshttps://www.newsbeep.com/402074/,2026-02-19 19:20:19+00:00,0,0,0,219
sports,"Chris Jones Defends Travis Kelce from Suggestion Chiefs ‘Move on’ from Him Next Season: 'Shut Up'
https://fed.brid.gy/r/https://people.com/chris-jones-defends-travis-kelce-from-nfl-analyst-who-suggests-chiefs-move-on-11909915",2026-02-19 19:03:19+00:00,0,0,0,322
sports,somebody needs to make a hot ass mess mashup of John Williams soundtracks. for the #sports culture. #music #movies,2026-02-19 19:18:46.885000+00:00,2,0,1,6228
sports,"Tennis Doha : le match Mensik / Sinner en direct, live et streaming (+ score en temps réel et résultat final) https://www.stars-actu.fr/2026/02/tennis-doha-le-match-mensik-sinner-en-direct-live-et-streaming-score-en-temps-reel-et-resultat-final/?utm_source=dlvr.it&utm_medium=mastodon #Sports #JannikSinner #sports #tennis",2026-02-19 19:17:19.045000+00:00,0,0,0,35
sports,"Alex Eala exits Dubai tiff as Coco Gauff proves too hot to handle
https://fed.brid.gy/r/https://www.rappler.com/people/athletes/results-alex-eala-coco-gauff-dubai-tennis-championships-february-19-2026/",2026-02-19 17:35:49+00:00,0,0,0,209
sports,"Marshall women's swimmers compete as team is cut: 'They are devastated' https://www.nytimes.com/athletic/7057770/2026/02/19/marshall-swimming-diving-cuts-stunt-program/ Swimmers and divers were blindsided by the decision, which takes effect after this weekend's championships. Marshall will add a STUNT team. #Sports #News",2026-02-19 19:05:03+00:00,0,0,0,920
sports,Gianni Infantino claims FIFA received more than one million ticket requests for 77 World Cup games https://www.nytimes.com/athletic/7058071/2026/02/19/gianni-infantino-fifa-world-cup-games-tickets/ The FIFA president also suggested that every match at the tournament will be sold out. #Sports #News,2026-02-19 19:05:03+00:00,0,0,0,920
sports,"Ski Mountaineering's Olympic debut: Beautiful races, beautiful place and a sport that belongs https://www.nytimes.com/athletic/7057800/2026/02/19/ski-mountaineering-skimo-olympic-debut-2026/ Ski Mountaineering made its Olympic debut on Thursday. For fans and competitors alike, it was a day to remember. #Sports #News",2026-02-19 19:05:03+00:00,0,0,0,920
sports,"Canadian Challenge mushers race in Saskatchewan’s biggest dog sled eventThe Canadian Challenge is the biggest dog sled race in Saskatchewan. The multi-day competition based in La Ronge boils down to a musher, a team of dogs and a winter trail that has carried people through the North for generations.#sports #event #Saskatchewan #LaRonge https://www.cbc.ca/news/canada/saskatchewan/canadian-challenge-sled-dog-race-9.7097480?cmp=rss",2026-02-19 18:59:04+00:00,0,0,0,501
sports,"Why is everyone obsessed with Eileen Gu, China’s American-born Olympic star?
https://fed.brid.gy/r/https://www.wbur.org/hereandnow/2026/02/19/eileen-gu-olympics",2026-02-19 12:03:44+00:00,0,0,0,38
sports,"Winter Olympics day 13: The latest
https://fed.brid.gy/r/https://www.wbur.org/hereandnow/2026/02/19/winter-olympics-day-13-update",2026-02-19 17:46:52+00:00,0,0,0,38
sports,"Women’s FA Cup changes delayed to allow 'further feedback' on proposed reforms https://www.nytimes.com/athletic/7058089/2026/02/19/womens-fa-cup-reforms-when/ The Athletic had reported the FA's proposals for a raft of significant reforms, including introducing seeding from the last-32 stage. #Sports #News",2026-02-19 18:50:03+00:00,0,0,0,920
sports,"#sports #Olympics #media #GettingPixalated 'Channel Nine reporter Danika Mason said she had ""misjudged the situation"" by drinking ahead of her appearance on live television, also blaming the altitude, the cold and her failure to eat dinner.'https://www.bbc.com/news/articles/cdxgnrr11rwo",2026-02-19 18:44:06+00:00,0,0,0,3389
sports,"CFJC Today(@cfjc_today) | TRU basketball players Scott and Stephens named to year-end Canada West teamsKAMLOOPS — A pair of Thompson Rivers University (TRU) WolfPack men’s basketball players have earned year-end honours from Canada West. Westsyde Secondary alumnus Cason Scott was named to the Canada West All-Rookie Team for the 2025-26 season, while third-year guard Jayden Stephens was named to Canada West’s Second Team All Star Team. The six-foot-seven forward […]#CFJC #BCNews #Kamloops #KamloopsBC ##2And#3Stories #KamloopsAndAreaNews #LocalSports #PostToSocial #Sports #WolfPackToday",2026-02-19 18:37:27+00:00,0,0,0,7
sports,"How Chiefs cleared millions via Mahomes' contract restructure, plus free agency rankings https://www.nytimes.com/athletic/7057685/2026/02/19/chiefs-restructure-mahomes-cap-space-explained-scoop-city/ Unpacking how the Chiefs can pay Patrick Mahomes about $56 million in cash while his cap hit is just $35 million, plus free agency rankings #Sports #News",2026-02-19 18:35:02+00:00,0,0,0,920
sports,"Slovakia’s Slafkovský, Nemec and Dvorský are living out a childhood Olympic dream https://www.nytimes.com/athletic/7057977/2026/02/19/slovakia-olympics-hockey-slafkovsky-nemec-dvorsky/ The trio of young stars will lead Slovakia into its semifinal matchup with the U.S. on Friday, realizing a dream that was formed long ago. #Sports #News",2026-02-19 18:20:03+00:00,0,0,0,920
sports,2026 Olympic Games: Puck drops as Canada and the U.S. battle for women's hockey gold#sports #competition https://www.cbc.ca/sports/olympics/winter/livestory/olympics-2026-milano-cortina-winter-olympic-games-day-13-team-canada-live-updates-9.7096243?cmp=rss,2026-02-19 18:16:08+00:00,0,0,0,47
sports,Serena Williams' tennis comeback: When she can play and the tournaments she could enter https://www.nytimes.com/athletic/7035378/2026/02/19/serena-williams-tennis-comeback-tournaments-date/ The 23-time Grand Slam champion is eligible to compete from February — but will she? And why would she return? #Sports #News,2026-02-19 18:15:03+00:00,0,0,0,920
sports,"The US women's curling team needed to beat Switzerland for a spot in the semis. Here's what happened.
https://web.brid.gy/r/https://www.10tv.com/article/sports/olympics/us-womens-curling-team-needed-to-beat-switzerland-for-spot-in-semis/507-c008ef35-1312-421f-aba5-df833dd73f39",2026-02-19 18:13:36+00:00,0,1,0,32
sports,【カーリング】五輪最終戦 日本代表フォルティウスが第4エンドに2点をスチール！リード広げる（スポニチアネックス） – Yahoo!ニュース https://www.yayafa.com/2728167/ #Sports #スポーツ,2026-02-19 18:13:14+00:00,0,0,0,90
sports,"F1 preseason testing takeaways: Ferrari's fancy, vanished wing sums up the games at play https://www.nytimes.com/athletic/7057970/2026/02/19/f1-preseason-testing-takeaways-ferrari-wing/ Rotating wings. Teams accusing each other of sandbagging. A murky running order. F1's preseason is starting to heat up #Sports #News",2026-02-19 18:05:02+00:00,0,0,0,920
sports,https://www.mask9.com/2412118/ AKゴルフアカデミー #1 [Guest：亀梨和也] ##candee ##ZOTOnTheWAVE #03Performance #69 #AK #ＡＫ－６９ #AK69 #ALBA #BOSS #Carz #ChakiZulu #DaikiBlunt #DjHonda #DJRYOW #dopeonigiri #EricBJr #FlyingB #ILLBOSSTINO #JREXXX #johnnys #MARI #MyGs #NewYork #RAP #RedEye #rommymontana #seeda #sports #THEHOPE #UVERworld #vlot #Watson #Yuto #アスリート #ジャニーズ #ジャニーズアイドルは #スポーツ #タイプライター #チーム友達 #亀梨和也 #井岡一翔 #紅桜,2026-02-19 18:04:08+00:00,0,0,0,26
sports,The 10% Club: Opta's Best Under-the-Radar FPL Picks for Gameweek 27https://theanalyst.com/articles/ten-percent-club-opta-fpl-picks-gameweek-27 #sports #supercomputer,2026-02-19 18:00:05+00:00,0,0,0,7
sports,"Australian reporter apologizes after appearing intoxicated on live TV
https://web.brid.gy/r/https://www.10tv.com/article/sports/olympics/trending-in-milan-cortina/australian-tv-reporter-apologizes-seemingly-drunk-live-tv/507-604b4ea0-39c8-4dd6-b3a3-9291a557e9fb",2026-02-19 17:58:24+00:00,0,1,0,32
sports,"Five things to watch on Friday, Feb. 20From the final-four matchups in men's hockey, including Canada's do-or-die game against Finland, to the elimination round in both men's and women's curling, here are five things to watch Friday at the Milan Cortina Olympics.#sports #olympics #Milan #Cortina #2026Olympics https://globalnews.ca/news/11674277/five-things-to-watch-on-friday-feb-20/",2026-02-19 17:53:03+00:00,0,0,0,235
sports,"Olympics updates: U.S.-Canada. It's here. Plus: Meet the bronze medalist who survived a coma https://www.nytimes.com/athletic/7057993/2026/02/19/us-canada-womens-hockey-gold-medal-game-olympics-games-briefing/ Welcome to Games Briefing, The Athletic’s daily newsletter for the Milan Cortina Olympics. #Sports #News",2026-02-19 17:45:03+00:00,0,0,0,920
sports,Man City vs Newcastle Prediction: Will It Be More Etihad Misery for the Magpies?https://theanalyst.com/articles/man-city-vs-newcastle-prediction-premier-league-02-2026 #sports #supercomputer,2026-02-19 17:45:03+00:00,0,0,0,7
sports,"China's Ning Zhongyan skates to Olympic 1,500m gold, denying Stolz 3rd straight win in MilanChinese speed skater Ning Zhongyan beat the odds, upending pre-race favourite Jordan Stolz of the United States to win the men’s Olympic 1,500 metres in an Olympic-record one minute 41.98 seconds on Thursday.#Sports #Olympics #Milan https://www.cbc.ca/sports/olympics/winter/speed-skating/olympics-long-track-speed-skating-men-1000-final-9.7097349?cmp=rss",2026-02-19 17:38:04+00:00,0,0,0,50
sports,"How did weather impact the men’s 1,500 meters at the Milan Cortina Olympics?
https://web.brid.gy/r/https://www.10tv.com/article/sports/olympics/weather-impact-mens-1500-meters-olympics/507-a6846065-60ad-411e-a705-81cccdd98883",2026-02-19 17:32:57+00:00,0,1,0,32
sports,Will it bobsled?#bobsled #winter #sports,2026-02-19 17:30:36+00:00,0,0,0,113
sports,"Shaheens ready to take on England Lions in T20 series opener
https://fed.brid.gy/r/https://pakobserver.net/shaheens-ready-to-take-on-england-lions-in-t20-series-opener/",2026-02-19 16:01:34+00:00,0,0,0,9
sports,Jaden Rashada saga shows NIL chaos in college football is at least better than it once was https://www.nytimes.com/athletic/7057731/2026/02/19/jaden-rashada-nil-settlement-florida-college-sports/ Three final thoughts after 21 months of Rashada and Florida litigation and conversations this week with a handful of NIL agents #Sports #News,2026-02-19 17:30:04+00:00,0,0,0,920
sports,"San Antonio Spurs return to Austin for 'I-35 Series'The San Antonio Spurs will return to Austin's Moody Center for its fourth-annual ""I-35 Series.""https://www.kxan.com/sports-general/san-antonio-spurs-return-to-austin-for-i-35-series/#Sports #Austin #Local #News #TopStories #Basketball #I35series #Kxan #Moodycenter #SanAntonio #Spurs #Ticket",2026-02-19 17:27:21+00:00,0,0,0,40
sports,Canada's Rachel Homan clinches Olympic semifinal berth with win over South KoreaThe Canadian Olympic women's curling team advanced to the playoffs after a 10-7 win over South Korea on Thursday at the Milano Cortina Winter Games.#Curling #Olympics #MilanoCortina #Sports #WinterSports https://www.cbc.ca/sports/olympics/winter/curling/olympic-women-curling-canada-south-korea-february-18-9.7096865?cmp=rss,2026-02-19 17:19:12+00:00,0,1,0,13
sports,"Did Jordan Stolz win gold in men's 1500m speed skating?
https://web.brid.gy/r/https://www.10tv.com/article/sports/olympics/jordan-soltz-mens-1500m-speed-skating-results/507-a78920a8-5fef-495a-a162-d5dce214c84e",2026-02-19 17:00:53+00:00,0,1,0,32
sports,Canada’s Homan beats South Korea to reach playoffsCanada's Rachel Homan is playoff-bound at the Winter Olympics.#Sports #Olympics #WinterOlympics #2026Olympics https://globalnews.ca/news/11674188/canadas-homan-beats-south-korea-to-reach-playoffs/,2026-02-19 16:56:04+00:00,0,0,0,532
sports,"These are the news, the world needs today: #olympics !""Even if he had completed the entire race, Nazgul’s time would not have counted as he is male. And a dog. ... Nazgul, who is a very good boy, is yet to comment on his performance. https://www.theguardian.com/sport/2026/feb/18/dog-winter-olympics-cross-country-skiing#teamSprint #sports #dogsOfMastodon #dog #crossCountry #sportNews",2026-02-19 16:55:31+00:00,8,5,0,3958
sports,2026 Olympic Games: Canada's women's curling team advances to semifinals with 10-7 win over South Korea#sports #competition https://www.cbc.ca/sports/olympics/winter/livestory/olympics-2026-milano-cortina-winter-olympic-games-day-13-team-canada-live-updates-9.7096243?cmp=rss,2026-02-19 16:54:06+00:00,0,0,0,44
sports,"Toronto Blue Jays pitcher Kevin Gausman hints at retirementYou don't often see athletes choose to call it a career while still in their prime, but that could wind up being exactly the case for Toronto Blue Jays ace Kevin Gausman.The 35-year-old is entering the final season of his five-year, $110 million contract with the Toronto Blue Jays, and doesn't appear t...#Sports #Retirement #Baseball #Toronto https://www.blogto.com/sports_play/2026/02/toronto-blue-jays-kevin-gausman-hints-retirement/",2026-02-19 16:53:12+00:00,0,0,0,42
sports,"Eagles' All-Pro tackle Lane Johnson says he's returning for 14th NFL season https://www.nytimes.com/athletic/7057847/2026/02/19/lane-johnson-eagles-returning-14th-season/ Johnson missed the final seven games and the playoffs with a foot injury, leading to some questions about potential retirement. #Sports #News",2026-02-19 16:50:03+00:00,0,0,0,920
sports,"Life as an NHLer in the Olympic Village: Awkward encounters, late bedtimes and 'just kind of hanging' https://www.nytimes.com/athletic/7057673/2026/02/19/united-states-olympic-village-stories/ U.S. men's players take us inside their experience in the Village, plus reflecting on Wednesday's win and looking ahead to Slovakia. #Sports #News",2026-02-19 16:50:03+00:00,0,0,0,920
sports,"Sénégal, le TAS a obligé à rejouer le match !🗞️ Sports.fr - 🕐 19/02 04:01Le Maroc ne désarme pas. Mécontente des décisions de la Commission de discipline de la Confédération africaine de football suite aux incidents qui ont émaillé la finale de la Coupe d’Afrique des Nations entre le Maroc et le Sénégal, la Fédération mar... [1608 chars]🔗 https://www.sports.fr/football/can/senegal-le-tas-a-oblige-a-rejouer-le-match-991740.html#actu #news #presse #sports.fr",2026-02-19 16:45:56+00:00,0,0,0,1847
sports,First things first: How to handle your top pick in 2026 fantasy baseball drafts https://www.nytimes.com/athletic/7056178/2026/02/19/fantasy-baseball-round-one-draft-pick-analysis/ Owen Poindexter takes a deep dive into the most important pick of your fantasy baseball draft — your first one. #Sports #News,2026-02-19 16:45:03+00:00,0,0,0,920
sports,"Bears promote Jeff King to assistant general manager https://www.nytimes.com/athletic/7057854/2026/02/19/bears-jeff-king-assistant-general-manager/ King, 46, was the Bears’ obvious choice to succeed Ian Cunningham, having spent more than a decade with the franchise. #Sports #News",2026-02-19 16:45:02+00:00,0,0,0,920
sports,"Man Utd, Atletico and a kit mix-up that means the WSL side have to wear their third strip at home https://www.nytimes.com/athletic/7057789/2026/02/19/manchester-united-atletico-uwcl-kit/ Match officials decided hours before kick-off that the orange goalkeeper kit the Spanish side brought would clash with United's red shirt. #Sports #News",2026-02-19 16:45:02+00:00,0,0,0,920
sports,How to Watch the 2026 Genesis Invitational Live Online#Variety #News #Golf #PGATour #Sportshttps://variety.com/2026/shopping/news/how-to-watch-genesis-invitational-100th-edition-online-free-1236666104/,2026-02-19 16:40:07.368000+00:00,0,0,0,1110
sports,"Mikaela Shiffrin’s gold medal in the slalom was a monumental sporting achievement. She not only set the second-largest winning margin in Olympic Alpine history, but she also subdued Olympic-sized fears. #Olympics #WinterGames #slalom #sports #athletes https://www.csmonitor.com/World/olympics/2026/0218/winter-olympics-mikaela-shiffrin-gold",2026-02-19 16:36:20.245000+00:00,1,1,0,27
sports,Norway wins what could be last ever Olympic gold medal in Nordic combined https://www.nytimes.com/athletic/7057766/2026/02/19/olympics-nordic-combined-gold-norway-oftebro/ The IOC is considering cutting Nordic combined from the Olympics. #Sports #News,2026-02-19 16:35:01+00:00,0,0,0,920
sports,"Ange Postecoglou may not be Manchester United material, but the Premier League needs him https://www.nytimes.com/athletic/7057576/2026/02/19/ange-postecoglou-neville-manchester-united-spurs-forest/ Postecoglou threw his hat in the ring for the Man Utd job in a typically forthright appearance on Gary Neville's Stick to Football podcast #Sports #News",2026-02-19 16:35:01+00:00,0,0,0,920
sports,"Tennis Doha : le match Alcaraz / Khachanov en direct, live et streaming (+ score en temps réel et résultat final) https://www.stars-actu.fr/2026/02/tennis-doha-le-match-alcaraz-khachanov-en-direct-live-et-streaming-score-en-temps-reel-et-resultat-final/?utm_source=dlvr.it&utm_medium=mastodon #Sports #CarlosAlcaraz #sports #tennis",2026-02-19 16:31:23.721000+00:00,0,0,0,35
sports,"How to watch Rockets vs. Hornets: TV channel and streaming options for February 19 https://www.nytimes.com/athletic/7057865/2026/02/19/rockets-vs-hornets-stream-how-to-watch-feb-19/ Find out how to watch the Houston Rockets play the Charlotte Hornets, with time, TV channel and streaming information. #Sports #News",2026-02-19 16:30:04+00:00,0,0,0,920
sports,"How to watch Nets vs. Cavaliers: TV channel and streaming options for February 19 https://www.nytimes.com/athletic/7057868/2026/02/19/nets-vs-cavaliers-stream-how-to-watch-feb-19/ Find out how to watch the Brooklyn Nets play the Cleveland Cavaliers, with time, TV channel and streaming information. #Sports #News",2026-02-19 16:30:04+00:00,0,0,0,920
sports,"iNFOnews.ca | Underdog Canada faces U.S. for Olympic hockey gold; curling semifinals also on tapMILAN — Defending Olympic champion Canada enters today’s women’s hockey gold-medal game against the United States as a significant underdog on Day 13 of the Milan Cortina Olympics. The Canadians have lost seven straight to the United States, including a 5-0 preliminary-round defeat last week. Captain Marie-Philip Poulin leads Canada into the matchup after scoring […]#iNFOnews #Kamloops #KamloopsBC #BcNews #Sports #Curling #Hockey #TopNews",2026-02-19 16:28:57+00:00,0,0,0,7
sports,"How to watch Pacers vs. Wizards: TV channel and streaming options for February 19 https://www.nytimes.com/athletic/7057858/2026/02/19/pacers-vs-wizards-stream-how-to-watch-feb-19/ Find out how to watch the Indiana Pacers play the Washington Wizards, with time, TV channel and streaming information. #Sports #News",2026-02-19 16:25:02+00:00,0,0,0,920
sports,"How to watch Hawks vs. 76ers: TV channel and streaming options for February 19 https://www.nytimes.com/athletic/7057861/2026/02/19/hawks-vs-76ers-stream-how-to-watch-feb-19/ Find out how to watch the Atlanta Hawks play the Philadelphia 76ers, with time, TV channel and streaming information. #Sports #News",2026-02-19 16:25:02+00:00,0,0,0,920
sports,"How to watch Oklahoma vs. Georgia women's basketball: TV channel and streaming options for February 19 https://www.nytimes.com/athletic/7057840/2026/02/19/oklahoma-vs-georgia-stream-how-to-watch-feb-19/ Find out how to watch the Oklahoma Sooners play the Georgia Lady Bulldogs, with time, TV channel and streaming information. #Sports #News",2026-02-19 16:20:03+00:00,0,0,0,920
sports,"How to watch Iowa vs. Purdue women's basketball: TV channel and streaming options for February 19 https://www.nytimes.com/athletic/7057831/2026/02/19/iowa-vs-purdue-stream-how-to-watch-feb-19/ Find out how to watch the Iowa Hawkeyes play the Purdue Boilermakers, with time, TV channel and streaming information. #Sports #News",2026-02-19 16:20:03+00:00,0,0,0,920
sports,"How to watch Texas A&M vs. Tennessee women's basketball: TV channel and streaming options for February 19 https://www.nytimes.com/athletic/7057829/2026/02/19/texas-a-m-vs-tennessee-stream-how-to-watch-feb-19/ Find out how to watch the Texas A&M Aggies play the Tennessee Lady Volunteers, with time, TV channel and streaming information. #Sports #News",2026-02-19 16:20:03+00:00,0,0,0,920
sports,"How to watch North Carolina vs. Virginia Tech women's basketball: TV channel and streaming options for February 19 https://www.nytimes.com/athletic/7057826/2026/02/19/north-carolina-vs-virginia-tech-stream-how-to-watch-feb-19/ Find out how to watch the North Carolina Tar Heels play the Virginia Tech Hokies, with time, TV channel and streaming information. #Sports #News",2026-02-19 16:15:02+00:00,0,0,0,920
sports,"How to watch NC State vs. Duke women's basketball: TV channel and streaming options for February 19 https://www.nytimes.com/athletic/7057824/2026/02/19/nc-state-vs-duke-stream-how-to-watch-feb-19/ Find out how to watch the NC State Lady Wolfpack play the Duke Blue Devils, with time, TV channel and streaming information. #Sports #News",2026-02-19 16:15:02+00:00,0,0,0,920
sports,早朝にフィギュア女子フリー、表彰台独占狙う日本３選手らの滑走時刻は？ – 読売新聞オンライン https://www.yayafa.com/2728084/ #Sports #スポーツ,2026-02-19 16:14:07+00:00,0,0,0,90
sports,"Movie TV Tech Geeks #Movie #Sports #TheMightyDucks #SlapShot 12 Best Hockey Movies of All Time, Ranked http://dlvr.it/TR3B5z",2026-02-19 16:11:34.105000+00:00,0,0,0,38
sports,How the Kings will go forward without Kevin Fiala — and with Artemi Panarin https://www.nytimes.com/athletic/7057035/2026/02/19/kings-fiala-panarin-lineup/ Where might Panarin fit into the Kings' lineup when they return from the Olympic break? #Sports #News,2026-02-19 16:10:03+00:00,0,0,0,920
sports,Suzuki steps up for Canada in MilanNick Suzuki arrived at the Milan Cortina Olympics with an open mind.#sports #olympics #Milan #Cortina #2026Olympics https://globalnews.ca/news/11674120/suzuki-steps-up-for-canada-in-milan/,2026-02-19 16:08:12+00:00,0,0,0,235
sports,Fans to watch Canadian women pursue hockey goldFans are set to watch the Canadian women pursue hockey gold at the Olympics against the United States.#sports #Olympics #2026Olympics https://globalnews.ca/news/11674107/fans-to-watch-canadian-women-pursue-hockey-gold/,2026-02-19 16:08:06+00:00,0,0,0,235
sports,"Chance of Bears moving to Indiana takes 'a meaningful step forward' https://www.nytimes.com/athletic/7057654/2026/02/19/bears-indiana-stadium-possibility/ The passage of Indiana Senate Bill 27 out of committee adds to the possibility of a new stadium near the Wolf Lake area in Hammond, Indiana. #Sports #News",2026-02-19 16:05:02+00:00,0,0,0,920
sports,The Bulls after franchise-altering trade-deadline moves: 3 burning questions https://www.nytimes.com/athletic/7057331/2026/02/19/bulls-nba-trade-deadline-matas-guards/ What questions will this new-look Bulls team have to answer? What’s left to look forward to in the second half of this season? #Sports #News,2026-02-19 16:05:02+00:00,0,0,0,920
sports,"Canada’s Jacobs falls to Norway in curling – NationalBy The Canadian Press The Canadian Press Posted February 19, 2026 6:08 am 1 min read Descrease article…#NewsBeep #News #Headlines #2026olympics #CA #Canada #Sportshttps://www.newsbeep.com/401925/",2026-02-19 16:00:12+00:00,0,0,0,219
sports,"Old relationships at the heart of Notre Dame's new-look defensive line https://www.nytimes.com/athletic/7057464/2026/02/19/notre-dame-charlie-partridge-francis-brewu/ Francis Brewu and Charlie Partridge have had a relationship for years, but this will be the first time they've been a part of the same team. #Sports #News",2026-02-19 16:00:05+00:00,0,0,0,920
sports,"‘Leap of faith’: Calgary goalie part of Italian hockey team’s historic Olympic runFew would have predicted the surprising Olympic run team Italy would go on to have, beating Japan 3-2 in a thrilling matchup to qualify for the quarterfinals for the very first time.#Olympics #Sports #Hockey #Italy #Japan https://www.cbc.ca/news/canada/calgary/calgary-goalie-olympic-winter-games-9.7096483?cmp=rss",2026-02-19 15:58:23+00:00,0,0,0,78
sports,📜 Benfica Denounces “Defamation Campaign” Against Prestianni Amid Racism Investigation 🏆🚀 🔗 https://deeplyticai.win/benfica-denounces-defamation-campaign-against-prestianni-amid-racism-investigation/#DeeplyticAI #Sports,2026-02-19 15:51:19.294000+00:00,0,0,0,2
sports,📜 Team GB Curling Medal Hopes Still Alive After Twin Victories Over USA 🏆🚀 🔗 https://deeplyticai.win/team-gb-curling-medal-hopes-still-alive-after-twin-victories-over-usa/#DeeplyticAI #Sports,2026-02-19 15:51:19.384000+00:00,0,0,0,2
sports,📜 Lewis Hamilton Calls 2026 F1 Cars “More Fun” to Drive Amid Mixed Driver Reactions 🏆🚀 🔗 https://deeplyticai.win/lewis-hamilton-calls-2026-f1-cars-more-fun-to-drive-amid-mixed-driver-reactions/#DeeplyticAI #Sports,2026-02-19 15:51:19.229000+00:00,0,0,0,2
sports,📜 Anthony Gordon Makes Champions League History in Newcastle’s Stunning 6–1 Victory Over Qarabag 🏆🚀 🔗 https://deeplyticai.win/anthony-gordon-makes-champions-league-history-in-newcastles-stunning-6-1-victory-over-qarabag/#DeeplyticAI #Sports,2026-02-19 15:51:19.220000+00:00,0,0,0,2
sports,📜 Arsenal’s Wolves Draw Reignites Title-Race “Bottle” Talk — and Hands Manchester City a Clear Path 🏆🚀 🔗 https://deeplyticai.win/arsenals-wolves-draw-reignites-title-race-bottle-talk-and-hands-manchester-city-a-clear-path/#DeeplyticAI #Sports,2026-02-19 15:51:19.156000+00:00,0,0,0,2
sports,Signed Sidney Crosby and Nathan MacKinnon jerseys stolen off the wall at Halifax barThe owner of Big Leagues Brew Pub said the framed and signed jerseys were stolen near closing time the night before the Team Canada stars took to the ice in the Olympic quarterfinals. #crime #sports #Halifax https://www.cbc.ca/news/canada/nova-scotia/sidney-crosby-nathan-mackinnon-jerseys-stolen-big-leagues-9.7096106?cmp=rss,2026-02-19 15:51:07+00:00,0,0,0,276
sports,"Tony Clark case takes a turn. Plus: Meet the interim MLBPA head https://www.nytimes.com/athletic/7057704/2026/02/19/tony-clark-bruce-meyers-the-windup/ Welcome to The Windup, The Athletic’s MLB newsletter. #Sports #News",2026-02-19 15:50:02+00:00,0,0,0,920
sports,"'We've got something going here': Blue Jackets believe pending UFAs want to stay https://www.nytimes.com/athletic/7057420/2026/02/19/blue-jackets-ufas-coyle-marchment/ Columbus is figuring out how to handle pending UFAs Charlie Coyle, Boone Jenner, Mason Marchment and Erik Gudbranson #Sports #News",2026-02-19 15:45:03+00:00,0,0,0,920
sports,"Athletes In Raucous Olympic Village Fuckfest Fake Having Bible Study As Curlers Enter Room
https://fed.brid.gy/r/https://theonion.com/athletes-in-raucous-olympic-village-fuckfest-fake-having-bible-study-as-curlers-enter-room/",2026-02-19 14:00:00+00:00,0,0,0,239
sports,"Hyderabad Kingsmen sign Australia’s Glenn Maxwell for PSL 11
https://fed.brid.gy/r/https://pakobserver.net/hyderabad-kingsmen-sign-australias-glenn-maxwell-for-psl-11/",2026-02-19 13:48:07+00:00,0,0,0,9
sports,"Chelsea still unable to put timeframe on Marc Cucurella injury, says Liam Rosenior https://www.nytimes.com/athletic/7057617/2026/02/19/marc-cucurella-chelsea-injury-rosenior/ The head coach confirmed in a news conference on Thursday that Cole Palmer and Reece James are available. #Sports #News",2026-02-19 15:30:04+00:00,0,0,0,920
sports,2026 Olympic Games: Canada women's curling team in do-or-die with South Korea to reach semifinals#sports #competition https://www.cbc.ca/sports/olympics/winter/livestory/olympics-2026-milano-cortina-winter-olympic-games-day-13-team-canada-live-updates-9.7096243?cmp=rss,2026-02-19 15:28:05+00:00,0,0,0,123
sports,"Ski mountaineering, also called 'skimo,' made its Olympic debut. Here's how Team USA did.
https://web.brid.gy/r/https://www.10tv.com/article/sports/olympics/ski-mountaineering-skimo-winter-games-debut-team-usa/507-8ea42c23-ea5e-4752-8a42-007885fd4ee9",2026-02-19 15:27:28+00:00,0,1,0,32
sports,Two more Georgia football players arrested on driving-related charges https://www.nytimes.com/athletic/7057630/2026/02/19/georga-football-players-driving-arrests/ There have been 13 known instances of UGA players arrested on driving charges since a 2023 crash that killed a player and staff member. #Sports #News,2026-02-19 15:25:03+00:00,0,0,0,920
sports,"The passing of the torch from Sidney Crosby to Connor McDavid has begun https://www.nytimes.com/athletic/7057603/2026/02/19/connor-mcdavid-sidney-crosby-torch-passing-olympics/ If Sidney Crosby is ruled out for Friday's semifinal due to injury, expect McDavid to wear the captain's 'C' for Canada. #Sports #News",2026-02-19 15:25:03+00:00,0,0,0,920
sports,The Bounce: Can the Thunder still dominate? And 15 more questions for stretch run https://www.nytimes.com/athletic/7057641/2026/02/19/thunder-questions-nba-stretch-run-the-bounce/ Zach Harper catches you up on the latest NBA news in our newsletter. #Sports #News,2026-02-19 15:25:03+00:00,0,0,0,920
sports,"Olympian Mikaela Shiffrin Drops the F-Bomb Live on the “Today ”Show: 'S---! I'm So Sorry'
https://fed.brid.gy/r/https://people.com/mikaela-shiffrin-drops-f-bomb-live-today-show-2026-winter-olympics-11909548",2026-02-19 14:36:13+00:00,0,1,0,322
sports,#Sports #Ελλάδα Θρήνος για 19χρονο ποδοσφαιριστή που «έφυγε» από καρκίνο https://www.zougla.gr/sports/thrinos-gia-19chrono-podosfairisti-pou-efyge-apo-karkino/?utm_source=dlvr.it&utm_medium=mastodon,2026-02-19 15:19:28.030000+00:00,0,0,0,117
sports,"https://www.fogolf.com/1170612/nasa-hataoka-chanettee-wannasaen-tied-for-first-round-lead-in-thailand-brooke-henderson-six-shots-back/ Nasa Hataoka, Chanettee Wannasaen tied for first-round lead in Thailand; Brooke Henderson six shots back #Golf #GolfNews #sports",2026-02-19 15:15:04+00:00,0,0,0,75
sports,🎬 [ #GAMEoN360 ] 🌐 #Sports  Use 👨‍💻 LNiNouT 🔞NoKYC 📺 LiVE 🤯https://betplay.io?ref=LNiNouT,2026-02-19 15:09:59.444000+00:00,0,0,0,3
sports,Detroit Tigers' new alternate jerseys for 2026 pay homage to team history https://www.nytimes.com/athletic/7056787/2026/02/19/detroit-tigers-alternate-uniform-jerseys/ The Tigers were one of two MLB teams without true dedicate alternate uniforms. The other team: the Yankees. #Sports #News,2026-02-19 15:05:02+00:00,0,0,0,920
sports,https://www.wacoca.com/news/2772215/ オリンピック :雪上の階段ダッシュに衝撃…五輪新競技・山岳スキーにＳＮＳで「運動会みたい」「罰ゲームか」 – 読売新聞オンライン #Sports #スポーツ,2026-02-19 15:03:07+00:00,0,0,0,278
sports,https://www.walknews.com/1211344/ カーリングで不正投球疑惑、渦中のカナダ国民は動揺隠せずか 英報道 (2026年2月19日掲載) – ライブドアニュース #Sports #スポーツ,2026-02-19 14:58:06+00:00,0,0,0,193
sports,Three women in the Barton Hall Bleachers at the February Flash DashGallery:  https://www.behance.net/gallery/244247917/February-Flash-Dash-2026-Group-Portraits#photo #photography #portrait #groupportrait #flrc #running #sports #bartonhall #cornell,2026-02-19 14:51:20.478000+00:00,4,2,0,574
sports,Family poses in Barton Hall Bleachers at February Flash Dash last SundayMore photos: https://photos.google.com/share/AF1QipMBGAi-u7N4UdfUvnoMIXsgK6BoI3SqxgrvUe11nlK4VkACELJODtTBVeiguipCQQ?pli=1&key=U29IMmFnZldSMllzZy11YzZ2bTBJcWpybzdjMkJR#photo #photography #portrait #sports #running #bartonhall #cornell #flrc,2026-02-19 14:46:26.276000+00:00,5,2,0,574
sports,"The Province | Vancouver Whitecaps open CONCACAF Champions Cup run with 0-0 draw vs. C.S. CartaginesThe 'Caps were the dominant side for much of the match, controlling 76.5 per cent of the possession across the game.#Sports #InternationalSoccer #Soccer #VancouverWhitecaps",2026-02-19 14:37:45+00:00,0,0,0,7
sports,FPL Challenge GW27 Picks: Double Points for Nottingham Forest and Liverpool Playershttps://theanalyst.com/articles/fpl-challenge-gw27-picks-double-points-nottingham-forest-liverpool-players #sports #supercomputer,2026-02-19 14:30:03+00:00,0,0,0,7
sports,Switzerland's Marianne Fatton wins inaugural Olympic ski mountaineering eventThe sport of ski mountaineering made its long-awaited Olympics debut Thursday and crowned its first champion at the Milano Cortina Winter Games in Marianne Fatton of Switzerland.#Olympics #sports #debut #MilanoCortina #WinterSports https://www.cbc.ca/sports/olympics/winter/ski-mountaineering/olympics-ski-mountaineering-debut-milano-cortina-9.7096875?cmp=rss,2026-02-19 14:07:08+00:00,0,0,0,50
sports,"Padres roster projection 1.0: Much-improved depth or wheel-spinning? https://www.nytimes.com/athletic/7056021/2026/02/19/padres-roster-projection-depth-or-wheel-spinning/ As of Wednesday, FanGraphs projected the Padres for 79 wins and a 22 percent chance of making the postseason. #Sports #News",2026-02-19 14:05:01+00:00,0,0,0,920
sports,"Cooper Flagg NBA debut jersey sells for $1 million, surpassing Victor Wembanyama mark https://www.nytimes.com/athletic/7056928/2026/02/19/cooper-flagg-nba-debut-jersey-sale/ The sales sets a new record for any Flagg collectible. #Sports #News",2026-02-19 14:05:01+00:00,0,0,0,920
sports,***The Following Contains Explicit Language and Adult Content***AI Takes Over AdsSegment is from AJ OUM Episode 343For ALL THINGS OUM:Click here: www.linktr.ee/ajoum#ajorsini #deceivedave #oum #entertainment #sports #popculture #superbowl #halftimeshow #halftime,2026-02-19 14:01:37.591000+00:00,0,0,0,6
sports,"Tennis Doha : le match Lehečka / Fils en direct, live et streaming (+ score en temps réel et résultat final) https://www.stars-actu.fr/2026/02/tennis-doha-le-match-lehecka-fils-en-direct-live-et-streaming-score-en-temps-reel-et-resultat-final/?utm_source=dlvr.it&utm_medium=mastodon #Sports #ArthurFils #sports #tennis",2026-02-19 13:58:21.663000+00:00,0,0,0,35
sports,"[#TRADESHOW] The 29th #China #Shanghai #International #Boat #Show (CIBS) 2026 will be held from March 29 to March 31, 2026, at the Shanghai #World #Expo #Exhibition & #Convention #Center. As #Asia’s #flagship exhibition #event covering the entire boat #industry #valuechain, #CIBS #showcases #boats, #marine #equipment & #accessories, #services, and #water #sports. https://cnbusinessforum.com/event/29th-china-shanghai-international-boat-show-cibs-2026/",2026-02-19 13:55:01+00:00,0,1,0,238
sports,"Kansas' Darryn Peterson misses final 17 minutes with cramping; 'a concern,' Bill Self says https://www.nytimes.com/athletic/7057411/2026/02/19/darryn-peterson-cramping-kansas-basketball/ ""I thought we were past it, but obviously we're not,"" Self told reporters. #Sports #News",2026-02-19 13:55:02+00:00,0,0,0,920
sports,https://www.wacoca.com/life/352349/ ミュージカル女優・小南満佑子、前田美波里は「お母さん」 | 話題の投稿 | スポーツブル (スポブル) #crazy #lifestyle #media #sports #アスリート #クレイジー #スポーツ #ニュース #メディア #ライフスタイル #動画,2026-02-19 13:51:19+00:00,0,1,0,83
sports,"What I'm hearing about the Clippers investigation, Giannis, LeBron and more https://www.nytimes.com/athletic/7057133/2026/02/19/nba-intel-tanking-giannis-clippers-lebron/ There has been a significant upswing in league-wide speculation that the NBA’s hammer is likely to fall on the LA Clippers. #Sports #News",2026-02-19 13:50:02+00:00,0,0,0,920
sports,"https://www.fogolf.com/1170540/riviera-country-club-to-host-2-majors-olympics-in-the-next-five-years/ Riviera Country Club to host 2 majors, Olympics in the next five years #championship #Competitions #Golf #GolfCourses #International #InternationalSportsCompetitions #LPGA #news #olympics #open #overall #OverallPositive #pga #PgaTour #Positive #sports #SportsNews #Tour #US #USOpenChampionship #USWomen'sOpen #women's",2026-02-19 13:45:06+00:00,0,0,0,75
sports,"Marianne Fatton and Oriol Cardona Coll win first ski mountaineering Olympic golds https://www.nytimes.com/athletic/7057442/2026/02/19/marianne-fatton-oriol-cardona-coll-ski-mountaineering-olympic-golds/ On the day ski mountaineering made its Olympic debut, Switzerland's Marianne Fatton and Spain's Oriol Cardona Coll won gold. #Sports #News",2026-02-19 13:40:03+00:00,0,0,0,920
sports,⚡ Desafie seus amigos para uma batalha de trivia!QuizWhiz — trivia multiplayer com 23K+ perguntas.Grátis: https://play.google.com/store/apps/details?id=com.macukadam.QuizWhiz#QuizWhiz #sports #Sport #portugal #1958,2026-02-19 13:35:40.954000+00:00,0,0,0,4
sports,"An ancient Roman arena will host the Winter Olympics Closing Ceremony
https://web.brid.gy/r/https://www.10tv.com/article/sports/olympics/ancient-roman-arena-winter-olympics-closing-ceremony-verona-italy/507-90e584ad-f371-4f7c-aec5-c16a25da94c6",2026-02-19 13:33:07+00:00,0,1,0,32
sports,"India to Continue 'No Handshake' Policy With Pakistan at T20 World Cup ClashIndia's cricket team will not shake hands with Pakistan players at the T20 World Cup match. This continues a policy from past games due to political issues.#IndiaVsPakistan, #T20WorldCup, #Cricket, #Diplomacy, #Sportshttps://newsletter.tf/india-pakistan-no-handshake-t20-world-cup/",2026-02-19 13:31:45.954000+00:00,1,0,0,13
sports,How History-Making Bodø/Glimt Went From the Brink of Champions League Elimination to One Foot in Last 16https://theanalyst.com/articles/bodo-glimt-champions-league-inter-almost-out-favourites #sports #supercomputer,2026-02-19 13:30:03+00:00,0,0,0,7
sports,Sidney Crosby not ruled out of Olympic semifinalCanada coach Jon Cooper has not ruled out captain Sidney Crosby for Friday's semifinal against Finland at the Milano-Cortina Olympics.#sports #Olympics #MilanoCortina https://www.cbc.ca/sports/olympics/winter/hockey/sidney-crosby-not-ruled-out-of-olympic-semifinal-9.7096998?cmp=rss,2026-02-19 13:22:15+00:00,0,0,0,276
sports,"Olympic Snowboarder Nick Baumgartner, 44, Says His Goal Is to Compete in 2034 Games at Age 52 (Exclusive)
https://fed.brid.gy/r/https://people.com/snowboarder-nick-baumgartner-goal-compete-2034-olympics-at-age-52-exclusive-11909504",2026-02-19 12:43:39+00:00,0,0,0,322
sports,"The Indian cricket team will not shake hands with Pakistan players during their upcoming T20 World Cup match. This decision follows past political events between the two countries. The Indian captain said to wait and see if anything changes.#IndiaVsPakistan, #T20WorldCup, #Cricket, #Diplomacy, #Sportshttps://newsletter.tf/india-pakistan-no-handshake-t20-world-cup/",2026-02-19 13:19:45.016000+00:00,0,0,0,13
sports,"The Lewis family owns Tottenham. Why haven't any of them taken the Premier League's OADT? https://www.nytimes.com/athletic/7044829/2026/02/19/tottenham-lewis-family-premier-league-owners-test/ Spurs have an unusual setup on their board, which changes how the club is run #Sports #News",2026-02-19 13:10:04+00:00,0,0,0,920
sports,"Men's freestyle ski halfpipe and aerials events postponed due to heavy snow
https://web.brid.gy/r/https://www.10tv.com/article/sports/olympics/olympics-events-halfpipe-aerials-postponed-heavy-snow-livigno-italy-weather-conditions/507-f3851f44-db95-49dc-8771-846c15a7789b",2026-02-19 13:10:03+00:00,0,1,0,32
sports,"Tallulah Proulx, Francis Ceccarelli honored to represent PH as Winter Olympics stints end
https://fed.brid.gy/r/https://www.rappler.com/people/athletes/tallulah-proulx-francis-ceccarelli-represent-philippines-milano-cortina-winter-olympics/",2026-02-19 12:53:14+00:00,0,1,0,209
sports,"Toto Wolff says claims Mercedes' F1 engine is illegal are 'utter bulls---' https://www.nytimes.com/athletic/7057394/2026/02/19/toto-wolff-mercedes-engine-f1-denial/ The team principal called the debate a ""storm in a teacup"" at a news conference at the Bahrain International Circuit on Thursday. #Sports #News",2026-02-19 13:05:02+00:00,0,0,0,920
sports,"USA vs. Canada live updates: Winter Olympics 2026 women’s hockey gold medal game start time, stream, lineups and news https://www.nytimes.com/athletic/live-blogs/usa-vs-canada-live-score-womens-hockey-gold-medal-winter-olympics/2oxlnbLTdsUN/ Follow our live coverage as the United States and Canada face off for gold in the women's hockey tournament #Sports #News",2026-02-19 13:05:01+00:00,0,0,0,920
sports,"After college coaches were fired for cause, which ones returned to the sidelines? https://www.nytimes.com/athletic/7055150/2026/02/19/college-coaches-fired-cause-basketball-football/ What becomes of a coach once the harshest form of termination is imposed? History offers no uniform outcome. #Sports #News",2026-02-19 13:05:01+00:00,0,0,0,920
sports,"Jo Adell, Lawrence Butler and the best of the rest: Fantasy baseball outfield rundown, Part 2 https://www.nytimes.com/athletic/7041684/2026/02/19/fantasy-baseball-2026-outfield-preview-part-two/ Eno Sarris and Derek VanRiper continue their outfield preview ahead of the 2026 fantasy baseball season. #Sports #News",2026-02-19 13:05:01+00:00,0,0,0,920
sports,"Oh, the places you’ll never go…https://bergetoons.blogspot.com/2026/02/q-toon-off-limits.html#lgbtq #transgender #editorialcartoon #bathroombills #sports #SaveAct #Votersuppression #women #JDVance #obama",2026-02-19 12:50:16+00:00,0,1,0,20
sports,Canada coach Jon Cooper won't rule out Sidney Crosby's return for Olympic semifinal https://www.nytimes.com/athletic/7057293/2026/02/19/sidney-crosby-injury-update-olympics-hockey/ Crosby isn’t being ruled out of the Olympics by Team Canada but his status moving forward remains unclear. #Sports #News,2026-02-19 12:45:02+00:00,0,0,0,920
sports,Crosby not ruled out of Olympic semifinalCanada coach Jon Cooper has not ruled out captain Sidney Crosby for Friday's semifinal against Finland at the Milan Cortina Olympics.#hockey #olympics #MilanCortina #Sports #2026Olympics https://globalnews.ca/news/11673908/crosby-doesnt-skate-before-hockey-semifinal/,2026-02-19 12:44:07+00:00,0,0,0,235
sports,"Alabama-Arkansas delivers, Creighton stuns UConn, Peterson's injury saga and more college hoops https://www.nytimes.com/athletic/7057054/2026/02/19/arkansas-alabama-kansas-uconn-darryn-peterson/ Plus, bubble winners and losers of the night, BYU's ceiling is shrinking and Vanderbilt's comeback falls just shot. #Sports #News",2026-02-19 12:40:03+00:00,0,0,0,920
sports,2026 Olympic Games: Women's hockey rivals Canada and the U.S. will battle it out for gold#sports #competition https://www.cbc.ca/sports/olympics/winter/livestory/olympics-2026-milano-cortina-winter-olympic-games-day-13-team-canada-live-updates-9.7096243?cmp=rss,2026-02-19 12:40:03+00:00,0,0,0,26
sports,"Canada's Brad Jacobs falls to Norway ahead of Olympic curling semifinal rematchCanada's Brad Jacobs wrapped round-robin play with an 8-6 loss to Magnus Ramsfjell of Norway in men's Olympic curling on Thursday. The two teams will play again in the semifinals later on Thursday, while undefeated Switzerland will play Grea...#sports #curling #Olympics #Canada #Norway #WinterSportshttps://www.cbc.ca/sports/olympics/winter/curling/olympic-curling-canada-men-semifinals-february-18-9.7096862?cmp=rss",2026-02-19 12:37:31+00:00,0,0,0,501
sports,The Milan Cortina mascots are a huge Olympic hit. Meet one of the performers https://www.nytimes.com/athletic/7057297/2026/02/19/winter-olympics-mascots-performer-milo-tina/ Milo and Tina have been the breakout stars of these Olympics. Behind one of the mascot costumes is a 19-year-old student. #Sports #News,2026-02-19 12:35:02+00:00,0,0,0,920
sports,"Astros' Tatsuya Imai found a 'connection' with Ryan Weiss, who organized an impactful dinner https://www.nytimes.com/athletic/7056429/2026/02/19/houston-astros-tatsuya-imai-teammate-dinner/ Banter between the pitchers ranged from reliving shared experiences to answering some questions about the paths they’ve taken. #Sports #News",2026-02-19 12:35:02+00:00,0,0,0,920
sports,"If Erling Haaland is injured, who are the best captaincy options in Fantasy Premier League? https://www.nytimes.com/athletic/7055189/2026/02/19/fantasy-premier-league-erling-haaland-injury-gameweek-27-tips/ For much of the season, the City striker has been the default armband choice. However, a potential absence allows FPL managers to reassess #Sports #News",2026-02-19 12:35:02+00:00,0,0,0,920
sports,"After 4 years of physical and emotional pain, prospect Daniel Espino is ready to debut https://www.nytimes.com/athletic/7051419/2026/02/19/cleveland-guardians-daniel-espino-comeback-journey/ Daniel Espino went from a can’t-miss prospect piling up strikeouts to a lost soul mired in the Arizona desert. #Sports #News",2026-02-19 12:35:02+00:00,0,0,0,920
sports,"Draft 'The Kyles': Tucker, Schwarber are early-round fantasy baseball gold https://www.nytimes.com/athletic/7052845/2026/02/19/fantasy-baseball-first-five-rounds-draft/ John Laghezza provides a blueprint for drafting in the first five rounds ahead of the 2026 fantasy baseball season. #Sports #News",2026-02-19 12:35:02+00:00,0,0,0,920
sports,"Olympic men's hockey semifinals: Breaking down Canada vs. Finland, USA vs. Slovakia https://www.nytimes.com/athletic/7057266/2026/02/19/olympics-mens-hockey-semifinals-canada-usa-matchups/ The men's hockey semifinals are set. Here's a look at both of Friday's matchups, with Canada facing Finland and the U.S. facing Slovakia. #Sports #News",2026-02-19 12:30:04+00:00,0,0,0,920
sports,From 98% Win Probability to Calamity: Arsenal Slip-Up at Wolves Suggests Gunners Feeling the Pressure Againhttps://theanalyst.com/articles/arsenal-collapse-wolves-2-2-stats-analysis #sports #supercomputer,2026-02-19 12:30:04+00:00,0,0,0,7
sports,ミラノ五輪カーリング女子が最下位敗退で「選考基準」に疑問符、始まっていた“テコ入れ”（週刊女性PRIME） – Yahoo!ニュース https://www.yayafa.com/2727901/ #Sports #スポーツ,2026-02-19 12:26:06+00:00,0,0,0,90
sports,"Removing Goalposts, Stoppage-Time, Set-Pieces: Six Alternative Premier League Tableshttps://theanalyst.com/articles/premier-league-alternative-tables-stats #sports #supercomputer",2026-02-19 12:15:02+00:00,0,0,0,7
sports,"Daniil Medvedev, Stefanos Tsitsipas and how a tennis rivalry full of needle grew weary https://www.nytimes.com/athletic/7055123/2026/02/19/tennis-rivalry-medvedev-tsitsipas-history/ Two players who have delivered some memorable on-court clashes have slowly become emblems of a sport passing them by. #Sports #News",2026-02-19 12:15:02+00:00,0,0,0,920
sports,"Éric Chelle Signs With New Management Agency: Nigeria national football team head coach Éric Chelle has signed with a new management agency, according to Daily Post Nigeria. Chelle recently ended his relationship with agent Abraham Sidibe, who facilitated his appointment as Super Eagles head coach. The Malian tactician boosted his profile after guiding Nigeria to a third-place finish at the 2025 Africa […] http://dlvr.it/TR2xHl #Sports #Football",2026-02-19 12:12:16.842000+00:00,0,0,0,51
sports,"Phillies roster projection 1.0: Filling out the bullpen and bench https://www.nytimes.com/athletic/7055719/2026/02/19/phillies-roster-projection-opening-day-2026/ In the estimation of club officials, the Phillies have four undecided roster spots. Here's our initial projection — and what to watch. #Sports #News",2026-02-19 12:05:02+00:00,0,0,0,920
sports,"What I’m seeing at Tigers spring training: Justin Verlander, Kevin McGonigle and more https://www.nytimes.com/athletic/7056275/2026/02/19/detroit-tigers-spring-training-verlander-mcgonigle/ The most important sights, sounds and swing changes from the first week of Tigers spring training. #Sports #News",2026-02-19 12:05:02+00:00,0,0,0,920
sports,"Tigers vs. Red Sox: Which American League rotation reigns supreme? https://www.nytimes.com/athletic/7036898/2026/02/19/red-sox-tigers-american-league-best-rotation/ After some high-profile offseason additions, does Boston or Detroit hold the edge? Eno Sarris took a look at the head-to-head matchups. #Sports #News",2026-02-19 12:05:02+00:00,0,0,0,920
sports,"As Red Wings return for home stretch, what will decide their playoff fate? https://www.nytimes.com/athletic/7054065/2026/02/19/detroit-red-wings-olympics-playoff-race/ The Red Wings will need to figure out their five-on-five offense, keep up their strong goaltending and have a few other things go right. #Sports #News",2026-02-19 12:05:02+00:00,0,0,0,920
sports,"Giants roster projection 1.0: Will the time be right for Bryce Eldridge and/or Hayden Birdsong? https://www.nytimes.com/athletic/7056542/2026/02/19/san-francisco-giants-roster-projection-1-eldridge-birdsong/ Before the exhibitions begin, here's a preliminary look at the locks, the likelihoods and the fuzzy incumbents. #Sports #News",2026-02-19 12:05:02+00:00,0,0,0,920
sports,The Alternative Premier League Table: No 27 - Crosses https://www.nytimes.com/athletic/7055554/2026/02/19/the-alternative-premier-league-table-no-27-crosses/ This week's table looks at the impact each side has had from crossing so far this season #Sports #News,2026-02-19 12:05:02+00:00,0,0,0,920
sports,"Once again, Joel Embiid's health is one of many looming questions facing the Sixers https://www.nytimes.com/athletic/7057066/2026/02/19/joel-embiid-sixers-health-questions/ Embiid will miss Philadelphia's first game out of the All-Star break Thursday, the third straight he'll sit out with a sore right shin. #Sports #News",2026-02-19 12:05:02+00:00,0,0,0,920
sports,"This Week in Sports Trivia: February 19, 2026 https://www.nytimes.com/athletic/7055593/2026/02/19/this-week-in-sports-trivia-february-19-2026/ How closely were you following the sports news this week? Find out and test your knowledge by taking The Athletic's weekly quiz. #Sports #News",2026-02-19 12:05:02+00:00,0,0,0,920
sports,"Nick Foligno committed to Blackhawks but unsure how personal future will unfold https://www.nytimes.com/athletic/7055873/2026/02/19/nick-foligno-blackhawks-trade-deadline-future-contract/ The Blackhawks captain is excited for a four-game road trip to kick off the rest of the season, enjoying what he has while it lasts. #Sports #News",2026-02-19 12:05:02+00:00,0,0,0,920
sports,Canada’s Jacobs falls to Norway in curlingCanada's Brad Jacobs wrapped round-robin play with an 8-6 loss to Magnus Ramsfjell of Norway in men's Olympic curling on Thursday.#sports #curling #olympics #Canada #2026Olympics https://globalnews.ca/news/11673886/canadas-jacobs-falls-to-norway-in-curling/,2026-02-19 11:59:02+00:00,0,1,0,235
sports,Has Wolves teen tilted title race away from Arsenal? Plus: World Cup base camp battle https://www.nytimes.com/athletic/7057216/2026/02/19/arsenal-wolves-edozie-premier-league/ Today in TAFC: Meet the teen that might just have tilted the title race towards Man City. Plus: Battle over World Cup base camps. #Sports #News,2026-02-19 11:55:02+00:00,0,0,0,920
sports,AKゴルフアカデミー #1 [Guest：亀梨和也] https://www.vivizine.com/1134439/ #03Performance #69 #ak #AK69 #ak69 #alba #BOSS #Candee #carz #ChakiZulu #DaikiBlunt #DjHonda #DjRyow #dopeonigiri #eric.b.jr #FlyingB #IllBosstino #JREXXX #johnnys #Mari #MyGs #NewYork #RAP #RedEye #rommymontana #SEEDA #Sports #THEHOPE #UVERworld #vlot #WATSON #YUTO #ZOTOnTheWAVE #アスリート #ジャニーズ #スポーツ #タイプライター #チーム友達 #亀梨和也 #井岡一翔 #紅桜,2026-02-19 11:41:07+00:00,0,0,0,24
sports,"At the Winter Olympics, full gender equality remains a work in progress https://www.nytimes.com/athletic/7052978/2026/02/19/winter-olympics-gender-equality-skiing-biathlon/ The IOC has made strides toward gender equality, but many of the competition formats aren't there yet. Some think that's just fine. #Sports #News",2026-02-19 11:40:03+00:00,0,0,0,920
sports,Crosby doesn’t skate before hockey semifinalSidney Crosby was not on the ice for Canada's optional practice Thursday ahead of the men's hockey semifinals at the Milan Cortina Olympics.#hockey #olympics #MilanCortina #Sports #2026Olympics https://globalnews.ca/news/11673908/crosby-doesnt-skate-before-hockey-semifinal/,2026-02-19 11:38:02+00:00,0,0,0,532
sports,"Philippe Coutinho says he is 'mentally exhausted', announces Vasco da Gama departure https://www.nytimes.com/athletic/7057235/2026/02/19/philippe-coutinho-brazil-vasco-da-gama/ The 33-year-old's contract was due to run until June. #Sports #News",2026-02-19 11:30:04+00:00,0,0,0,920
sports,"Chase Briscoe on Atlanta bathrooms and being a helicopter parent: 12 Questions https://www.nytimes.com/athletic/7055322/2026/02/19/chase-briscoe-nascar-kevin-harvick-12-questions/ Each week, The Athletic asks the same 12 questions to a different race-car driver. #Sports #News",2026-02-19 11:20:03+00:00,0,0,0,920
sports,"Eileen Gu's Perfect Clapback to Reporter Who Asked If Her Olympic Silver Medals Were a Disappointment Goes Viral
https://fed.brid.gy/r/https://people.com/eileen-gu-clapback-reporter-silver-medals-disappointment-goes-viral-2026-winter-olympics-11909484",2026-02-19 11:03:53+00:00,0,0,0,322
sports,Chicago Bears big board 1.0: Which defensive players could be in play in Rounds 1-3? https://www.nytimes.com/athletic/7053245/2026/02/19/bears-nfl-draft-big-board-defense/ The Bears figure to be very active on defense in the 2026 draft. Our first big board goes through some options for them in Rounds 1-3. #Sports #News,2026-02-19 11:10:04+00:00,0,0,0,920
sports,"Kaila Kuhn was 'paralyzed by fear' of jumping 50ft at the Olympics so she turned to hypnosis https://www.nytimes.com/athletic/7057164/2026/02/19/kaila-kuhn-aerials-hypnosis-winter-olympics/ Kaila Kuhn knew she had to up her difficulty level to have a chance of winning an Olympic medal, but with that came problems. #Sports #News",2026-02-19 11:10:04+00:00,0,0,0,920
sports,Knicks' plan for Jeremy Sochan might impact rookie Mo Diawara's progress https://www.nytimes.com/athletic/7055885/2026/02/19/knicks-jeremy-sochan-mo-diawara-time/ Knicks coach Mike Brown is going to find out what he has in Jeremy Sochan. #Sports #News,2026-02-19 11:10:04+00:00,0,0,0,920
sports,"Poor weather forces Milano Cortina Olympic organizers to rejig schedule in LivignoPoor weather has forced Milan Cortina Olympic organizers to once again rejig the schedule in Livigno. Men's freestyle skiing aerials qualifying, originally scheduled for Tuesday and then pushed back to Thursday, as well as the final will now b...#weather #Olympics #MilanoCortina #Livigno #Sports #WinterSportshttps://www.cbc.ca/sports/olympics/winter/snowboard/olympics-aerials-postponed-weather-9.7096950?cmp=rss",2026-02-19 11:09:19+00:00,0,0,0,50
sports,Why Christian Parker is the teacher Brian Schottenheimer was looking for as Cowboys DC https://www.nytimes.com/athletic/7056834/2026/02/19/cowboys-christian-parker-defensive-coordinator-schottenheimer/ Parker says stopping the run and affecting the quarterback are his top core beliefs with the defense. #Sports #News,2026-02-19 11:05:03+00:00,0,0,0,920
sports,"How to watch 2026 Genesis Invitational: Tee times, TV info for PGA Tour's Riviera return https://www.nytimes.com/athletic/7054045/2026/02/19/genesis-invitational-2026-tee-times-how-to-watch/ The PGA Tour returns to Riviera Country Club, one year after the Palisades fire. Collin Morikawa was last weekend's winner at Pebble Beach. #Sports #News",2026-02-19 11:05:03+00:00,0,0,0,920
sports,Panthers roster analysis: Trade options and extension candidates before free agency https://www.nytimes.com/athletic/7056217/2026/02/19/panthers-roster-analysis-free-agency/ The Panthers aren’t flush with free-agency capital. They currently have $12.95 million in salary-cap space. #Sports #News,2026-02-19 11:05:03+00:00,0,0,0,920
